crsys.isys 3
qnsym_init isys 3 n 5 N 5
shape (20, 5, 5)
# 1
[  0  1  0  0  0]
[  0  0  1  0  0]
[  0  0  0  1  0]
[ -1 -1 -1 -1  0]
[  0  0  0  0  1]
 
# 2
[  0  0  0  1  0]
[  0  0  1  0  0]
[  0  1  0  0  0]
[  1  0  0  0  0]
[  0  0  0  0  1]
 
# 3
[ -1  0  0  0  0]
[  0 -1  0  0  0]
[  0  0 -1  0  0]
[  0  0  0 -1  0]
[  0  0  0  0 -1]
 
ms.shape (20, 5, 5)
ms.shape (20, 2, 2)
ms.shape (20, 2, 2)
mpltbl 1st block
  0  1  2  3  4  5  6  7  8  9
  1  2  3  4  0  9  5  6  7  8
  2  3  4  0  1  8  9  5  6  7
  3  4  0  1  2  7  8  9  5  6
  4  0  1  2  3  6  7  8  9  5
  5  6  7  8  9  0  1  2  3  4
  6  7  8  9  5  4  0  1  2  3
  7  8  9  5  6  3  4  0  1  2
  8  9  5  6  7  2  3  4  0  1
  9  5  6  7  8  1  2  3  4  0
mpltbl 2nd block
 10 11 12 13 14 15 16 17 18 19
 11 12 13 14 10 19 15 16 17 18
 12 13 14 10 11 18 19 15 16 17
 13 14 10 11 12 17 18 19 15 16
 14 10 11 12 13 16 17 18 19 15
 15 16 17 18 19 10 11 12 13 14
 16 17 18 19 15 14 10 11 12 13
 17 18 19 15 16 13 14 10 11 12
 18 19 15 16 17 12 13 14 10 11
 19 15 16 17 18 11 12 13 14 10
# 1
[  1  0  0  0  0]
[  0  1  0  0  0]
[  0  0  1  0  0]
[  0  0  0  1  0]
[  0  0  0  0  1]
 
# 2
[  0  1  0  0  0]
[  0  0  1  0  0]
[  0  0  0  1  0]
[ -1 -1 -1 -1  0]
[  0  0  0  0  1]
 
# 3
[  0  0  1  0  0]
[  0  0  0  1  0]
[ -1 -1 -1 -1  0]
[  1  0  0  0  0]
[  0  0  0  0  1]
 
# 4
[  0  0  0  1  0]
[ -1 -1 -1 -1  0]
[  1  0  0  0  0]
[  0  1  0  0  0]
[  0  0  0  0  1]
 
# 5
[ -1 -1 -1 -1  0]
[  1  0  0  0  0]
[  0  1  0  0  0]
[  0  0  1  0  0]
[  0  0  0  0  1]
 
# 6
[  0  0  0  1  0]
[  0  0  1  0  0]
[  0  1  0  0  0]
[  1  0  0  0  0]
[  0  0  0  0  1]
 
# 7
[ -1 -1 -1 -1  0]
[  0  0  0  1  0]
[  0  0  1  0  0]
[  0  1  0  0  0]
[  0  0  0  0  1]
 
# 8
[  1  0  0  0  0]
[ -1 -1 -1 -1  0]
[  0  0  0  1  0]
[  0  0  1  0  0]
[  0  0  0  0  1]
 
# 9
[  0  1  0  0  0]
[  1  0  0  0  0]
[ -1 -1 -1 -1  0]
[  0  0  0  1  0]
[  0  0  0  0  1]
 
# 10
[  0  0  1  0  0]
[  0  1  0  0  0]
[  1  0  0  0  0]
[ -1 -1 -1 -1  0]
[  0  0  0  0  1]
 
# 11
[ -1  0  0  0  0]
[  0 -1  0  0  0]
[  0  0 -1  0  0]
[  0  0  0 -1  0]
[  0  0  0  0 -1]
 
# 12
[  0 -1  0  0  0]
[  0  0 -1  0  0]
[  0  0  0 -1  0]
[  1  1  1  1  0]
[  0  0  0  0 -1]
 
# 13
[  0  0 -1  0  0]
[  0  0  0 -1  0]
[  1  1  1  1  0]
[ -1  0  0  0  0]
[  0  0  0  0 -1]
 
# 14
[  0  0  0 -1  0]
[  1  1  1  1  0]
[ -1  0  0  0  0]
[  0 -1  0  0  0]
[  0  0  0  0 -1]
 
# 15
[  1  1  1  1  0]
[ -1  0  0  0  0]
[  0 -1  0  0  0]
[  0  0 -1  0  0]
[  0  0  0  0 -1]
 
# 16
[  0  0  0 -1  0]
[  0  0 -1  0  0]
[  0 -1  0  0  0]
[ -1  0  0  0  0]
[  0  0  0  0 -1]
 
# 17
[  1  1  1  1  0]
[  0  0  0 -1  0]
[  0  0 -1  0  0]
[  0 -1  0  0  0]
[  0  0  0  0 -1]
 
# 18
[ -1  0  0  0  0]
[  1  1  1  1  0]
[  0  0  0 -1  0]
[  0  0 -1  0  0]
[  0  0  0  0 -1]
 
# 19
[  0 -1  0  0  0]
[ -1  0  0  0  0]
[  1  1  1  1  0]
[  0  0  0 -1  0]
[  0  0  0  0 -1]
 
# 20
[  0  0 -1  0  0]
[  0 -1  0  0  0]
[ -1  0  0  0  0]
[  1  1  1  1  0]
[  0  0  0  0 -1]
 
nr 20
r_qn
r_qn[0]
[ [1 0 1] [0 0 1] [0 0 1] [0 0 1] [0 0 1] ]
[ [0 0 1] [1 0 1] [0 0 1] [0 0 1] [0 0 1] ]
[ [0 0 1] [0 0 1] [1 0 1] [0 0 1] [0 0 1] ]
[ [0 0 1] [0 0 1] [0 0 1] [1 0 1] [0 0 1] ]
[ [0 0 1] [0 0 1] [0 0 1] [0 0 1] [1 0 1] ]

r_qn[1]
[ [-1  1  4] [1 0 2] [0 0 1] [0 0 1] [0 0 1] ]
[ [-5 -1  4] [-1  1  4] [0 0 1] [0 0 1] [0 0 1] ]
[ [0 0 1] [0 0 1] [-1 -1  4] [-1  1  4] [0 0 1] ]
[ [0 0 1] [0 0 1] [ 0 -1  2] [-1 -1  4] [0 0 1] ]
[ [0 0 1] [0 0 1] [0 0 1] [0 0 1] [1 0 1] ]

r_qn[2]
[ [-1 -1  4] [-1  1  4] [0 0 1] [0 0 1] [0 0 1] ]
[ [ 0 -1  2] [-1 -1  4] [0 0 1] [0 0 1] [0 0 1] ]
[ [0 0 1] [0 0 1] [-1  1  4] [-1  0  2] [0 0 1] ]
[ [0 0 1] [0 0 1] [5 1 4] [-1  1  4] [0 0 1] ]
[ [0 0 1] [0 0 1] [0 0 1] [0 0 1] [1 0 1] ]

r_qn[3]
[ [-1 -1  4] [ 1 -1  4] [0 0 1] [0 0 1] [0 0 1] ]
[ [0 1 2] [-1 -1  4] [0 0 1] [0 0 1] [0 0 1] ]
[ [0 0 1] [0 0 1] [-1  1  4] [1 0 2] [0 0 1] ]
[ [0 0 1] [0 0 1] [-5 -1  4] [-1  1  4] [0 0 1] ]
[ [0 0 1] [0 0 1] [0 0 1] [0 0 1] [1 0 1] ]

r_qn[4]
[ [-1  1  4] [-1  0  2] [0 0 1] [0 0 1] [0 0 1] ]
[ [5 1 4] [-1  1  4] [0 0 1] [0 0 1] [0 0 1] ]
[ [0 0 1] [0 0 1] [-1 -1  4] [ 1 -1  4] [0 0 1] ]
[ [0 0 1] [0 0 1] [0 1 2] [-1 -1  4] [0 0 1] ]
[ [0 0 1] [0 0 1] [0 0 1] [0 0 1] [1 0 1] ]

r_qn[5]
[ [1 0 1] [0 0 1] [0 0 1] [0 0 1] [0 0 1] ]
[ [0 0 1] [-1  0  1] [0 0 1] [0 0 1] [0 0 1] ]
[ [0 0 1] [0 0 1] [1 0 1] [0 0 1] [0 0 1] ]
[ [0 0 1] [0 0 1] [0 0 1] [-1  0  1] [0 0 1] ]
[ [0 0 1] [0 0 1] [0 0 1] [0 0 1] [1 0 1] ]

r_qn[6]
[ [-1  1  4] [1 0 2] [0 0 1] [0 0 1] [0 0 1] ]
[ [5 1 4] [ 1 -1  4] [0 0 1] [0 0 1] [0 0 1] ]
[ [0 0 1] [0 0 1] [-1 -1  4] [-1  1  4] [0 0 1] ]
[ [0 0 1] [0 0 1] [0 1 2] [1 1 4] [0 0 1] ]
[ [0 0 1] [0 0 1] [0 0 1] [0 0 1] [1 0 1] ]

r_qn[7]
[ [-1 -1  4] [-1  1  4] [0 0 1] [0 0 1] [0 0 1] ]
[ [0 1 2] [1 1 4] [0 0 1] [0 0 1] [0 0 1] ]
[ [0 0 1] [0 0 1] [-1  1  4] [-1  0  2] [0 0 1] ]
[ [0 0 1] [0 0 1] [-5 -1  4] [ 1 -1  4] [0 0 1] ]
[ [0 0 1] [0 0 1] [0 0 1] [0 0 1] [1 0 1] ]

r_qn[8]
[ [-1 -1  4] [ 1 -1  4] [0 0 1] [0 0 1] [0 0 1] ]
[ [ 0 -1  2] [1 1 4] [0 0 1] [0 0 1] [0 0 1] ]
[ [0 0 1] [0 0 1] [-1  1  4] [1 0 2] [0 0 1] ]
[ [0 0 1] [0 0 1] [5 1 4] [ 1 -1  4] [0 0 1] ]
[ [0 0 1] [0 0 1] [0 0 1] [0 0 1] [1 0 1] ]

r_qn[9]
[ [-1  1  4] [-1  0  2] [0 0 1] [0 0 1] [0 0 1] ]
[ [-5 -1  4] [ 1 -1  4] [0 0 1] [0 0 1] [0 0 1] ]
[ [0 0 1] [0 0 1] [-1 -1  4] [ 1 -1  4] [0 0 1] ]
[ [0 0 1] [0 0 1] [ 0 -1  2] [1 1 4] [0 0 1] ]
[ [0 0 1] [0 0 1] [0 0 1] [0 0 1] [1 0 1] ]

r_qn[10]
[ [-1  0  1] [0 0 1] [0 0 1] [0 0 1] [0 0 1] ]
[ [0 0 1] [-1  0  1] [0 0 1] [0 0 1] [0 0 1] ]
[ [0 0 1] [0 0 1] [-1  0  1] [0 0 1] [0 0 1] ]
[ [0 0 1] [0 0 1] [0 0 1] [-1  0  1] [0 0 1] ]
[ [0 0 1] [0 0 1] [0 0 1] [0 0 1] [-1  0  1] ]

r_qn[11]
[ [ 1 -1  4] [-1  0  2] [0 0 1] [0 0 1] [0 0 1] ]
[ [5 1 4] [ 1 -1  4] [0 0 1] [0 0 1] [0 0 1] ]
[ [0 0 1] [0 0 1] [1 1 4] [ 1 -1  4] [0 0 1] ]
[ [0 0 1] [0 0 1] [0 1 2] [1 1 4] [0 0 1] ]
[ [0 0 1] [0 0 1] [0 0 1] [0 0 1] [-1  0  1] ]

r_qn[12]
[ [1 1 4] [ 1 -1  4] [0 0 1] [0 0 1] [0 0 1] ]
[ [0 1 2] [1 1 4] [0 0 1] [0 0 1] [0 0 1] ]
[ [0 0 1] [0 0 1] [ 1 -1  4] [1 0 2] [0 0 1] ]
[ [0 0 1] [0 0 1] [-5 -1  4] [ 1 -1  4] [0 0 1] ]
[ [0 0 1] [0 0 1] [0 0 1] [0 0 1] [-1  0  1] ]

r_qn[13]
[ [1 1 4] [-1  1  4] [0 0 1] [0 0 1] [0 0 1] ]
[ [ 0 -1  2] [1 1 4] [0 0 1] [0 0 1] [0 0 1] ]
[ [0 0 1] [0 0 1] [ 1 -1  4] [-1  0  2] [0 0 1] ]
[ [0 0 1] [0 0 1] [5 1 4] [ 1 -1  4] [0 0 1] ]
[ [0 0 1] [0 0 1] [0 0 1] [0 0 1] [-1  0  1] ]

r_qn[14]
[ [ 1 -1  4] [1 0 2] [0 0 1] [0 0 1] [0 0 1] ]
[ [-5 -1  4] [ 1 -1  4] [0 0 1] [0 0 1] [0 0 1] ]
[ [0 0 1] [0 0 1] [1 1 4] [-1  1  4] [0 0 1] ]
[ [0 0 1] [0 0 1] [ 0 -1  2] [1 1 4] [0 0 1] ]
[ [0 0 1] [0 0 1] [0 0 1] [0 0 1] [-1  0  1] ]

r_qn[15]
[ [-1  0  1] [0 0 1] [0 0 1] [0 0 1] [0 0 1] ]
[ [0 0 1] [1 0 1] [0 0 1] [0 0 1] [0 0 1] ]
[ [0 0 1] [0 0 1] [-1  0  1] [0 0 1] [0 0 1] ]
[ [0 0 1] [0 0 1] [0 0 1] [1 0 1] [0 0 1] ]
[ [0 0 1] [0 0 1] [0 0 1] [0 0 1] [-1  0  1] ]

r_qn[16]
[ [ 1 -1  4] [-1  0  2] [0 0 1] [0 0 1] [0 0 1] ]
[ [-5 -1  4] [-1  1  4] [0 0 1] [0 0 1] [0 0 1] ]
[ [0 0 1] [0 0 1] [1 1 4] [ 1 -1  4] [0 0 1] ]
[ [0 0 1] [0 0 1] [ 0 -1  2] [-1 -1  4] [0 0 1] ]
[ [0 0 1] [0 0 1] [0 0 1] [0 0 1] [-1  0  1] ]

r_qn[17]
[ [1 1 4] [ 1 -1  4] [0 0 1] [0 0 1] [0 0 1] ]
[ [ 0 -1  2] [-1 -1  4] [0 0 1] [0 0 1] [0 0 1] ]
[ [0 0 1] [0 0 1] [ 1 -1  4] [1 0 2] [0 0 1] ]
[ [0 0 1] [0 0 1] [5 1 4] [-1  1  4] [0 0 1] ]
[ [0 0 1] [0 0 1] [0 0 1] [0 0 1] [-1  0  1] ]

r_qn[18]
[ [1 1 4] [-1  1  4] [0 0 1] [0 0 1] [0 0 1] ]
[ [0 1 2] [-1 -1  4] [0 0 1] [0 0 1] [0 0 1] ]
[ [0 0 1] [0 0 1] [ 1 -1  4] [-1  0  2] [0 0 1] ]
[ [0 0 1] [0 0 1] [-5 -1  4] [-1  1  4] [0 0 1] ]
[ [0 0 1] [0 0 1] [0 0 1] [0 0 1] [-1  0  1] ]

r_qn[19]
[ [ 1 -1  4] [1 0 2] [0 0 1] [0 0 1] [0 0 1] ]
[ [5 1 4] [-1  1  4] [0 0 1] [0 0 1] [0 0 1] ]
[ [0 0 1] [0 0 1] [1 1 4] [-1  1  4] [0 0 1] ]
[ [0 0 1] [0 0 1] [0 1 2] [-1 -1  4] [0 0 1] ]
[ [0 0 1] [0 0 1] [0 0 1] [0 0 1] [-1  0  1] ]

nr 20
r_qn_e
r_qn_e[0]
[ [1 0 1] [0 0 1] ]
[ [0 0 1] [1 0 1] ]

r_qn_e[1]
[ [-1  1  4] [1 0 2] ]
[ [-5 -1  4] [-1  1  4] ]

r_qn_e[2]
[ [-1 -1  4] [-1  1  4] ]
[ [ 0 -1  2] [-1 -1  4] ]

r_qn_e[3]
[ [-1 -1  4] [ 1 -1  4] ]
[ [0 1 2] [-1 -1  4] ]

r_qn_e[4]
[ [-1  1  4] [-1  0  2] ]
[ [5 1 4] [-1  1  4] ]

r_qn_e[5]
[ [1 0 1] [0 0 1] ]
[ [0 0 1] [-1  0  1] ]

r_qn_e[6]
[ [-1  1  4] [1 0 2] ]
[ [5 1 4] [ 1 -1  4] ]

r_qn_e[7]
[ [-1 -1  4] [-1  1  4] ]
[ [0 1 2] [1 1 4] ]

r_qn_e[8]
[ [-1 -1  4] [ 1 -1  4] ]
[ [ 0 -1  2] [1 1 4] ]

r_qn_e[9]
[ [-1  1  4] [-1  0  2] ]
[ [-5 -1  4] [ 1 -1  4] ]

r_qn_e[10]
[ [-1  0  1] [0 0 1] ]
[ [0 0 1] [-1  0  1] ]

r_qn_e[11]
[ [ 1 -1  4] [-1  0  2] ]
[ [5 1 4] [ 1 -1  4] ]

r_qn_e[12]
[ [1 1 4] [ 1 -1  4] ]
[ [0 1 2] [1 1 4] ]

r_qn_e[13]
[ [1 1 4] [-1  1  4] ]
[ [ 0 -1  2] [1 1 4] ]

r_qn_e[14]
[ [ 1 -1  4] [1 0 2] ]
[ [-5 -1  4] [ 1 -1  4] ]

r_qn_e[15]
[ [-1  0  1] [0 0 1] ]
[ [0 0 1] [1 0 1] ]

r_qn_e[16]
[ [ 1 -1  4] [-1  0  2] ]
[ [-5 -1  4] [-1  1  4] ]

r_qn_e[17]
[ [1 1 4] [ 1 -1  4] ]
[ [ 0 -1  2] [-1 -1  4] ]

r_qn_e[18]
[ [1 1 4] [-1  1  4] ]
[ [0 1 2] [-1 -1  4] ]

r_qn_e[19]
[ [ 1 -1  4] [1 0 2] ]
[ [5 1 4] [-1  1  4] ]

shape (20, 5, 5)
# 1
[  0  1  0  0  0]
[  0  0  1  0  0]
[  0  0  0  1  0]
[ -1 -1 -1 -1  0]
[  0  0  0  0  1]
 
# 2
[  0  0  0  1  0]
[  0  0  1  0  0]
[  0  1  0  0  0]
[  1  0  0  0  0]
[  0  0  0  0  1]
 
# 3
[ -1  0  0  0  0]
[  0 -1  0  0  0]
[  0  0 -1  0  0]
[  0  0  0 -1  0]
[  0  0  0  0 -1]
 
ms.shape (20, 5, 5)
ms.shape (20, 2, 2)
ms.shape (20, 2, 2)
mpltbl 1st block
  0  1  2  3  4  5  6  7  8  9
  1  2  3  4  0  9  5  6  7  8
  2  3  4  0  1  8  9  5  6  7
  3  4  0  1  2  7  8  9  5  6
  4  0  1  2  3  6  7  8  9  5
  5  6  7  8  9  0  1  2  3  4
  6  7  8  9  5  4  0  1  2  3
  7  8  9  5  6  3  4  0  1  2
  8  9  5  6  7  2  3  4  0  1
  9  5  6  7  8  1  2  3  4  0
mpltbl 2nd block
 10 11 12 13 14 15 16 17 18 19
 11 12 13 14 10 19 15 16 17 18
 12 13 14 10 11 18 19 15 16 17
 13 14 10 11 12 17 18 19 15 16
 14 10 11 12 13 16 17 18 19 15
 15 16 17 18 19 10 11 12 13 14
 16 17 18 19 15 14 10 11 12 13
 17 18 19 15 16 13 14 10 11 12
 18 19 15 16 17 12 13 14 10 11
 19 15 16 17 18 11 12 13 14 10
nr 20
Deca r_qn
r_qn[0]
[ [1 0 1] [0 0 1] [0 0 1] [0 0 1] [0 0 1] ]
[ [0 0 1] [1 0 1] [0 0 1] [0 0 1] [0 0 1] ]
[ [0 0 1] [0 0 1] [1 0 1] [0 0 1] [0 0 1] ]
[ [0 0 1] [0 0 1] [0 0 1] [1 0 1] [0 0 1] ]
[ [0 0 1] [0 0 1] [0 0 1] [0 0 1] [1 0 1] ]

r_qn[1]
[ [-1  1  4] [1 0 2] [0 0 1] [0 0 1] [0 0 1] ]
[ [-5 -1  4] [-1  1  4] [0 0 1] [0 0 1] [0 0 1] ]
[ [0 0 1] [0 0 1] [-1 -1  4] [-1  1  4] [0 0 1] ]
[ [0 0 1] [0 0 1] [ 0 -1  2] [-1 -1  4] [0 0 1] ]
[ [0 0 1] [0 0 1] [0 0 1] [0 0 1] [1 0 1] ]

r_qn[2]
[ [-1 -1  4] [-1  1  4] [0 0 1] [0 0 1] [0 0 1] ]
[ [ 0 -1  2] [-1 -1  4] [0 0 1] [0 0 1] [0 0 1] ]
[ [0 0 1] [0 0 1] [-1  1  4] [-1  0  2] [0 0 1] ]
[ [0 0 1] [0 0 1] [5 1 4] [-1  1  4] [0 0 1] ]
[ [0 0 1] [0 0 1] [0 0 1] [0 0 1] [1 0 1] ]

r_qn[3]
[ [-1 -1  4] [ 1 -1  4] [0 0 1] [0 0 1] [0 0 1] ]
[ [0 1 2] [-1 -1  4] [0 0 1] [0 0 1] [0 0 1] ]
[ [0 0 1] [0 0 1] [-1  1  4] [1 0 2] [0 0 1] ]
[ [0 0 1] [0 0 1] [-5 -1  4] [-1  1  4] [0 0 1] ]
[ [0 0 1] [0 0 1] [0 0 1] [0 0 1] [1 0 1] ]

r_qn[4]
[ [-1  1  4] [-1  0  2] [0 0 1] [0 0 1] [0 0 1] ]
[ [5 1 4] [-1  1  4] [0 0 1] [0 0 1] [0 0 1] ]
[ [0 0 1] [0 0 1] [-1 -1  4] [ 1 -1  4] [0 0 1] ]
[ [0 0 1] [0 0 1] [0 1 2] [-1 -1  4] [0 0 1] ]
[ [0 0 1] [0 0 1] [0 0 1] [0 0 1] [1 0 1] ]

r_qn[5]
[ [1 0 1] [0 0 1] [0 0 1] [0 0 1] [0 0 1] ]
[ [0 0 1] [-1  0  1] [0 0 1] [0 0 1] [0 0 1] ]
[ [0 0 1] [0 0 1] [1 0 1] [0 0 1] [0 0 1] ]
[ [0 0 1] [0 0 1] [0 0 1] [-1  0  1] [0 0 1] ]
[ [0 0 1] [0 0 1] [0 0 1] [0 0 1] [1 0 1] ]

r_qn[6]
[ [-1  1  4] [1 0 2] [0 0 1] [0 0 1] [0 0 1] ]
[ [5 1 4] [ 1 -1  4] [0 0 1] [0 0 1] [0 0 1] ]
[ [0 0 1] [0 0 1] [-1 -1  4] [-1  1  4] [0 0 1] ]
[ [0 0 1] [0 0 1] [0 1 2] [1 1 4] [0 0 1] ]
[ [0 0 1] [0 0 1] [0 0 1] [0 0 1] [1 0 1] ]

r_qn[7]
[ [-1 -1  4] [-1  1  4] [0 0 1] [0 0 1] [0 0 1] ]
[ [0 1 2] [1 1 4] [0 0 1] [0 0 1] [0 0 1] ]
[ [0 0 1] [0 0 1] [-1  1  4] [-1  0  2] [0 0 1] ]
[ [0 0 1] [0 0 1] [-5 -1  4] [ 1 -1  4] [0 0 1] ]
[ [0 0 1] [0 0 1] [0 0 1] [0 0 1] [1 0 1] ]

r_qn[8]
[ [-1 -1  4] [ 1 -1  4] [0 0 1] [0 0 1] [0 0 1] ]
[ [ 0 -1  2] [1 1 4] [0 0 1] [0 0 1] [0 0 1] ]
[ [0 0 1] [0 0 1] [-1  1  4] [1 0 2] [0 0 1] ]
[ [0 0 1] [0 0 1] [5 1 4] [ 1 -1  4] [0 0 1] ]
[ [0 0 1] [0 0 1] [0 0 1] [0 0 1] [1 0 1] ]

r_qn[9]
[ [-1  1  4] [-1  0  2] [0 0 1] [0 0 1] [0 0 1] ]
[ [-5 -1  4] [ 1 -1  4] [0 0 1] [0 0 1] [0 0 1] ]
[ [0 0 1] [0 0 1] [-1 -1  4] [ 1 -1  4] [0 0 1] ]
[ [0 0 1] [0 0 1] [ 0 -1  2] [1 1 4] [0 0 1] ]
[ [0 0 1] [0 0 1] [0 0 1] [0 0 1] [1 0 1] ]

r_qn[10]
[ [-1  0  1] [0 0 1] [0 0 1] [0 0 1] [0 0 1] ]
[ [0 0 1] [-1  0  1] [0 0 1] [0 0 1] [0 0 1] ]
[ [0 0 1] [0 0 1] [-1  0  1] [0 0 1] [0 0 1] ]
[ [0 0 1] [0 0 1] [0 0 1] [-1  0  1] [0 0 1] ]
[ [0 0 1] [0 0 1] [0 0 1] [0 0 1] [-1  0  1] ]

r_qn[11]
[ [ 1 -1  4] [-1  0  2] [0 0 1] [0 0 1] [0 0 1] ]
[ [5 1 4] [ 1 -1  4] [0 0 1] [0 0 1] [0 0 1] ]
[ [0 0 1] [0 0 1] [1 1 4] [ 1 -1  4] [0 0 1] ]
[ [0 0 1] [0 0 1] [0 1 2] [1 1 4] [0 0 1] ]
[ [0 0 1] [0 0 1] [0 0 1] [0 0 1] [-1  0  1] ]

r_qn[12]
[ [1 1 4] [ 1 -1  4] [0 0 1] [0 0 1] [0 0 1] ]
[ [0 1 2] [1 1 4] [0 0 1] [0 0 1] [0 0 1] ]
[ [0 0 1] [0 0 1] [ 1 -1  4] [1 0 2] [0 0 1] ]
[ [0 0 1] [0 0 1] [-5 -1  4] [ 1 -1  4] [0 0 1] ]
[ [0 0 1] [0 0 1] [0 0 1] [0 0 1] [-1  0  1] ]

r_qn[13]
[ [1 1 4] [-1  1  4] [0 0 1] [0 0 1] [0 0 1] ]
[ [ 0 -1  2] [1 1 4] [0 0 1] [0 0 1] [0 0 1] ]
[ [0 0 1] [0 0 1] [ 1 -1  4] [-1  0  2] [0 0 1] ]
[ [0 0 1] [0 0 1] [5 1 4] [ 1 -1  4] [0 0 1] ]
[ [0 0 1] [0 0 1] [0 0 1] [0 0 1] [-1  0  1] ]

r_qn[14]
[ [ 1 -1  4] [1 0 2] [0 0 1] [0 0 1] [0 0 1] ]
[ [-5 -1  4] [ 1 -1  4] [0 0 1] [0 0 1] [0 0 1] ]
[ [0 0 1] [0 0 1] [1 1 4] [-1  1  4] [0 0 1] ]
[ [0 0 1] [0 0 1] [ 0 -1  2] [1 1 4] [0 0 1] ]
[ [0 0 1] [0 0 1] [0 0 1] [0 0 1] [-1  0  1] ]

r_qn[15]
[ [-1  0  1] [0 0 1] [0 0 1] [0 0 1] [0 0 1] ]
[ [0 0 1] [1 0 1] [0 0 1] [0 0 1] [0 0 1] ]
[ [0 0 1] [0 0 1] [-1  0  1] [0 0 1] [0 0 1] ]
[ [0 0 1] [0 0 1] [0 0 1] [1 0 1] [0 0 1] ]
[ [0 0 1] [0 0 1] [0 0 1] [0 0 1] [-1  0  1] ]

r_qn[16]
[ [ 1 -1  4] [-1  0  2] [0 0 1] [0 0 1] [0 0 1] ]
[ [-5 -1  4] [-1  1  4] [0 0 1] [0 0 1] [0 0 1] ]
[ [0 0 1] [0 0 1] [1 1 4] [ 1 -1  4] [0 0 1] ]
[ [0 0 1] [0 0 1] [ 0 -1  2] [-1 -1  4] [0 0 1] ]
[ [0 0 1] [0 0 1] [0 0 1] [0 0 1] [-1  0  1] ]

r_qn[17]
[ [1 1 4] [ 1 -1  4] [0 0 1] [0 0 1] [0 0 1] ]
[ [ 0 -1  2] [-1 -1  4] [0 0 1] [0 0 1] [0 0 1] ]
[ [0 0 1] [0 0 1] [ 1 -1  4] [1 0 2] [0 0 1] ]
[ [0 0 1] [0 0 1] [5 1 4] [-1  1  4] [0 0 1] ]
[ [0 0 1] [0 0 1] [0 0 1] [0 0 1] [-1  0  1] ]

r_qn[18]
[ [1 1 4] [-1  1  4] [0 0 1] [0 0 1] [0 0 1] ]
[ [0 1 2] [-1 -1  4] [0 0 1] [0 0 1] [0 0 1] ]
[ [0 0 1] [0 0 1] [ 1 -1  4] [-1  0  2] [0 0 1] ]
[ [0 0 1] [0 0 1] [-5 -1  4] [-1  1  4] [0 0 1] ]
[ [0 0 1] [0 0 1] [0 0 1] [0 0 1] [-1  0  1] ]

r_qn[19]
[ [ 1 -1  4] [1 0 2] [0 0 1] [0 0 1] [0 0 1] ]
[ [5 1 4] [-1  1  4] [0 0 1] [0 0 1] [0 0 1] ]
[ [0 0 1] [0 0 1] [1 1 4] [-1  1  4] [0 0 1] ]
[ [0 0 1] [0 0 1] [0 1 2] [-1 -1  4] [0 0 1] ]
[ [0 0 1] [0 0 1] [0 0 1] [0 0 1] [-1  0  1] ]

crsys.isys 4
qnsym_init isys 4 n 5 N 2
mpltbl 1st block
  0  1  2  3  4  5  6  7
  1  2  3  4  5  6  7  0
  2  3  4  5  6  7  0  1
  3  4  5  6  7  0  1  2
  4  5  6  7  0  1  2  3
  5  6  7  0  1  2  3  4
  6  7  0  1  2  3  4  5
  7  0  1  2  3  4  5  6
mpltbl 2nd block
 8 9 10 11 12 13 14 15
 15 8 9 10 11 12 13 14
 14 15 8 9 10 11 12 13
 13 14 15 8 9 10 11 12
 12 13 14 15 8 9 10 11
 11 12 13 14 15 8 9 10
 10 11 12 13 14 15 8 9
 9 10 11 12 13 14 15 8
# 1
[  1  0  0  0  0]
[  0  1  0  0  0]
[  0  0  1  0  0]
[  0  0  0  1  0]
[  0  0  0  0  1]
 
# 2
[  0  1  0  0  0]
[  0  0  1  0  0]
[  0  0  0  1  0]
[ -1  0  0  0  0]
[  0  0  0  0  1]
 
# 3
[  0  0  1  0  0]
[  0  0  0  1  0]
[ -1  0  0  0  0]
[  0 -1  0  0  0]
[  0  0  0  0  1]
 
# 4
[  0  0  0  1  0]
[ -1  0  0  0  0]
[  0 -1  0  0  0]
[  0  0 -1  0  0]
[  0  0  0  0  1]
 
# 5
[ -1  0  0  0  0]
[  0 -1  0  0  0]
[  0  0 -1  0  0]
[  0  0  0 -1  0]
[  0  0  0  0  1]
 
# 6
[  0 -1  0  0  0]
[  0  0 -1  0  0]
[  0  0  0 -1  0]
[  1  0  0  0  0]
[  0  0  0  0  1]
 
# 7
[  0  0 -1  0  0]
[  0  0  0 -1  0]
[  1  0  0  0  0]
[  0  1  0  0  0]
[  0  0  0  0  1]
 
# 8
[  0  0  0 -1  0]
[  1  0  0  0  0]
[  0  1  0  0  0]
[  0  0  1  0  0]
[  0  0  0  0  1]
 
# 9
[  0  0  0  1  0]
[  0  0  1  0  0]
[  0  1  0  0  0]
[  1  0  0  0  0]
[  0  0  0  0  1]
 
# 10
[ -1  0  0  0  0]
[  0  0  0  1  0]
[  0  0  1  0  0]
[  0  1  0  0  0]
[  0  0  0  0  1]
 
# 11
[  0 -1  0  0  0]
[ -1  0  0  0  0]
[  0  0  0  1  0]
[  0  0  1  0  0]
[  0  0  0  0  1]
 
# 12
[  0  0 -1  0  0]
[  0 -1  0  0  0]
[ -1  0  0  0  0]
[  0  0  0  1  0]
[  0  0  0  0  1]
 
# 13
[  0  0  0 -1  0]
[  0  0 -1  0  0]
[  0 -1  0  0  0]
[ -1  0  0  0  0]
[  0  0  0  0  1]
 
# 14
[  1  0  0  0  0]
[  0  0  0 -1  0]
[  0  0 -1  0  0]
[  0 -1  0  0  0]
[  0  0  0  0  1]
 
# 15
[  0  1  0  0  0]
[  1  0  0  0  0]
[  0  0  0 -1  0]
[  0  0 -1  0  0]
[  0  0  0  0  1]
 
# 16
[  0  0  1  0  0]
[  0  1  0  0  0]
[  1  0  0  0  0]
[  0  0  0 -1  0]
[  0  0  0  0  1]
 
nr 16
r_qn
r_qn[0]
[ [1 0 1] [0 0 1] [0 0 1] [0 0 1] [0 0 1] ]
[ [0 0 1] [1 0 1] [0 0 1] [0 0 1] [0 0 1] ]
[ [0 0 1] [0 0 1] [1 0 1] [0 0 1] [0 0 1] ]
[ [0 0 1] [0 0 1] [0 0 1] [1 0 1] [0 0 1] ]
[ [0 0 1] [0 0 1] [0 0 1] [0 0 1] [1 0 1] ]

r_qn[1]
[ [0 1 2] [0 1 2] [0 0 1] [0 0 1] [0 0 1] ]
[ [ 0 -1  2] [0 1 2] [0 0 1] [0 0 1] [0 0 1] ]
[ [0 0 1] [0 0 1] [ 0 -1  2] [0 1 2] [0 0 1] ]
[ [0 0 1] [0 0 1] [ 0 -1  2] [ 0 -1  2] [0 0 1] ]
[ [0 0 1] [0 0 1] [0 0 1] [0 0 1] [1 0 1] ]

r_qn[2]
[ [0 0 1] [1 0 1] [0 0 1] [0 0 1] [0 0 1] ]
[ [-1  0  1] [0 0 1] [0 0 1] [0 0 1] [0 0 1] ]
[ [0 0 1] [0 0 1] [0 0 1] [-1  0  1] [0 0 1] ]
[ [0 0 1] [0 0 1] [1 0 1] [0 0 1] [0 0 1] ]
[ [0 0 1] [0 0 1] [0 0 1] [0 0 1] [1 0 1] ]

r_qn[3]
[ [ 0 -1  2] [0 1 2] [0 0 1] [0 0 1] [0 0 1] ]
[ [ 0 -1  2] [ 0 -1  2] [0 0 1] [0 0 1] [0 0 1] ]
[ [0 0 1] [0 0 1] [0 1 2] [0 1 2] [0 0 1] ]
[ [0 0 1] [0 0 1] [ 0 -1  2] [0 1 2] [0 0 1] ]
[ [0 0 1] [0 0 1] [0 0 1] [0 0 1] [1 0 1] ]

r_qn[4]
[ [-1  0  1] [0 0 1] [0 0 1] [0 0 1] [0 0 1] ]
[ [0 0 1] [-1  0  1] [0 0 1] [0 0 1] [0 0 1] ]
[ [0 0 1] [0 0 1] [-1  0  1] [0 0 1] [0 0 1] ]
[ [0 0 1] [0 0 1] [0 0 1] [-1  0  1] [0 0 1] ]
[ [0 0 1] [0 0 1] [0 0 1] [0 0 1] [1 0 1] ]

r_qn[5]
[ [ 0 -1  2] [ 0 -1  2] [0 0 1] [0 0 1] [0 0 1] ]
[ [0 1 2] [ 0 -1  2] [0 0 1] [0 0 1] [0 0 1] ]
[ [0 0 1] [0 0 1] [0 1 2] [ 0 -1  2] [0 0 1] ]
[ [0 0 1] [0 0 1] [0 1 2] [0 1 2] [0 0 1] ]
[ [0 0 1] [0 0 1] [0 0 1] [0 0 1] [1 0 1] ]

r_qn[6]
[ [0 0 1] [-1  0  1] [0 0 1] [0 0 1] [0 0 1] ]
[ [1 0 1] [0 0 1] [0 0 1] [0 0 1] [0 0 1] ]
[ [0 0 1] [0 0 1] [0 0 1] [1 0 1] [0 0 1] ]
[ [0 0 1] [0 0 1] [-1  0  1] [0 0 1] [0 0 1] ]
[ [0 0 1] [0 0 1] [0 0 1] [0 0 1] [1 0 1] ]

r_qn[7]
[ [0 1 2] [ 0 -1  2] [0 0 1] [0 0 1] [0 0 1] ]
[ [0 1 2] [0 1 2] [0 0 1] [0 0 1] [0 0 1] ]
[ [0 0 1] [0 0 1] [ 0 -1  2] [ 0 -1  2] [0 0 1] ]
[ [0 0 1] [0 0 1] [0 1 2] [ 0 -1  2] [0 0 1] ]
[ [0 0 1] [0 0 1] [0 0 1] [0 0 1] [1 0 1] ]

r_qn[8]
[ [ 0 -1  2] [0 1 2] [0 0 1] [0 0 1] [0 0 1] ]
[ [0 1 2] [0 1 2] [0 0 1] [0 0 1] [0 0 1] ]
[ [0 0 1] [0 0 1] [0 1 2] [0 1 2] [0 0 1] ]
[ [0 0 1] [0 0 1] [0 1 2] [ 0 -1  2] [0 0 1] ]
[ [0 0 1] [0 0 1] [0 0 1] [0 0 1] [1 0 1] ]

r_qn[9]
[ [-1  0  1] [0 0 1] [0 0 1] [0 0 1] [0 0 1] ]
[ [0 0 1] [1 0 1] [0 0 1] [0 0 1] [0 0 1] ]
[ [0 0 1] [0 0 1] [-1  0  1] [0 0 1] [0 0 1] ]
[ [0 0 1] [0 0 1] [0 0 1] [1 0 1] [0 0 1] ]
[ [0 0 1] [0 0 1] [0 0 1] [0 0 1] [1 0 1] ]

r_qn[10]
[ [ 0 -1  2] [ 0 -1  2] [0 0 1] [0 0 1] [0 0 1] ]
[ [ 0 -1  2] [0 1 2] [0 0 1] [0 0 1] [0 0 1] ]
[ [0 0 1] [0 0 1] [0 1 2] [ 0 -1  2] [0 0 1] ]
[ [0 0 1] [0 0 1] [ 0 -1  2] [ 0 -1  2] [0 0 1] ]
[ [0 0 1] [0 0 1] [0 0 1] [0 0 1] [1 0 1] ]

r_qn[11]
[ [0 0 1] [-1  0  1] [0 0 1] [0 0 1] [0 0 1] ]
[ [-1  0  1] [0 0 1] [0 0 1] [0 0 1] [0 0 1] ]
[ [0 0 1] [0 0 1] [0 0 1] [1 0 1] [0 0 1] ]
[ [0 0 1] [0 0 1] [1 0 1] [0 0 1] [0 0 1] ]
[ [0 0 1] [0 0 1] [0 0 1] [0 0 1] [1 0 1] ]

r_qn[12]
[ [0 1 2] [ 0 -1  2] [0 0 1] [0 0 1] [0 0 1] ]
[ [ 0 -1  2] [ 0 -1  2] [0 0 1] [0 0 1] [0 0 1] ]
[ [0 0 1] [0 0 1] [ 0 -1  2] [ 0 -1  2] [0 0 1] ]
[ [0 0 1] [0 0 1] [ 0 -1  2] [0 1 2] [0 0 1] ]
[ [0 0 1] [0 0 1] [0 0 1] [0 0 1] [1 0 1] ]

r_qn[13]
[ [1 0 1] [0 0 1] [0 0 1] [0 0 1] [0 0 1] ]
[ [0 0 1] [-1  0  1] [0 0 1] [0 0 1] [0 0 1] ]
[ [0 0 1] [0 0 1] [1 0 1] [0 0 1] [0 0 1] ]
[ [0 0 1] [0 0 1] [0 0 1] [-1  0  1] [0 0 1] ]
[ [0 0 1] [0 0 1] [0 0 1] [0 0 1] [1 0 1] ]

r_qn[14]
[ [0 1 2] [0 1 2] [0 0 1] [0 0 1] [0 0 1] ]
[ [0 1 2] [ 0 -1  2] [0 0 1] [0 0 1] [0 0 1] ]
[ [0 0 1] [0 0 1] [ 0 -1  2] [0 1 2] [0 0 1] ]
[ [0 0 1] [0 0 1] [0 1 2] [0 1 2] [0 0 1] ]
[ [0 0 1] [0 0 1] [0 0 1] [0 0 1] [1 0 1] ]

r_qn[15]
[ [0 0 1] [1 0 1] [0 0 1] [0 0 1] [0 0 1] ]
[ [1 0 1] [0 0 1] [0 0 1] [0 0 1] [0 0 1] ]
[ [0 0 1] [0 0 1] [0 0 1] [-1  0  1] [0 0 1] ]
[ [0 0 1] [0 0 1] [-1  0  1] [0 0 1] [0 0 1] ]
[ [0 0 1] [0 0 1] [0 0 1] [0 0 1] [1 0 1] ]

nr 16
r_qn_e
r_qn_e[0]
[ [1 0 1] [0 0 1] ]
[ [0 0 1] [1 0 1] ]

r_qn_e[1]
[ [0 1 2] [0 1 2] ]
[ [ 0 -1  2] [0 1 2] ]

r_qn_e[2]
[ [0 0 1] [1 0 1] ]
[ [-1  0  1] [0 0 1] ]

r_qn_e[3]
[ [ 0 -1  2] [0 1 2] ]
[ [ 0 -1  2] [ 0 -1  2] ]

r_qn_e[4]
[ [-1  0  1] [0 0 1] ]
[ [0 0 1] [-1  0  1] ]

r_qn_e[5]
[ [ 0 -1  2] [ 0 -1  2] ]
[ [0 1 2] [ 0 -1  2] ]

r_qn_e[6]
[ [0 0 1] [-1  0  1] ]
[ [1 0 1] [0 0 1] ]

r_qn_e[7]
[ [0 1 2] [ 0 -1  2] ]
[ [0 1 2] [0 1 2] ]

r_qn_e[8]
[ [ 0 -1  2] [0 1 2] ]
[ [0 1 2] [0 1 2] ]

r_qn_e[9]
[ [-1  0  1] [0 0 1] ]
[ [0 0 1] [1 0 1] ]

r_qn_e[10]
[ [ 0 -1  2] [ 0 -1  2] ]
[ [ 0 -1  2] [0 1 2] ]

r_qn_e[11]
[ [0 0 1] [-1  0  1] ]
[ [-1  0  1] [0 0 1] ]

r_qn_e[12]
[ [0 1 2] [ 0 -1  2] ]
[ [ 0 -1  2] [ 0 -1  2] ]

r_qn_e[13]
[ [1 0 1] [0 0 1] ]
[ [0 0 1] [-1  0  1] ]

r_qn_e[14]
[ [0 1 2] [0 1 2] ]
[ [0 1 2] [ 0 -1  2] ]

r_qn_e[15]
[ [0 0 1] [1 0 1] ]
[ [1 0 1] [0 0 1] ]

mpltbl 1st block
  0  1  2  3  4  5  6  7
  1  2  3  4  5  6  7  0
  2  3  4  5  6  7  0  1
  3  4  5  6  7  0  1  2
  4  5  6  7  0  1  2  3
  5  6  7  0  1  2  3  4
  6  7  0  1  2  3  4  5
  7  0  1  2  3  4  5  6
mpltbl 2nd block
 8 9 10 11 12 13 14 15
 15 8 9 10 11 12 13 14
 14 15 8 9 10 11 12 13
 13 14 15 8 9 10 11 12
 12 13 14 15 8 9 10 11
 11 12 13 14 15 8 9 10
 10 11 12 13 14 15 8 9
 9 10 11 12 13 14 15 8
nr 16
Octa r_qn
r_qn[0]
[ [1 0 1] [0 0 1] [0 0 1] [0 0 1] [0 0 1] ]
[ [0 0 1] [1 0 1] [0 0 1] [0 0 1] [0 0 1] ]
[ [0 0 1] [0 0 1] [1 0 1] [0 0 1] [0 0 1] ]
[ [0 0 1] [0 0 1] [0 0 1] [1 0 1] [0 0 1] ]
[ [0 0 1] [0 0 1] [0 0 1] [0 0 1] [1 0 1] ]

r_qn[1]
[ [0 1 2] [0 1 2] [0 0 1] [0 0 1] [0 0 1] ]
[ [ 0 -1  2] [0 1 2] [0 0 1] [0 0 1] [0 0 1] ]
[ [0 0 1] [0 0 1] [ 0 -1  2] [0 1 2] [0 0 1] ]
[ [0 0 1] [0 0 1] [ 0 -1  2] [ 0 -1  2] [0 0 1] ]
[ [0 0 1] [0 0 1] [0 0 1] [0 0 1] [1 0 1] ]

r_qn[2]
[ [0 0 1] [1 0 1] [0 0 1] [0 0 1] [0 0 1] ]
[ [-1  0  1] [0 0 1] [0 0 1] [0 0 1] [0 0 1] ]
[ [0 0 1] [0 0 1] [0 0 1] [-1  0  1] [0 0 1] ]
[ [0 0 1] [0 0 1] [1 0 1] [0 0 1] [0 0 1] ]
[ [0 0 1] [0 0 1] [0 0 1] [0 0 1] [1 0 1] ]

r_qn[3]
[ [ 0 -1  2] [0 1 2] [0 0 1] [0 0 1] [0 0 1] ]
[ [ 0 -1  2] [ 0 -1  2] [0 0 1] [0 0 1] [0 0 1] ]
[ [0 0 1] [0 0 1] [0 1 2] [0 1 2] [0 0 1] ]
[ [0 0 1] [0 0 1] [ 0 -1  2] [0 1 2] [0 0 1] ]
[ [0 0 1] [0 0 1] [0 0 1] [0 0 1] [1 0 1] ]

r_qn[4]
[ [-1  0  1] [0 0 1] [0 0 1] [0 0 1] [0 0 1] ]
[ [0 0 1] [-1  0  1] [0 0 1] [0 0 1] [0 0 1] ]
[ [0 0 1] [0 0 1] [-1  0  1] [0 0 1] [0 0 1] ]
[ [0 0 1] [0 0 1] [0 0 1] [-1  0  1] [0 0 1] ]
[ [0 0 1] [0 0 1] [0 0 1] [0 0 1] [1 0 1] ]

r_qn[5]
[ [ 0 -1  2] [ 0 -1  2] [0 0 1] [0 0 1] [0 0 1] ]
[ [0 1 2] [ 0 -1  2] [0 0 1] [0 0 1] [0 0 1] ]
[ [0 0 1] [0 0 1] [0 1 2] [ 0 -1  2] [0 0 1] ]
[ [0 0 1] [0 0 1] [0 1 2] [0 1 2] [0 0 1] ]
[ [0 0 1] [0 0 1] [0 0 1] [0 0 1] [1 0 1] ]

r_qn[6]
[ [0 0 1] [-1  0  1] [0 0 1] [0 0 1] [0 0 1] ]
[ [1 0 1] [0 0 1] [0 0 1] [0 0 1] [0 0 1] ]
[ [0 0 1] [0 0 1] [0 0 1] [1 0 1] [0 0 1] ]
[ [0 0 1] [0 0 1] [-1  0  1] [0 0 1] [0 0 1] ]
[ [0 0 1] [0 0 1] [0 0 1] [0 0 1] [1 0 1] ]

r_qn[7]
[ [0 1 2] [ 0 -1  2] [0 0 1] [0 0 1] [0 0 1] ]
[ [0 1 2] [0 1 2] [0 0 1] [0 0 1] [0 0 1] ]
[ [0 0 1] [0 0 1] [ 0 -1  2] [ 0 -1  2] [0 0 1] ]
[ [0 0 1] [0 0 1] [0 1 2] [ 0 -1  2] [0 0 1] ]
[ [0 0 1] [0 0 1] [0 0 1] [0 0 1] [1 0 1] ]

r_qn[8]
[ [ 0 -1  2] [0 1 2] [0 0 1] [0 0 1] [0 0 1] ]
[ [0 1 2] [0 1 2] [0 0 1] [0 0 1] [0 0 1] ]
[ [0 0 1] [0 0 1] [0 1 2] [0 1 2] [0 0 1] ]
[ [0 0 1] [0 0 1] [0 1 2] [ 0 -1  2] [0 0 1] ]
[ [0 0 1] [0 0 1] [0 0 1] [0 0 1] [1 0 1] ]

r_qn[9]
[ [-1  0  1] [0 0 1] [0 0 1] [0 0 1] [0 0 1] ]
[ [0 0 1] [1 0 1] [0 0 1] [0 0 1] [0 0 1] ]
[ [0 0 1] [0 0 1] [-1  0  1] [0 0 1] [0 0 1] ]
[ [0 0 1] [0 0 1] [0 0 1] [1 0 1] [0 0 1] ]
[ [0 0 1] [0 0 1] [0 0 1] [0 0 1] [1 0 1] ]

r_qn[10]
[ [ 0 -1  2] [ 0 -1  2] [0 0 1] [0 0 1] [0 0 1] ]
[ [ 0 -1  2] [0 1 2] [0 0 1] [0 0 1] [0 0 1] ]
[ [0 0 1] [0 0 1] [0 1 2] [ 0 -1  2] [0 0 1] ]
[ [0 0 1] [0 0 1] [ 0 -1  2] [ 0 -1  2] [0 0 1] ]
[ [0 0 1] [0 0 1] [0 0 1] [0 0 1] [1 0 1] ]

r_qn[11]
[ [0 0 1] [-1  0  1] [0 0 1] [0 0 1] [0 0 1] ]
[ [-1  0  1] [0 0 1] [0 0 1] [0 0 1] [0 0 1] ]
[ [0 0 1] [0 0 1] [0 0 1] [1 0 1] [0 0 1] ]
[ [0 0 1] [0 0 1] [1 0 1] [0 0 1] [0 0 1] ]
[ [0 0 1] [0 0 1] [0 0 1] [0 0 1] [1 0 1] ]

r_qn[12]
[ [0 1 2] [ 0 -1  2] [0 0 1] [0 0 1] [0 0 1] ]
[ [ 0 -1  2] [ 0 -1  2] [0 0 1] [0 0 1] [0 0 1] ]
[ [0 0 1] [0 0 1] [ 0 -1  2] [ 0 -1  2] [0 0 1] ]
[ [0 0 1] [0 0 1] [ 0 -1  2] [0 1 2] [0 0 1] ]
[ [0 0 1] [0 0 1] [0 0 1] [0 0 1] [1 0 1] ]

r_qn[13]
[ [1 0 1] [0 0 1] [0 0 1] [0 0 1] [0 0 1] ]
[ [0 0 1] [-1  0  1] [0 0 1] [0 0 1] [0 0 1] ]
[ [0 0 1] [0 0 1] [1 0 1] [0 0 1] [0 0 1] ]
[ [0 0 1] [0 0 1] [0 0 1] [-1  0  1] [0 0 1] ]
[ [0 0 1] [0 0 1] [0 0 1] [0 0 1] [1 0 1] ]

r_qn[14]
[ [0 1 2] [0 1 2] [0 0 1] [0 0 1] [0 0 1] ]
[ [0 1 2] [ 0 -1  2] [0 0 1] [0 0 1] [0 0 1] ]
[ [0 0 1] [0 0 1] [ 0 -1  2] [0 1 2] [0 0 1] ]
[ [0 0 1] [0 0 1] [0 1 2] [0 1 2] [0 0 1] ]
[ [0 0 1] [0 0 1] [0 0 1] [0 0 1] [1 0 1] ]

r_qn[15]
[ [0 0 1] [1 0 1] [0 0 1] [0 0 1] [0 0 1] ]
[ [1 0 1] [0 0 1] [0 0 1] [0 0 1] [0 0 1] ]
[ [0 0 1] [0 0 1] [0 0 1] [-1  0  1] [0 0 1] ]
[ [0 0 1] [0 0 1] [-1  0  1] [0 0 1] [0 0 1] ]
[ [0 0 1] [0 0 1] [0 0 1] [0 0 1] [1 0 1] ]

crsys.isys 5
qnsym_init isys 5 n 5 N 3
# 1
[  0  1  0  0  0]
[  0  0  1  0  0]
[  0  0  0  1  0]
[ -1  0  1  0  0]
[  0  0  0  0  1]
 
# 2
[  0  0  0  1  0]
[  0  0  1  0  0]
[  0  1  0  0  0]
[  1  0  0  0  0]
[  0  0  0  0  1]
 
# 3
[ -1  0  0  0  0]
[  0 -1  0  0  0]
[  0  0 -1  0  0]
[  0  0  0 -1  0]
[  0  0  0  0 -1]
 
mpltbl 1st block
  0  1  2  3  4  5  6  7  8  9 10 11
  1  2  3  4  5  6  7  8  9 10 11  0
  2  3  4  5  6  7  8  9 10 11  0  1
  3  4  5  6  7  8  9 10 11  0  1  2
  4  5  6  7  8  9 10 11  0  1  2  3
  5  6  7  8  9 10 11  0  1  2  3  4
  6  7  8  9 10 11  0  1  2  3  4  5
  7  8  9 10 11  0  1  2  3  4  5  6
  8  9 10 11  0  1  2  3  4  5  6  7
  9 10 11  0  1  2  3  4  5  6  7  8
 10 11  0  1  2  3  4  5  6  7  8  9
 11  0  1  2  3  4  5  6  7  8  9 10
mpltbl 2nd block
 12 13 14 15 16 17 18 19 20 21 22 23
 23 12 13 14 15 16 17 18 19 20 21 22
 22 23 12 13 14 15 16 17 18 19 20 21
 21 22 23 12 13 14 15 16 17 18 19 20
 20 21 22 23 12 13 14 15 16 17 18 19
 19 20 21 22 23 12 13 14 15 16 17 18
 18 19 20 21 22 23 12 13 14 15 16 17
 17 18 19 20 21 22 23 12 13 14 15 16
 16 17 18 19 20 21 22 23 12 13 14 15
 15 16 17 18 19 20 21 22 23 12 13 14
 14 15 16 17 18 19 20 21 22 23 12 13
 13 14 15 16 17 18 19 20 21 22 23 12
# 1
[  1  0  0  0  0]
[  0  1  0  0  0]
[  0  0  1  0  0]
[  0  0  0  1  0]
[  0  0  0  0  1]
 
# 2
[  0  1  0  0  0]
[  0  0  1  0  0]
[  0  0  0  1  0]
[ -1  0  1  0  0]
[  0  0  0  0  1]
 
# 3
[  0  0  1  0  0]
[  0  0  0  1  0]
[ -1  0  1  0  0]
[  0 -1  0  1  0]
[  0  0  0  0  1]
 
# 4
[  0  0  0  1  0]
[ -1  0  1  0  0]
[  0 -1  0  1  0]
[ -1  0  0  0  0]
[  0  0  0  0  1]
 
# 5
[ -1  0  1  0  0]
[  0 -1  0  1  0]
[ -1  0  0  0  0]
[  0 -1  0  0  0]
[  0  0  0  0  1]
 
# 6
[  0 -1  0  1  0]
[ -1  0  0  0  0]
[  0 -1  0  0  0]
[  0  0 -1  0  0]
[  0  0  0  0  1]
 
# 7
[ -1  0  0  0  0]
[  0 -1  0  0  0]
[  0  0 -1  0  0]
[  0  0  0 -1  0]
[  0  0  0  0  1]
 
# 8
[  0 -1  0  0  0]
[  0  0 -1  0  0]
[  0  0  0 -1  0]
[  1  0 -1  0  0]
[  0  0  0  0  1]
 
# 9
[  0  0 -1  0  0]
[  0  0  0 -1  0]
[  1  0 -1  0  0]
[  0  1  0 -1  0]
[  0  0  0  0  1]
 
# 10
[  0  0  0 -1  0]
[  1  0 -1  0  0]
[  0  1  0 -1  0]
[  1  0  0  0  0]
[  0  0  0  0  1]
 
# 11
[  1  0 -1  0  0]
[  0  1  0 -1  0]
[  1  0  0  0  0]
[  0  1  0  0  0]
[  0  0  0  0  1]
 
# 12
[  0  1  0 -1  0]
[  1  0  0  0  0]
[  0  1  0  0  0]
[  0  0  1  0  0]
[  0  0  0  0  1]
 
# 13
[  0  0  0  1  0]
[  0  0  1  0  0]
[  0  1  0  0  0]
[  1  0  0  0  0]
[  0  0  0  0  1]
 
# 14
[ -1  0  1  0  0]
[  0  0  0  1  0]
[  0  0  1  0  0]
[  0  1  0  0  0]
[  0  0  0  0  1]
 
# 15
[  0 -1  0  1  0]
[ -1  0  1  0  0]
[  0  0  0  1  0]
[  0  0  1  0  0]
[  0  0  0  0  1]
 
# 16
[ -1  0  0  0  0]
[  0 -1  0  1  0]
[ -1  0  1  0  0]
[  0  0  0  1  0]
[  0  0  0  0  1]
 
# 17
[  0 -1  0  0  0]
[ -1  0  0  0  0]
[  0 -1  0  1  0]
[ -1  0  1  0  0]
[  0  0  0  0  1]
 
# 18
[  0  0 -1  0  0]
[  0 -1  0  0  0]
[ -1  0  0  0  0]
[  0 -1  0  1  0]
[  0  0  0  0  1]
 
# 19
[  0  0  0 -1  0]
[  0  0 -1  0  0]
[  0 -1  0  0  0]
[ -1  0  0  0  0]
[  0  0  0  0  1]
 
# 20
[  1  0 -1  0  0]
[  0  0  0 -1  0]
[  0  0 -1  0  0]
[  0 -1  0  0  0]
[  0  0  0  0  1]
 
# 21
[  0  1  0 -1  0]
[  1  0 -1  0  0]
[  0  0  0 -1  0]
[  0  0 -1  0  0]
[  0  0  0  0  1]
 
# 22
[  1  0  0  0  0]
[  0  1  0 -1  0]
[  1  0 -1  0  0]
[  0  0  0 -1  0]
[  0  0  0  0  1]
 
# 23
[  0  1  0  0  0]
[  1  0  0  0  0]
[  0  1  0 -1  0]
[  1  0 -1  0  0]
[  0  0  0  0  1]
 
# 24
[  0  0  1  0  0]
[  0  1  0  0  0]
[  1  0  0  0  0]
[  0  1  0 -1  0]
[  0  0  0  0  1]
 
nr 24
r_qn
r_qn[0]
[ [1 0 1] [0 0 1] [0 0 1] [0 0 1] [0 0 1] ]
[ [0 0 1] [1 0 1] [0 0 1] [0 0 1] [0 0 1] ]
[ [0 0 1] [0 0 1] [1 0 1] [0 0 1] [0 0 1] ]
[ [0 0 1] [0 0 1] [0 0 1] [1 0 1] [0 0 1] ]
[ [0 0 1] [0 0 1] [0 0 1] [0 0 1] [1 0 1] ]

r_qn[1]
[ [0 1 2] [1 0 2] [0 0 1] [0 0 1] [0 0 1] ]
[ [-1  0  2] [0 1 2] [0 0 1] [0 0 1] [0 0 1] ]
[ [0 0 1] [0 0 1] [ 0 -1  2] [1 0 2] [0 0 1] ]
[ [0 0 1] [0 0 1] [-1  0  2] [ 0 -1  2] [0 0 1] ]
[ [0 0 1] [0 0 1] [0 0 1] [0 0 1] [1 0 1] ]

r_qn[2]
[ [1 0 2] [0 1 2] [0 0 1] [0 0 1] [0 0 1] ]
[ [ 0 -1  2] [1 0 2] [0 0 1] [0 0 1] [0 0 1] ]
[ [0 0 1] [0 0 1] [1 0 2] [ 0 -1  2] [0 0 1] ]
[ [0 0 1] [0 0 1] [0 1 2] [1 0 2] [0 0 1] ]
[ [0 0 1] [0 0 1] [0 0 1] [0 0 1] [1 0 1] ]

r_qn[3]
[ [0 0 1] [1 0 1] [0 0 1] [0 0 1] [0 0 1] ]
[ [-1  0  1] [0 0 1] [0 0 1] [0 0 1] [0 0 1] ]
[ [0 0 1] [0 0 1] [0 0 1] [1 0 1] [0 0 1] ]
[ [0 0 1] [0 0 1] [-1  0  1] [0 0 1] [0 0 1] ]
[ [0 0 1] [0 0 1] [0 0 1] [0 0 1] [1 0 1] ]

r_qn[4]
[ [-1  0  2] [0 1 2] [0 0 1] [0 0 1] [0 0 1] ]
[ [ 0 -1  2] [-1  0  2] [0 0 1] [0 0 1] [0 0 1] ]
[ [0 0 1] [0 0 1] [-1  0  2] [ 0 -1  2] [0 0 1] ]
[ [0 0 1] [0 0 1] [0 1 2] [-1  0  2] [0 0 1] ]
[ [0 0 1] [0 0 1] [0 0 1] [0 0 1] [1 0 1] ]

r_qn[5]
[ [ 0 -1  2] [1 0 2] [0 0 1] [0 0 1] [0 0 1] ]
[ [-1  0  2] [ 0 -1  2] [0 0 1] [0 0 1] [0 0 1] ]
[ [0 0 1] [0 0 1] [0 1 2] [1 0 2] [0 0 1] ]
[ [0 0 1] [0 0 1] [-1  0  2] [0 1 2] [0 0 1] ]
[ [0 0 1] [0 0 1] [0 0 1] [0 0 1] [1 0 1] ]

r_qn[6]
[ [-1  0  1] [0 0 1] [0 0 1] [0 0 1] [0 0 1] ]
[ [0 0 1] [-1  0  1] [0 0 1] [0 0 1] [0 0 1] ]
[ [0 0 1] [0 0 1] [-1  0  1] [0 0 1] [0 0 1] ]
[ [0 0 1] [0 0 1] [0 0 1] [-1  0  1] [0 0 1] ]
[ [0 0 1] [0 0 1] [0 0 1] [0 0 1] [1 0 1] ]

r_qn[7]
[ [ 0 -1  2] [-1  0  2] [0 0 1] [0 0 1] [0 0 1] ]
[ [1 0 2] [ 0 -1  2] [0 0 1] [0 0 1] [0 0 1] ]
[ [0 0 1] [0 0 1] [0 1 2] [-1  0  2] [0 0 1] ]
[ [0 0 1] [0 0 1] [1 0 2] [0 1 2] [0 0 1] ]
[ [0 0 1] [0 0 1] [0 0 1] [0 0 1] [1 0 1] ]

r_qn[8]
[ [-1  0  2] [ 0 -1  2] [0 0 1] [0 0 1] [0 0 1] ]
[ [0 1 2] [-1  0  2] [0 0 1] [0 0 1] [0 0 1] ]
[ [0 0 1] [0 0 1] [-1  0  2] [0 1 2] [0 0 1] ]
[ [0 0 1] [0 0 1] [ 0 -1  2] [-1  0  2] [0 0 1] ]
[ [0 0 1] [0 0 1] [0 0 1] [0 0 1] [1 0 1] ]

r_qn[9]
[ [0 0 1] [-1  0  1] [0 0 1] [0 0 1] [0 0 1] ]
[ [1 0 1] [0 0 1] [0 0 1] [0 0 1] [0 0 1] ]
[ [0 0 1] [0 0 1] [0 0 1] [-1  0  1] [0 0 1] ]
[ [0 0 1] [0 0 1] [1 0 1] [0 0 1] [0 0 1] ]
[ [0 0 1] [0 0 1] [0 0 1] [0 0 1] [1 0 1] ]

r_qn[10]
[ [1 0 2] [ 0 -1  2] [0 0 1] [0 0 1] [0 0 1] ]
[ [0 1 2] [1 0 2] [0 0 1] [0 0 1] [0 0 1] ]
[ [0 0 1] [0 0 1] [1 0 2] [0 1 2] [0 0 1] ]
[ [0 0 1] [0 0 1] [ 0 -1  2] [1 0 2] [0 0 1] ]
[ [0 0 1] [0 0 1] [0 0 1] [0 0 1] [1 0 1] ]

r_qn[11]
[ [0 1 2] [-1  0  2] [0 0 1] [0 0 1] [0 0 1] ]
[ [1 0 2] [0 1 2] [0 0 1] [0 0 1] [0 0 1] ]
[ [0 0 1] [0 0 1] [ 0 -1  2] [-1  0  2] [0 0 1] ]
[ [0 0 1] [0 0 1] [1 0 2] [ 0 -1  2] [0 0 1] ]
[ [0 0 1] [0 0 1] [0 0 1] [0 0 1] [1 0 1] ]

r_qn[12]
[ [0 0 1] [1 0 1] [0 0 1] [0 0 1] [0 0 1] ]
[ [1 0 1] [0 0 1] [0 0 1] [0 0 1] [0 0 1] ]
[ [0 0 1] [0 0 1] [0 0 1] [1 0 1] [0 0 1] ]
[ [0 0 1] [0 0 1] [1 0 1] [0 0 1] [0 0 1] ]
[ [0 0 1] [0 0 1] [0 0 1] [0 0 1] [1 0 1] ]

r_qn[13]
[ [-1  0  2] [0 1 2] [0 0 1] [0 0 1] [0 0 1] ]
[ [0 1 2] [1 0 2] [0 0 1] [0 0 1] [0 0 1] ]
[ [0 0 1] [0 0 1] [-1  0  2] [ 0 -1  2] [0 0 1] ]
[ [0 0 1] [0 0 1] [ 0 -1  2] [1 0 2] [0 0 1] ]
[ [0 0 1] [0 0 1] [0 0 1] [0 0 1] [1 0 1] ]

r_qn[14]
[ [ 0 -1  2] [1 0 2] [0 0 1] [0 0 1] [0 0 1] ]
[ [1 0 2] [0 1 2] [0 0 1] [0 0 1] [0 0 1] ]
[ [0 0 1] [0 0 1] [0 1 2] [1 0 2] [0 0 1] ]
[ [0 0 1] [0 0 1] [1 0 2] [ 0 -1  2] [0 0 1] ]
[ [0 0 1] [0 0 1] [0 0 1] [0 0 1] [1 0 1] ]

r_qn[15]
[ [-1  0  1] [0 0 1] [0 0 1] [0 0 1] [0 0 1] ]
[ [0 0 1] [1 0 1] [0 0 1] [0 0 1] [0 0 1] ]
[ [0 0 1] [0 0 1] [-1  0  1] [0 0 1] [0 0 1] ]
[ [0 0 1] [0 0 1] [0 0 1] [1 0 1] [0 0 1] ]
[ [0 0 1] [0 0 1] [0 0 1] [0 0 1] [1 0 1] ]

r_qn[16]
[ [ 0 -1  2] [-1  0  2] [0 0 1] [0 0 1] [0 0 1] ]
[ [-1  0  2] [0 1 2] [0 0 1] [0 0 1] [0 0 1] ]
[ [0 0 1] [0 0 1] [0 1 2] [-1  0  2] [0 0 1] ]
[ [0 0 1] [0 0 1] [-1  0  2] [ 0 -1  2] [0 0 1] ]
[ [0 0 1] [0 0 1] [0 0 1] [0 0 1] [1 0 1] ]

r_qn[17]
[ [-1  0  2] [ 0 -1  2] [0 0 1] [0 0 1] [0 0 1] ]
[ [ 0 -1  2] [1 0 2] [0 0 1] [0 0 1] [0 0 1] ]
[ [0 0 1] [0 0 1] [-1  0  2] [0 1 2] [0 0 1] ]
[ [0 0 1] [0 0 1] [0 1 2] [1 0 2] [0 0 1] ]
[ [0 0 1] [0 0 1] [0 0 1] [0 0 1] [1 0 1] ]

r_qn[18]
[ [0 0 1] [-1  0  1] [0 0 1] [0 0 1] [0 0 1] ]
[ [-1  0  1] [0 0 1] [0 0 1] [0 0 1] [0 0 1] ]
[ [0 0 1] [0 0 1] [0 0 1] [-1  0  1] [0 0 1] ]
[ [0 0 1] [0 0 1] [-1  0  1] [0 0 1] [0 0 1] ]
[ [0 0 1] [0 0 1] [0 0 1] [0 0 1] [1 0 1] ]

r_qn[19]
[ [1 0 2] [ 0 -1  2] [0 0 1] [0 0 1] [0 0 1] ]
[ [ 0 -1  2] [-1  0  2] [0 0 1] [0 0 1] [0 0 1] ]
[ [0 0 1] [0 0 1] [1 0 2] [0 1 2] [0 0 1] ]
[ [0 0 1] [0 0 1] [0 1 2] [-1  0  2] [0 0 1] ]
[ [0 0 1] [0 0 1] [0 0 1] [0 0 1] [1 0 1] ]

r_qn[20]
[ [0 1 2] [-1  0  2] [0 0 1] [0 0 1] [0 0 1] ]
[ [-1  0  2] [ 0 -1  2] [0 0 1] [0 0 1] [0 0 1] ]
[ [0 0 1] [0 0 1] [ 0 -1  2] [-1  0  2] [0 0 1] ]
[ [0 0 1] [0 0 1] [-1  0  2] [0 1 2] [0 0 1] ]
[ [0 0 1] [0 0 1] [0 0 1] [0 0 1] [1 0 1] ]

r_qn[21]
[ [1 0 1] [0 0 1] [0 0 1] [0 0 1] [0 0 1] ]
[ [0 0 1] [-1  0  1] [0 0 1] [0 0 1] [0 0 1] ]
[ [0 0 1] [0 0 1] [1 0 1] [0 0 1] [0 0 1] ]
[ [0 0 1] [0 0 1] [0 0 1] [-1  0  1] [0 0 1] ]
[ [0 0 1] [0 0 1] [0 0 1] [0 0 1] [1 0 1] ]

r_qn[22]
[ [0 1 2] [1 0 2] [0 0 1] [0 0 1] [0 0 1] ]
[ [1 0 2] [ 0 -1  2] [0 0 1] [0 0 1] [0 0 1] ]
[ [0 0 1] [0 0 1] [ 0 -1  2] [1 0 2] [0 0 1] ]
[ [0 0 1] [0 0 1] [1 0 2] [0 1 2] [0 0 1] ]
[ [0 0 1] [0 0 1] [0 0 1] [0 0 1] [1 0 1] ]

r_qn[23]
[ [1 0 2] [0 1 2] [0 0 1] [0 0 1] [0 0 1] ]
[ [0 1 2] [-1  0  2] [0 0 1] [0 0 1] [0 0 1] ]
[ [0 0 1] [0 0 1] [1 0 2] [ 0 -1  2] [0 0 1] ]
[ [0 0 1] [0 0 1] [ 0 -1  2] [-1  0  2] [0 0 1] ]
[ [0 0 1] [0 0 1] [0 0 1] [0 0 1] [1 0 1] ]

nr 24
r_qn_e
r_qn_e[0]
[ [1 0 1] [0 0 1] ]
[ [0 0 1] [1 0 1] ]

r_qn_e[1]
[ [0 1 2] [1 0 2] ]
[ [-1  0  2] [0 1 2] ]

r_qn_e[2]
[ [1 0 2] [0 1 2] ]
[ [ 0 -1  2] [1 0 2] ]

r_qn_e[3]
[ [0 0 1] [1 0 1] ]
[ [-1  0  1] [0 0 1] ]

r_qn_e[4]
[ [-1  0  2] [0 1 2] ]
[ [ 0 -1  2] [-1  0  2] ]

r_qn_e[5]
[ [ 0 -1  2] [1 0 2] ]
[ [-1  0  2] [ 0 -1  2] ]

r_qn_e[6]
[ [-1  0  1] [0 0 1] ]
[ [0 0 1] [-1  0  1] ]

r_qn_e[7]
[ [ 0 -1  2] [-1  0  2] ]
[ [1 0 2] [ 0 -1  2] ]

r_qn_e[8]
[ [-1  0  2] [ 0 -1  2] ]
[ [0 1 2] [-1  0  2] ]

r_qn_e[9]
[ [0 0 1] [-1  0  1] ]
[ [1 0 1] [0 0 1] ]

r_qn_e[10]
[ [1 0 2] [ 0 -1  2] ]
[ [0 1 2] [1 0 2] ]

r_qn_e[11]
[ [0 1 2] [-1  0  2] ]
[ [1 0 2] [0 1 2] ]

r_qn_e[12]
[ [0 0 1] [1 0 1] ]
[ [1 0 1] [0 0 1] ]

r_qn_e[13]
[ [-1  0  2] [0 1 2] ]
[ [0 1 2] [1 0 2] ]

r_qn_e[14]
[ [ 0 -1  2] [1 0 2] ]
[ [1 0 2] [0 1 2] ]

r_qn_e[15]
[ [-1  0  1] [0 0 1] ]
[ [0 0 1] [1 0 1] ]

r_qn_e[16]
[ [ 0 -1  2] [-1  0  2] ]
[ [-1  0  2] [0 1 2] ]

r_qn_e[17]
[ [-1  0  2] [ 0 -1  2] ]
[ [ 0 -1  2] [1 0 2] ]

r_qn_e[18]
[ [0 0 1] [-1  0  1] ]
[ [-1  0  1] [0 0 1] ]

r_qn_e[19]
[ [1 0 2] [ 0 -1  2] ]
[ [ 0 -1  2] [-1  0  2] ]

r_qn_e[20]
[ [0 1 2] [-1  0  2] ]
[ [-1  0  2] [ 0 -1  2] ]

r_qn_e[21]
[ [1 0 1] [0 0 1] ]
[ [0 0 1] [-1  0  1] ]

r_qn_e[22]
[ [0 1 2] [1 0 2] ]
[ [1 0 2] [ 0 -1  2] ]

r_qn_e[23]
[ [1 0 2] [0 1 2] ]
[ [0 1 2] [-1  0  2] ]

# 1
[  0  1  0  0  0]
[  0  0  1  0  0]
[  0  0  0  1  0]
[ -1  0  1  0  0]
[  0  0  0  0  1]
 
# 2
[  0  0  0  1  0]
[  0  0  1  0  0]
[  0  1  0  0  0]
[  1  0  0  0  0]
[  0  0  0  0  1]
 
# 3
[ -1  0  0  0  0]
[  0 -1  0  0  0]
[  0  0 -1  0  0]
[  0  0  0 -1  0]
[  0  0  0  0 -1]
 
mpltbl 1st block
  0  1  2  3  4  5  6  7  8  9 10 11
  1  2  3  4  5  6  7  8  9 10 11  0
  2  3  4  5  6  7  8  9 10 11  0  1
  3  4  5  6  7  8  9 10 11  0  1  2
  4  5  6  7  8  9 10 11  0  1  2  3
  5  6  7  8  9 10 11  0  1  2  3  4
  6  7  8  9 10 11  0  1  2  3  4  5
  7  8  9 10 11  0  1  2  3  4  5  6
  8  9 10 11  0  1  2  3  4  5  6  7
  9 10 11  0  1  2  3  4  5  6  7  8
 10 11  0  1  2  3  4  5  6  7  8  9
 11  0  1  2  3  4  5  6  7  8  9 10
mpltbl 2nd block
 12 13 14 15 16 17 18 19 20 21 22 23
 23 12 13 14 15 16 17 18 19 20 21 22
 22 23 12 13 14 15 16 17 18 19 20 21
 21 22 23 12 13 14 15 16 17 18 19 20
 20 21 22 23 12 13 14 15 16 17 18 19
 19 20 21 22 23 12 13 14 15 16 17 18
 18 19 20 21 22 23 12 13 14 15 16 17
 17 18 19 20 21 22 23 12 13 14 15 16
 16 17 18 19 20 21 22 23 12 13 14 15
 15 16 17 18 19 20 21 22 23 12 13 14
 14 15 16 17 18 19 20 21 22 23 12 13
 13 14 15 16 17 18 19 20 21 22 23 12
nr 24
Dode r_qn
r_qn[0]
[ [1 0 1] [0 0 1] [0 0 1] [0 0 1] [0 0 1] ]
[ [0 0 1] [1 0 1] [0 0 1] [0 0 1] [0 0 1] ]
[ [0 0 1] [0 0 1] [1 0 1] [0 0 1] [0 0 1] ]
[ [0 0 1] [0 0 1] [0 0 1] [1 0 1] [0 0 1] ]
[ [0 0 1] [0 0 1] [0 0 1] [0 0 1] [1 0 1] ]

r_qn[1]
[ [0 1 2] [1 0 2] [0 0 1] [0 0 1] [0 0 1] ]
[ [-1  0  2] [0 1 2] [0 0 1] [0 0 1] [0 0 1] ]
[ [0 0 1] [0 0 1] [ 0 -1  2] [1 0 2] [0 0 1] ]
[ [0 0 1] [0 0 1] [-1  0  2] [ 0 -1  2] [0 0 1] ]
[ [0 0 1] [0 0 1] [0 0 1] [0 0 1] [1 0 1] ]

r_qn[2]
[ [1 0 2] [0 1 2] [0 0 1] [0 0 1] [0 0 1] ]
[ [ 0 -1  2] [1 0 2] [0 0 1] [0 0 1] [0 0 1] ]
[ [0 0 1] [0 0 1] [1 0 2] [ 0 -1  2] [0 0 1] ]
[ [0 0 1] [0 0 1] [0 1 2] [1 0 2] [0 0 1] ]
[ [0 0 1] [0 0 1] [0 0 1] [0 0 1] [1 0 1] ]

r_qn[3]
[ [0 0 1] [1 0 1] [0 0 1] [0 0 1] [0 0 1] ]
[ [-1  0  1] [0 0 1] [0 0 1] [0 0 1] [0 0 1] ]
[ [0 0 1] [0 0 1] [0 0 1] [1 0 1] [0 0 1] ]
[ [0 0 1] [0 0 1] [-1  0  1] [0 0 1] [0 0 1] ]
[ [0 0 1] [0 0 1] [0 0 1] [0 0 1] [1 0 1] ]

r_qn[4]
[ [-1  0  2] [0 1 2] [0 0 1] [0 0 1] [0 0 1] ]
[ [ 0 -1  2] [-1  0  2] [0 0 1] [0 0 1] [0 0 1] ]
[ [0 0 1] [0 0 1] [-1  0  2] [ 0 -1  2] [0 0 1] ]
[ [0 0 1] [0 0 1] [0 1 2] [-1  0  2] [0 0 1] ]
[ [0 0 1] [0 0 1] [0 0 1] [0 0 1] [1 0 1] ]

r_qn[5]
[ [ 0 -1  2] [1 0 2] [0 0 1] [0 0 1] [0 0 1] ]
[ [-1  0  2] [ 0 -1  2] [0 0 1] [0 0 1] [0 0 1] ]
[ [0 0 1] [0 0 1] [0 1 2] [1 0 2] [0 0 1] ]
[ [0 0 1] [0 0 1] [-1  0  2] [0 1 2] [0 0 1] ]
[ [0 0 1] [0 0 1] [0 0 1] [0 0 1] [1 0 1] ]

r_qn[6]
[ [-1  0  1] [0 0 1] [0 0 1] [0 0 1] [0 0 1] ]
[ [0 0 1] [-1  0  1] [0 0 1] [0 0 1] [0 0 1] ]
[ [0 0 1] [0 0 1] [-1  0  1] [0 0 1] [0 0 1] ]
[ [0 0 1] [0 0 1] [0 0 1] [-1  0  1] [0 0 1] ]
[ [0 0 1] [0 0 1] [0 0 1] [0 0 1] [1 0 1] ]

r_qn[7]
[ [ 0 -1  2] [-1  0  2] [0 0 1] [0 0 1] [0 0 1] ]
[ [1 0 2] [ 0 -1  2] [0 0 1] [0 0 1] [0 0 1] ]
[ [0 0 1] [0 0 1] [0 1 2] [-1  0  2] [0 0 1] ]
[ [0 0 1] [0 0 1] [1 0 2] [0 1 2] [0 0 1] ]
[ [0 0 1] [0 0 1] [0 0 1] [0 0 1] [1 0 1] ]

r_qn[8]
[ [-1  0  2] [ 0 -1  2] [0 0 1] [0 0 1] [0 0 1] ]
[ [0 1 2] [-1  0  2] [0 0 1] [0 0 1] [0 0 1] ]
[ [0 0 1] [0 0 1] [-1  0  2] [0 1 2] [0 0 1] ]
[ [0 0 1] [0 0 1] [ 0 -1  2] [-1  0  2] [0 0 1] ]
[ [0 0 1] [0 0 1] [0 0 1] [0 0 1] [1 0 1] ]

r_qn[9]
[ [0 0 1] [-1  0  1] [0 0 1] [0 0 1] [0 0 1] ]
[ [1 0 1] [0 0 1] [0 0 1] [0 0 1] [0 0 1] ]
[ [0 0 1] [0 0 1] [0 0 1] [-1  0  1] [0 0 1] ]
[ [0 0 1] [0 0 1] [1 0 1] [0 0 1] [0 0 1] ]
[ [0 0 1] [0 0 1] [0 0 1] [0 0 1] [1 0 1] ]

r_qn[10]
[ [1 0 2] [ 0 -1  2] [0 0 1] [0 0 1] [0 0 1] ]
[ [0 1 2] [1 0 2] [0 0 1] [0 0 1] [0 0 1] ]
[ [0 0 1] [0 0 1] [1 0 2] [0 1 2] [0 0 1] ]
[ [0 0 1] [0 0 1] [ 0 -1  2] [1 0 2] [0 0 1] ]
[ [0 0 1] [0 0 1] [0 0 1] [0 0 1] [1 0 1] ]

r_qn[11]
[ [0 1 2] [-1  0  2] [0 0 1] [0 0 1] [0 0 1] ]
[ [1 0 2] [0 1 2] [0 0 1] [0 0 1] [0 0 1] ]
[ [0 0 1] [0 0 1] [ 0 -1  2] [-1  0  2] [0 0 1] ]
[ [0 0 1] [0 0 1] [1 0 2] [ 0 -1  2] [0 0 1] ]
[ [0 0 1] [0 0 1] [0 0 1] [0 0 1] [1 0 1] ]

r_qn[12]
[ [0 0 1] [1 0 1] [0 0 1] [0 0 1] [0 0 1] ]
[ [1 0 1] [0 0 1] [0 0 1] [0 0 1] [0 0 1] ]
[ [0 0 1] [0 0 1] [0 0 1] [1 0 1] [0 0 1] ]
[ [0 0 1] [0 0 1] [1 0 1] [0 0 1] [0 0 1] ]
[ [0 0 1] [0 0 1] [0 0 1] [0 0 1] [1 0 1] ]

r_qn[13]
[ [-1  0  2] [0 1 2] [0 0 1] [0 0 1] [0 0 1] ]
[ [0 1 2] [1 0 2] [0 0 1] [0 0 1] [0 0 1] ]
[ [0 0 1] [0 0 1] [-1  0  2] [ 0 -1  2] [0 0 1] ]
[ [0 0 1] [0 0 1] [ 0 -1  2] [1 0 2] [0 0 1] ]
[ [0 0 1] [0 0 1] [0 0 1] [0 0 1] [1 0 1] ]

r_qn[14]
[ [ 0 -1  2] [1 0 2] [0 0 1] [0 0 1] [0 0 1] ]
[ [1 0 2] [0 1 2] [0 0 1] [0 0 1] [0 0 1] ]
[ [0 0 1] [0 0 1] [0 1 2] [1 0 2] [0 0 1] ]
[ [0 0 1] [0 0 1] [1 0 2] [ 0 -1  2] [0 0 1] ]
[ [0 0 1] [0 0 1] [0 0 1] [0 0 1] [1 0 1] ]

r_qn[15]
[ [-1  0  1] [0 0 1] [0 0 1] [0 0 1] [0 0 1] ]
[ [0 0 1] [1 0 1] [0 0 1] [0 0 1] [0 0 1] ]
[ [0 0 1] [0 0 1] [-1  0  1] [0 0 1] [0 0 1] ]
[ [0 0 1] [0 0 1] [0 0 1] [1 0 1] [0 0 1] ]
[ [0 0 1] [0 0 1] [0 0 1] [0 0 1] [1 0 1] ]

r_qn[16]
[ [ 0 -1  2] [-1  0  2] [0 0 1] [0 0 1] [0 0 1] ]
[ [-1  0  2] [0 1 2] [0 0 1] [0 0 1] [0 0 1] ]
[ [0 0 1] [0 0 1] [0 1 2] [-1  0  2] [0 0 1] ]
[ [0 0 1] [0 0 1] [-1  0  2] [ 0 -1  2] [0 0 1] ]
[ [0 0 1] [0 0 1] [0 0 1] [0 0 1] [1 0 1] ]

r_qn[17]
[ [-1  0  2] [ 0 -1  2] [0 0 1] [0 0 1] [0 0 1] ]
[ [ 0 -1  2] [1 0 2] [0 0 1] [0 0 1] [0 0 1] ]
[ [0 0 1] [0 0 1] [-1  0  2] [0 1 2] [0 0 1] ]
[ [0 0 1] [0 0 1] [0 1 2] [1 0 2] [0 0 1] ]
[ [0 0 1] [0 0 1] [0 0 1] [0 0 1] [1 0 1] ]

r_qn[18]
[ [0 0 1] [-1  0  1] [0 0 1] [0 0 1] [0 0 1] ]
[ [-1  0  1] [0 0 1] [0 0 1] [0 0 1] [0 0 1] ]
[ [0 0 1] [0 0 1] [0 0 1] [-1  0  1] [0 0 1] ]
[ [0 0 1] [0 0 1] [-1  0  1] [0 0 1] [0 0 1] ]
[ [0 0 1] [0 0 1] [0 0 1] [0 0 1] [1 0 1] ]

r_qn[19]
[ [1 0 2] [ 0 -1  2] [0 0 1] [0 0 1] [0 0 1] ]
[ [ 0 -1  2] [-1  0  2] [0 0 1] [0 0 1] [0 0 1] ]
[ [0 0 1] [0 0 1] [1 0 2] [0 1 2] [0 0 1] ]
[ [0 0 1] [0 0 1] [0 1 2] [-1  0  2] [0 0 1] ]
[ [0 0 1] [0 0 1] [0 0 1] [0 0 1] [1 0 1] ]

r_qn[20]
[ [0 1 2] [-1  0  2] [0 0 1] [0 0 1] [0 0 1] ]
[ [-1  0  2] [ 0 -1  2] [0 0 1] [0 0 1] [0 0 1] ]
[ [0 0 1] [0 0 1] [ 0 -1  2] [-1  0  2] [0 0 1] ]
[ [0 0 1] [0 0 1] [-1  0  2] [0 1 2] [0 0 1] ]
[ [0 0 1] [0 0 1] [0 0 1] [0 0 1] [1 0 1] ]

r_qn[21]
[ [1 0 1] [0 0 1] [0 0 1] [0 0 1] [0 0 1] ]
[ [0 0 1] [-1  0  1] [0 0 1] [0 0 1] [0 0 1] ]
[ [0 0 1] [0 0 1] [1 0 1] [0 0 1] [0 0 1] ]
[ [0 0 1] [0 0 1] [0 0 1] [-1  0  1] [0 0 1] ]
[ [0 0 1] [0 0 1] [0 0 1] [0 0 1] [1 0 1] ]

r_qn[22]
[ [0 1 2] [1 0 2] [0 0 1] [0 0 1] [0 0 1] ]
[ [1 0 2] [ 0 -1  2] [0 0 1] [0 0 1] [0 0 1] ]
[ [0 0 1] [0 0 1] [ 0 -1  2] [1 0 2] [0 0 1] ]
[ [0 0 1] [0 0 1] [1 0 2] [0 1 2] [0 0 1] ]
[ [0 0 1] [0 0 1] [0 0 1] [0 0 1] [1 0 1] ]

r_qn[23]
[ [1 0 2] [0 1 2] [0 0 1] [0 0 1] [0 0 1] ]
[ [0 1 2] [-1  0  2] [0 0 1] [0 0 1] [0 0 1] ]
[ [0 0 1] [0 0 1] [1 0 2] [ 0 -1  2] [0 0 1] ]
[ [0 0 1] [0 0 1] [ 0 -1  2] [-1  0  2] [0 0 1] ]
[ [0 0 1] [0 0 1] [0 0 1] [0 0 1] [1 0 1] ]

crsys.isys 2
qnsym_init isys 2 n 6 N 5
# 1
[  1  0  0  0  0  0]
[  0  0  1  0  0  0]
[  0  0  0  1  0  0]
[  0  0  0  0  1  0]
[  0  0  0  0  0  1]
[  0  1  0  0  0  0]
 
# 2
[ -1  0  0  0  0  0]
[  0 -1  0  0  0  0]
[  0  0  0  0  0 -1]
[  0  0  0  0 -1  0]
[  0  0  0 -1  0  0]
[  0  0 -1  0  0  0]
 
# 3
[  0  0  0  0  0 -1]
[  0 -1  0  0  0  0]
[  0  0  0  1  0  0]
[  0  0  1  0  0  0]
[  0  0  0  0 -1  0]
[ -1  0  0  0  0  0]
 
# 4
[  0  1  0  0  0  0]
[  0  0  1  0  0  0]
[  1  0  0  0  0  0]
[  0  0  0  0  0  1]
[  0  0  0 -1  0  0]
[  0  0  0  0 -1  0]
 
# 5
[ -1  0  0  0  0  0]
[  0 -1  0  0  0  0]
[  0  0 -1  0  0  0]
[  0  0  0 -1  0  0]
[  0  0  0  0 -1  0]
[  0  0  0  0  0 -1]
 
# 1
[  1  0  0  0  0  0]
[  0  1  0  0  0  0]
[  0  0  1  0  0  0]
[  0  0  0  1  0  0]
[  0  0  0  0  1  0]
[  0  0  0  0  0  1]
 
# 2
[  1  0  0  0  0  0]
[  0  0  1  0  0  0]
[  0  0  0  1  0  0]
[  0  0  0  0  1  0]
[  0  0  0  0  0  1]
[  0  1  0  0  0  0]
 
# 3
[  1  0  0  0  0  0]
[  0  0  0  1  0  0]
[  0  0  0  0  1  0]
[  0  0  0  0  0  1]
[  0  1  0  0  0  0]
[  0  0  1  0  0  0]
 
# 4
[  1  0  0  0  0  0]
[  0  0  0  0  1  0]
[  0  0  0  0  0  1]
[  0  1  0  0  0  0]
[  0  0  1  0  0  0]
[  0  0  0  1  0  0]
 
# 5
[  1  0  0  0  0  0]
[  0  0  0  0  0  1]
[  0  1  0  0  0  0]
[  0  0  1  0  0  0]
[  0  0  0  1  0  0]
[  0  0  0  0  1  0]
 
# 6
[ -1  0  0  0  0  0]
[  0 -1  0  0  0  0]
[  0  0  0  0  0 -1]
[  0  0  0  0 -1  0]
[  0  0  0 -1  0  0]
[  0  0 -1  0  0  0]
 
# 7
[ -1  0  0  0  0  0]
[  0  0 -1  0  0  0]
[  0 -1  0  0  0  0]
[  0  0  0  0  0 -1]
[  0  0  0  0 -1  0]
[  0  0  0 -1  0  0]
 
# 8
[ -1  0  0  0  0  0]
[  0  0  0 -1  0  0]
[  0  0 -1  0  0  0]
[  0 -1  0  0  0  0]
[  0  0  0  0  0 -1]
[  0  0  0  0 -1  0]
 
# 9
[ -1  0  0  0  0  0]
[  0  0  0  0 -1  0]
[  0  0  0 -1  0  0]
[  0  0 -1  0  0  0]
[  0 -1  0  0  0  0]
[  0  0  0  0  0 -1]
 
# 10
[ -1  0  0  0  0  0]
[  0  0  0  0  0 -1]
[  0  0  0  0 -1  0]
[  0  0  0 -1  0  0]
[  0  0 -1  0  0  0]
[  0 -1  0  0  0  0]
 
# 11
[  0  0  0  0  0 -1]
[  0 -1  0  0  0  0]
[  0  0  0  1  0  0]
[  0  0  1  0  0  0]
[  0  0  0  0 -1  0]
[ -1  0  0  0  0  0]
 
# 12
[  0 -1  0  0  0  0]
[  0  0 -1  0  0  0]
[  0  0  0  0  1  0]
[  0  0  0  1  0  0]
[  0  0  0  0  0 -1]
[ -1  0  0  0  0  0]
 
# 13
[  0  0 -1  0  0  0]
[  0  0  0 -1  0  0]
[  0  0  0  0  0  1]
[  0  0  0  0  1  0]
[  0 -1  0  0  0  0]
[ -1  0  0  0  0  0]
 
# 14
[  0  0  0 -1  0  0]
[  0  0  0  0 -1  0]
[  0  1  0  0  0  0]
[  0  0  0  0  0  1]
[  0  0 -1  0  0  0]
[ -1  0  0  0  0  0]
 
# 15
[  0  0  0  0 -1  0]
[  0  0  0  0  0 -1]
[  0  0  1  0  0  0]
[  0  1  0  0  0  0]
[  0  0  0 -1  0  0]
[ -1  0  0  0  0  0]
 
# 16
[  0  0  1  0  0  0]
[  0  1  0  0  0  0]
[  0  0  0  0 -1  0]
[  0  0  0  0  0 -1]
[  0  0  0  1  0  0]
[  1  0  0  0  0  0]
 
# 17
[  0  0  0  1  0  0]
[  0  0  1  0  0  0]
[  0  0  0  0  0 -1]
[  0 -1  0  0  0  0]
[  0  0  0  0  1  0]
[  1  0  0  0  0  0]
 
# 18
[  0  0  0  0  1  0]
[  0  0  0  1  0  0]
[  0 -1  0  0  0  0]
[  0  0 -1  0  0  0]
[  0  0  0  0  0  1]
[  1  0  0  0  0  0]
 
# 19
[  0  0  0  0  0  1]
[  0  0  0  0  1  0]
[  0  0 -1  0  0  0]
[  0  0  0 -1  0  0]
[  0  1  0  0  0  0]
[  1  0  0  0  0  0]
 
# 20
[  0  1  0  0  0  0]
[  0  0  0  0  0  1]
[  0  0  0 -1  0  0]
[  0  0  0  0 -1  0]
[  0  0  1  0  0  0]
[  1  0  0  0  0  0]
 
# 21
[  0  1  0  0  0  0]
[  0  0  1  0  0  0]
[  1  0  0  0  0  0]
[  0  0  0  0  0  1]
[  0  0  0 -1  0  0]
[  0  0  0  0 -1  0]
 
# 22
[  0  0  1  0  0  0]
[  0  0  0  1  0  0]
[  1  0  0  0  0  0]
[  0  1  0  0  0  0]
[  0  0  0  0 -1  0]
[  0  0  0  0  0 -1]
 
# 23
[  0  0  0  1  0  0]
[  0  0  0  0  1  0]
[  1  0  0  0  0  0]
[  0  0  1  0  0  0]
[  0  0  0  0  0 -1]
[  0 -1  0  0  0  0]
 
# 24
[  0  0  0  0  1  0]
[  0  0  0  0  0  1]
[  1  0  0  0  0  0]
[  0  0  0  1  0  0]
[  0 -1  0  0  0  0]
[  0  0 -1  0  0  0]
 
# 25
[  0  0  0  0  0  1]
[  0  1  0  0  0  0]
[  1  0  0  0  0  0]
[  0  0  0  0  1  0]
[  0  0 -1  0  0  0]
[  0  0  0 -1  0  0]
 
# 26
[  0 -1  0  0  0  0]
[  0  0  0  0  0 -1]
[ -1  0  0  0  0  0]
[  0  0 -1  0  0  0]
[  0  0  0  0  1  0]
[  0  0  0  1  0  0]
 
# 27
[  0  0 -1  0  0  0]
[  0 -1  0  0  0  0]
[ -1  0  0  0  0  0]
[  0  0  0 -1  0  0]
[  0  0  0  0  0  1]
[  0  0  0  0  1  0]
 
# 28
[  0  0  0 -1  0  0]
[  0  0 -1  0  0  0]
[ -1  0  0  0  0  0]
[  0  0  0  0 -1  0]
[  0  1  0  0  0  0]
[  0  0  0  0  0  1]
 
# 29
[  0  0  0  0 -1  0]
[  0  0  0 -1  0  0]
[ -1  0  0  0  0  0]
[  0  0  0  0  0 -1]
[  0  0  1  0  0  0]
[  0  1  0  0  0  0]
 
# 30
[  0  0  0  0  0 -1]
[  0  0  0  0 -1  0]
[ -1  0  0  0  0  0]
[  0 -1  0  0  0  0]
[  0  0  0  1  0  0]
[  0  0  1  0  0  0]
 
# 31
[  0 -1  0  0  0  0]
[  0  0  0  1  0  0]
[  0  0  0  0  0 -1]
[ -1  0  0  0  0  0]
[  0  0 -1  0  0  0]
[  0  0  0  0  1  0]
 
# 32
[  0  0 -1  0  0  0]
[  0  0  0  0  1  0]
[  0 -1  0  0  0  0]
[ -1  0  0  0  0  0]
[  0  0  0 -1  0  0]
[  0  0  0  0  0  1]
 
# 33
[  0  0  0 -1  0  0]
[  0  0  0  0  0  1]
[  0  0 -1  0  0  0]
[ -1  0  0  0  0  0]
[  0  0  0  0 -1  0]
[  0  1  0  0  0  0]
 
# 34
[  0  0  0  0 -1  0]
[  0  1  0  0  0  0]
[  0  0  0 -1  0  0]
[ -1  0  0  0  0  0]
[  0  0  0  0  0 -1]
[  0  0  1  0  0  0]
 
# 35
[  0  0  0  0  0 -1]
[  0  0  1  0  0  0]
[  0  0  0  0 -1  0]
[ -1  0  0  0  0  0]
[  0 -1  0  0  0  0]
[  0  0  0  1  0  0]
 
# 36
[  0  1  0  0  0  0]
[  0  0  0  0 -1  0]
[  0  0  1  0  0  0]
[  1  0  0  0  0  0]
[  0  0  0  0  0  1]
[  0  0  0 -1  0  0]
 
# 37
[  0  0  1  0  0  0]
[  0  0  0  0  0 -1]
[  0  0  0  1  0  0]
[  1  0  0  0  0  0]
[  0  1  0  0  0  0]
[  0  0  0  0 -1  0]
 
# 38
[  0  0  0  1  0  0]
[  0 -1  0  0  0  0]
[  0  0  0  0  1  0]
[  1  0  0  0  0  0]
[  0  0  1  0  0  0]
[  0  0  0  0  0 -1]
 
# 39
[  0  0  0  0  1  0]
[  0  0 -1  0  0  0]
[  0  0  0  0  0  1]
[  1  0  0  0  0  0]
[  0  0  0  1  0  0]
[  0 -1  0  0  0  0]
 
# 40
[  0  0  0  0  0  1]
[  0  0  0 -1  0  0]
[  0  1  0  0  0  0]
[  1  0  0  0  0  0]
[  0  0  0  0  1  0]
[  0  0 -1  0  0  0]
 
# 41
[  0  0  1  0  0  0]
[  1  0  0  0  0  0]
[  0  1  0  0  0  0]
[  0  0  0  0 -1  0]
[  0  0  0  0  0 -1]
[  0  0  0  1  0  0]
 
# 42
[  0  0  0  1  0  0]
[  1  0  0  0  0  0]
[  0  0  1  0  0  0]
[  0  0  0  0  0 -1]
[  0 -1  0  0  0  0]
[  0  0  0  0  1  0]
 
# 43
[  0  0  0  0  1  0]
[  1  0  0  0  0  0]
[  0  0  0  1  0  0]
[  0 -1  0  0  0  0]
[  0  0 -1  0  0  0]
[  0  0  0  0  0  1]
 
# 44
[  0  0  0  0  0  1]
[  1  0  0  0  0  0]
[  0  0  0  0  1  0]
[  0  0 -1  0  0  0]
[  0  0  0 -1  0  0]
[  0  1  0  0  0  0]
 
# 45
[  0  1  0  0  0  0]
[  1  0  0  0  0  0]
[  0  0  0  0  0  1]
[  0  0  0 -1  0  0]
[  0  0  0  0 -1  0]
[  0  0  1  0  0  0]
 
# 46
[  0  0  0  0  0 -1]
[ -1  0  0  0  0  0]
[  0 -1  0  0  0  0]
[  0  0  0  1  0  0]
[  0  0  1  0  0  0]
[  0  0  0  0 -1  0]
 
# 47
[  0 -1  0  0  0  0]
[ -1  0  0  0  0  0]
[  0  0 -1  0  0  0]
[  0  0  0  0  1  0]
[  0  0  0  1  0  0]
[  0  0  0  0  0 -1]
 
# 48
[  0  0 -1  0  0  0]
[ -1  0  0  0  0  0]
[  0  0  0 -1  0  0]
[  0  0  0  0  0  1]
[  0  0  0  0  1  0]
[  0 -1  0  0  0  0]
 
# 49
[  0  0  0 -1  0  0]
[ -1  0  0  0  0  0]
[  0  0  0  0 -1  0]
[  0  1  0  0  0  0]
[  0  0  0  0  0  1]
[  0  0 -1  0  0  0]
 
# 50
[  0  0  0  0 -1  0]
[ -1  0  0  0  0  0]
[  0  0  0  0  0 -1]
[  0  0  1  0  0  0]
[  0  1  0  0  0  0]
[  0  0  0 -1  0  0]
 
# 51
[  0  0  0  1  0  0]
[  0  0  0  0  0 -1]
[  0 -1  0  0  0  0]
[  0  0  0  0  1  0]
[  1  0  0  0  0  0]
[  0  0  1  0  0  0]
 
# 52
[  0  0  0  0  1  0]
[  0 -1  0  0  0  0]
[  0  0 -1  0  0  0]
[  0  0  0  0  0  1]
[  1  0  0  0  0  0]
[  0  0  0  1  0  0]
 
# 53
[  0  0  0  0  0  1]
[  0  0 -1  0  0  0]
[  0  0  0 -1  0  0]
[  0  1  0  0  0  0]
[  1  0  0  0  0  0]
[  0  0  0  0  1  0]
 
# 54
[  0  1  0  0  0  0]
[  0  0  0 -1  0  0]
[  0  0  0  0 -1  0]
[  0  0  1  0  0  0]
[  1  0  0  0  0  0]
[  0  0  0  0  0  1]
 
# 55
[  0  0  1  0  0  0]
[  0  0  0  0 -1  0]
[  0  0  0  0  0 -1]
[  0  0  0  1  0  0]
[  1  0  0  0  0  0]
[  0  1  0  0  0  0]
 
# 56
[  0  0  0  0 -1  0]
[  0  0  1  0  0  0]
[  0  1  0  0  0  0]
[  0  0  0 -1  0  0]
[ -1  0  0  0  0  0]
[  0  0  0  0  0 -1]
 
# 57
[  0  0  0  0  0 -1]
[  0  0  0  1  0  0]
[  0  0  1  0  0  0]
[  0  0  0  0 -1  0]
[ -1  0  0  0  0  0]
[  0 -1  0  0  0  0]
 
# 58
[  0 -1  0  0  0  0]
[  0  0  0  0  1  0]
[  0  0  0  1  0  0]
[  0  0  0  0  0 -1]
[ -1  0  0  0  0  0]
[  0  0 -1  0  0  0]
 
# 59
[  0  0 -1  0  0  0]
[  0  0  0  0  0  1]
[  0  0  0  0  1  0]
[  0 -1  0  0  0  0]
[ -1  0  0  0  0  0]
[  0  0  0 -1  0  0]
 
# 60
[  0  0  0 -1  0  0]
[  0  1  0  0  0  0]
[  0  0  0  0  0  1]
[  0  0 -1  0  0  0]
[ -1  0  0  0  0  0]
[  0  0  0  0 -1  0]
 
# 61
[ -1  0  0  0  0  0]
[  0 -1  0  0  0  0]
[  0  0 -1  0  0  0]
[  0  0  0 -1  0  0]
[  0  0  0  0 -1  0]
[  0  0  0  0  0 -1]
 
# 62
[ -1  0  0  0  0  0]
[  0  0 -1  0  0  0]
[  0  0  0 -1  0  0]
[  0  0  0  0 -1  0]
[  0  0  0  0  0 -1]
[  0 -1  0  0  0  0]
 
# 63
[ -1  0  0  0  0  0]
[  0  0  0 -1  0  0]
[  0  0  0  0 -1  0]
[  0  0  0  0  0 -1]
[  0 -1  0  0  0  0]
[  0  0 -1  0  0  0]
 
# 64
[ -1  0  0  0  0  0]
[  0  0  0  0 -1  0]
[  0  0  0  0  0 -1]
[  0 -1  0  0  0  0]
[  0  0 -1  0  0  0]
[  0  0  0 -1  0  0]
 
# 65
[ -1  0  0  0  0  0]
[  0  0  0  0  0 -1]
[  0 -1  0  0  0  0]
[  0  0 -1  0  0  0]
[  0  0  0 -1  0  0]
[  0  0  0  0 -1  0]
 
# 66
[  1  0  0  0  0  0]
[  0  1  0  0  0  0]
[  0  0  0  0  0  1]
[  0  0  0  0  1  0]
[  0  0  0  1  0  0]
[  0  0  1  0  0  0]
 
# 67
[  1  0  0  0  0  0]
[  0  0  1  0  0  0]
[  0  1  0  0  0  0]
[  0  0  0  0  0  1]
[  0  0  0  0  1  0]
[  0  0  0  1  0  0]
 
# 68
[  1  0  0  0  0  0]
[  0  0  0  1  0  0]
[  0  0  1  0  0  0]
[  0  1  0  0  0  0]
[  0  0  0  0  0  1]
[  0  0  0  0  1  0]
 
# 69
[  1  0  0  0  0  0]
[  0  0  0  0  1  0]
[  0  0  0  1  0  0]
[  0  0  1  0  0  0]
[  0  1  0  0  0  0]
[  0  0  0  0  0  1]
 
# 70
[  1  0  0  0  0  0]
[  0  0  0  0  0  1]
[  0  0  0  0  1  0]
[  0  0  0  1  0  0]
[  0  0  1  0  0  0]
[  0  1  0  0  0  0]
 
# 71
[  0  0  0  0  0  1]
[  0  1  0  0  0  0]
[  0  0  0 -1  0  0]
[  0  0 -1  0  0  0]
[  0  0  0  0  1  0]
[  1  0  0  0  0  0]
 
# 72
[  0  1  0  0  0  0]
[  0  0  1  0  0  0]
[  0  0  0  0 -1  0]
[  0  0  0 -1  0  0]
[  0  0  0  0  0  1]
[  1  0  0  0  0  0]
 
# 73
[  0  0  1  0  0  0]
[  0  0  0  1  0  0]
[  0  0  0  0  0 -1]
[  0  0  0  0 -1  0]
[  0  1  0  0  0  0]
[  1  0  0  0  0  0]
 
# 74
[  0  0  0  1  0  0]
[  0  0  0  0  1  0]
[  0 -1  0  0  0  0]
[  0  0  0  0  0 -1]
[  0  0  1  0  0  0]
[  1  0  0  0  0  0]
 
# 75
[  0  0  0  0  1  0]
[  0  0  0  0  0  1]
[  0  0 -1  0  0  0]
[  0 -1  0  0  0  0]
[  0  0  0  1  0  0]
[  1  0  0  0  0  0]
 
# 76
[  0  0 -1  0  0  0]
[  0 -1  0  0  0  0]
[  0  0  0  0  1  0]
[  0  0  0  0  0  1]
[  0  0  0 -1  0  0]
[ -1  0  0  0  0  0]
 
# 77
[  0  0  0 -1  0  0]
[  0  0 -1  0  0  0]
[  0  0  0  0  0  1]
[  0  1  0  0  0  0]
[  0  0  0  0 -1  0]
[ -1  0  0  0  0  0]
 
# 78
[  0  0  0  0 -1  0]
[  0  0  0 -1  0  0]
[  0  1  0  0  0  0]
[  0  0  1  0  0  0]
[  0  0  0  0  0 -1]
[ -1  0  0  0  0  0]
 
# 79
[  0  0  0  0  0 -1]
[  0  0  0  0 -1  0]
[  0  0  1  0  0  0]
[  0  0  0  1  0  0]
[  0 -1  0  0  0  0]
[ -1  0  0  0  0  0]
 
# 80
[  0 -1  0  0  0  0]
[  0  0  0  0  0 -1]
[  0  0  0  1  0  0]
[  0  0  0  0  1  0]
[  0  0 -1  0  0  0]
[ -1  0  0  0  0  0]
 
# 81
[  0 -1  0  0  0  0]
[  0  0 -1  0  0  0]
[ -1  0  0  0  0  0]
[  0  0  0  0  0 -1]
[  0  0  0  1  0  0]
[  0  0  0  0  1  0]
 
# 82
[  0  0 -1  0  0  0]
[  0  0  0 -1  0  0]
[ -1  0  0  0  0  0]
[  0 -1  0  0  0  0]
[  0  0  0  0  1  0]
[  0  0  0  0  0  1]
 
# 83
[  0  0  0 -1  0  0]
[  0  0  0  0 -1  0]
[ -1  0  0  0  0  0]
[  0  0 -1  0  0  0]
[  0  0  0  0  0  1]
[  0  1  0  0  0  0]
 
# 84
[  0  0  0  0 -1  0]
[  0  0  0  0  0 -1]
[ -1  0  0  0  0  0]
[  0  0  0 -1  0  0]
[  0  1  0  0  0  0]
[  0  0  1  0  0  0]
 
# 85
[  0  0  0  0  0 -1]
[  0 -1  0  0  0  0]
[ -1  0  0  0  0  0]
[  0  0  0  0 -1  0]
[  0  0  1  0  0  0]
[  0  0  0  1  0  0]
 
# 86
[  0  1  0  0  0  0]
[  0  0  0  0  0  1]
[  1  0  0  0  0  0]
[  0  0  1  0  0  0]
[  0  0  0  0 -1  0]
[  0  0  0 -1  0  0]
 
# 87
[  0  0  1  0  0  0]
[  0  1  0  0  0  0]
[  1  0  0  0  0  0]
[  0  0  0  1  0  0]
[  0  0  0  0  0 -1]
[  0  0  0  0 -1  0]
 
# 88
[  0  0  0  1  0  0]
[  0  0  1  0  0  0]
[  1  0  0  0  0  0]
[  0  0  0  0  1  0]
[  0 -1  0  0  0  0]
[  0  0  0  0  0 -1]
 
# 89
[  0  0  0  0  1  0]
[  0  0  0  1  0  0]
[  1  0  0  0  0  0]
[  0  0  0  0  0  1]
[  0  0 -1  0  0  0]
[  0 -1  0  0  0  0]
 
# 90
[  0  0  0  0  0  1]
[  0  0  0  0  1  0]
[  1  0  0  0  0  0]
[  0  1  0  0  0  0]
[  0  0  0 -1  0  0]
[  0  0 -1  0  0  0]
 
# 91
[  0  1  0  0  0  0]
[  0  0  0 -1  0  0]
[  0  0  0  0  0  1]
[  1  0  0  0  0  0]
[  0  0  1  0  0  0]
[  0  0  0  0 -1  0]
 
# 92
[  0  0  1  0  0  0]
[  0  0  0  0 -1  0]
[  0  1  0  0  0  0]
[  1  0  0  0  0  0]
[  0  0  0  1  0  0]
[  0  0  0  0  0 -1]
 
# 93
[  0  0  0  1  0  0]
[  0  0  0  0  0 -1]
[  0  0  1  0  0  0]
[  1  0  0  0  0  0]
[  0  0  0  0  1  0]
[  0 -1  0  0  0  0]
 
# 94
[  0  0  0  0  1  0]
[  0 -1  0  0  0  0]
[  0  0  0  1  0  0]
[  1  0  0  0  0  0]
[  0  0  0  0  0  1]
[  0  0 -1  0  0  0]
 
# 95
[  0  0  0  0  0  1]
[  0  0 -1  0  0  0]
[  0  0  0  0  1  0]
[  1  0  0  0  0  0]
[  0  1  0  0  0  0]
[  0  0  0 -1  0  0]
 
# 96
[  0 -1  0  0  0  0]
[  0  0  0  0  1  0]
[  0  0 -1  0  0  0]
[ -1  0  0  0  0  0]
[  0  0  0  0  0 -1]
[  0  0  0  1  0  0]
 
# 97
[  0  0 -1  0  0  0]
[  0  0  0  0  0  1]
[  0  0  0 -1  0  0]
[ -1  0  0  0  0  0]
[  0 -1  0  0  0  0]
[  0  0  0  0  1  0]
 
# 98
[  0  0  0 -1  0  0]
[  0  1  0  0  0  0]
[  0  0  0  0 -1  0]
[ -1  0  0  0  0  0]
[  0  0 -1  0  0  0]
[  0  0  0  0  0  1]
 
# 99
[  0  0  0  0 -1  0]
[  0  0  1  0  0  0]
[  0  0  0  0  0 -1]
[ -1  0  0  0  0  0]
[  0  0  0 -1  0  0]
[  0  1  0  0  0  0]
 
# 100
[  0  0  0  0  0 -1]
[  0  0  0  1  0  0]
[  0 -1  0  0  0  0]
[ -1  0  0  0  0  0]
[  0  0  0  0 -1  0]
[  0  0  1  0  0  0]
 
# 101
[  0  0 -1  0  0  0]
[ -1  0  0  0  0  0]
[  0 -1  0  0  0  0]
[  0  0  0  0  1  0]
[  0  0  0  0  0  1]
[  0  0  0 -1  0  0]
 
# 102
[  0  0  0 -1  0  0]
[ -1  0  0  0  0  0]
[  0  0 -1  0  0  0]
[  0  0  0  0  0  1]
[  0  1  0  0  0  0]
[  0  0  0  0 -1  0]
 
# 103
[  0  0  0  0 -1  0]
[ -1  0  0  0  0  0]
[  0  0  0 -1  0  0]
[  0  1  0  0  0  0]
[  0  0  1  0  0  0]
[  0  0  0  0  0 -1]
 
# 104
[  0  0  0  0  0 -1]
[ -1  0  0  0  0  0]
[  0  0  0  0 -1  0]
[  0  0  1  0  0  0]
[  0  0  0  1  0  0]
[  0 -1  0  0  0  0]
 
# 105
[  0 -1  0  0  0  0]
[ -1  0  0  0  0  0]
[  0  0  0  0  0 -1]
[  0  0  0  1  0  0]
[  0  0  0  0  1  0]
[  0  0 -1  0  0  0]
 
# 106
[  0  0  0  0  0  1]
[  1  0  0  0  0  0]
[  0  1  0  0  0  0]
[  0  0  0 -1  0  0]
[  0  0 -1  0  0  0]
[  0  0  0  0  1  0]
 
# 107
[  0  1  0  0  0  0]
[  1  0  0  0  0  0]
[  0  0  1  0  0  0]
[  0  0  0  0 -1  0]
[  0  0  0 -1  0  0]
[  0  0  0  0  0  1]
 
# 108
[  0  0  1  0  0  0]
[  1  0  0  0  0  0]
[  0  0  0  1  0  0]
[  0  0  0  0  0 -1]
[  0  0  0  0 -1  0]
[  0  1  0  0  0  0]
 
# 109
[  0  0  0  1  0  0]
[  1  0  0  0  0  0]
[  0  0  0  0  1  0]
[  0 -1  0  0  0  0]
[  0  0  0  0  0 -1]
[  0  0  1  0  0  0]
 
# 110
[  0  0  0  0  1  0]
[  1  0  0  0  0  0]
[  0  0  0  0  0  1]
[  0  0 -1  0  0  0]
[  0 -1  0  0  0  0]
[  0  0  0  1  0  0]
 
# 111
[  0  0  0 -1  0  0]
[  0  0  0  0  0  1]
[  0  1  0  0  0  0]
[  0  0  0  0 -1  0]
[ -1  0  0  0  0  0]
[  0  0 -1  0  0  0]
 
# 112
[  0  0  0  0 -1  0]
[  0  1  0  0  0  0]
[  0  0  1  0  0  0]
[  0  0  0  0  0 -1]
[ -1  0  0  0  0  0]
[  0  0  0 -1  0  0]
 
# 113
[  0  0  0  0  0 -1]
[  0  0  1  0  0  0]
[  0  0  0  1  0  0]
[  0 -1  0  0  0  0]
[ -1  0  0  0  0  0]
[  0  0  0  0 -1  0]
 
# 114
[  0 -1  0  0  0  0]
[  0  0  0  1  0  0]
[  0  0  0  0  1  0]
[  0  0 -1  0  0  0]
[ -1  0  0  0  0  0]
[  0  0  0  0  0 -1]
 
# 115
[  0  0 -1  0  0  0]
[  0  0  0  0  1  0]
[  0  0  0  0  0  1]
[  0  0  0 -1  0  0]
[ -1  0  0  0  0  0]
[  0 -1  0  0  0  0]
 
# 116
[  0  0  0  0  1  0]
[  0  0 -1  0  0  0]
[  0 -1  0  0  0  0]
[  0  0  0  1  0  0]
[  1  0  0  0  0  0]
[  0  0  0  0  0  1]
 
# 117
[  0  0  0  0  0  1]
[  0  0  0 -1  0  0]
[  0  0 -1  0  0  0]
[  0  0  0  0  1  0]
[  1  0  0  0  0  0]
[  0  1  0  0  0  0]
 
# 118
[  0  1  0  0  0  0]
[  0  0  0  0 -1  0]
[  0  0  0 -1  0  0]
[  0  0  0  0  0  1]
[  1  0  0  0  0  0]
[  0  0  1  0  0  0]
 
# 119
[  0  0  1  0  0  0]
[  0  0  0  0  0 -1]
[  0  0  0  0 -1  0]
[  0  1  0  0  0  0]
[  1  0  0  0  0  0]
[  0  0  0  1  0  0]
 
# 120
[  0  0  0  1  0  0]
[  0 -1  0  0  0  0]
[  0  0  0  0  0 -1]
[  0  0  1  0  0  0]
[  1  0  0  0  0  0]
[  0  0  0  0  1  0]
 
mpltbl 1st block
  0  1  2  3  4  5  6  7  8  9 10 11 12 13 14 15 16 17 18 19 20 21 22 23 24 25 26 27 28 29 30 31 32 33 34 35 36 37 38 39 40 41 42 43 44 45 46 47 48 49 50 51 52 53 54 55 56 57 58 59
  1  2  3  4  0  9  5  6  7  8 56 57 58 59 55 54 50 51 52 53 44 40 41 42 43 46 47 48 49 45 25 26 27 28 29 20 21 22 23 24 15 16 17 18 19 10 11 12 13 14 37 38 39 35 36 33 34 30 31 32
  2  3  4  0  1  8  9  5  6  7 34 30 31 32 33 36 37 38 39 35 19 15 16 17 18 11 12 13 14 10 46 47 48 49 45 44 40 41 42 43 54 50 51 52 53 56 57 58 59 55 22 23 24 20 21 28 29 25 26 27
  3  4  0  1  2  7  8  9  5  6 29 25 26 27 28 21 22 23 24 20 53 54 50 51 52 57 58 59 55 56 11 12 13 14 10 19 15 16 17 18 36 37 38 39 35 34 30 31 32 33 41 42 43 44 40 49 45 46 47 48
  4  0  1  2  3  6  7  8  9  5 45 46 47 48 49 40 41 42 43 44 35 36 37 38 39 30 31 32 33 34 57 58 59 55 56 53 54 50 51 52 21 22 23 24 20 29 25 26 27 28 16 17 18 19 15 14 10 11 12 13
  5  6  7  8  9  0  1  2  3  4 24 20 21 22 23 26 27 28 29 25 11 12 13 14 10 19 15 16 17 18 53 54 50 51 52 57 58 59 55 56 47 48 49 45 46 43 44 40 41 42 32 33 34 30 31 38 39 35 36 37
  6  7  8  9  5  4  0  1  2  3 39 35 36 37 38 31 32 33 34 30 46 47 48 49 45 44 40 41 42 43 19 15 16 17 18 11 12 13 14 10 26 27 28 29 25 24 20 21 22 23 59 55 56 57 58 51 52 53 54 50
  7  8  9  5  6  3  4  0  1  2 52 53 54 50 51 58 59 55 56 57 25 26 27 28 29 20 21 22 23 24 44 40 41 42 43 46 47 48 49 45 31 32 33 34 30 39 35 36 37 38 13 14 10 11 12 17 18 19 15 16
  8  9  5  6  7  2  3  4  0  1 18 19 15 16 17 12 13 14 10 11 30 31 32 33 34 35 36 37 38 39 20 21 22 23 24 25 26 27 28 29 58 59 55 56 57 52 53 54 50 51 48 49 45 46 47 42 43 44 40 41
  9  5  6  7  8  1  2  3  4  0 43 44 40 41 42 47 48 49 45 46 57 58 59 55 56 53 54 50 51 52 35 36 37 38 39 30 31 32 33 34 12 13 14 10 11 18 19 15 16 17 27 28 29 25 26 23 24 20 21 22
 10 11 12 13 14 15 16 17 18 19  0  1  2  3  4  5  6  7  8  9 38 39 35 36 37 32 33 34 30 31 28 29 25 26 27 22 23 24 20 21 48 49 45 46 47 42 43 44 40 41 58 59 55 56 57 52 53 54 50 51
 11 12 13 14 10 19 15 16 17 18 53 54 50 51 52 57 58 59 55 56 47 48 49 45 46 43 44 40 41 42 32 33 34 30 31 38 39 35 36 37  5  6  7  8  9  0  1  2  3  4 24 20 21 22 23 26 27 28 29 25
 12 13 14 10 11 18 19 15 16 17 27 28 29 25 26 23 24 20 21 22  9  5  6  7  8  1  2  3  4  0 43 44 40 41 42 47 48 49 45 46 57 58 59 55 56 53 54 50 51 52 35 36 37 38 39 30 31 32 33 34
 13 14 10 11 12 17 18 19 15 16 31 32 33 34 30 39 35 36 37 38 56 57 58 59 55 54 50 51 52 53  1  2  3  4  0  9  5  6  7  8 23 24 20 21 22 27 28 29 25 26 49 45 46 47 48 41 42 43 44 40
 14 10 11 12 13 16 17 18 19 15 42 43 44 40 41 48 49 45 46 47 22 23 24 20 21 28 29 25 26 27 54 50 51 52 53 56 57 58 59 55 39 35 36 37 38 31 32 33 34 30  6  7  8  9  5  4  0  1  2  3
 15 16 17 18 19 10 11 12 13 14 37 38 39 35 36 33 34 30 31 32  1  2  3  4  0  9  5  6  7  8 56 57 58 59 55 54 50 51 52 53 44 40 41 42 43 46 47 48 49 45 25 26 27 28 29 20 21 22 23 24
 16 17 18 19 15 14 10 11 12 13 21 22 23 24 20 29 25 26 27 28 43 44 40 41 42 47 48 49 45 46  9  5  6  7  8  1  2  3  4  0 33 34 30 31 32 37 38 39 35 36 51 52 53 54 50 59 55 56 57 58
 17 18 19 15 16 13 14 10 11 12 55 56 57 58 59 50 51 52 53 54 32 33 34 30 31 38 39 35 36 37 47 48 49 45 46 43 44 40 41 42 29 25 26 27 28 21 22 23 24 20  3  4  0  1  2  7  8  9  5  6
 18 19 15 16 17 12 13 14 10 11  8  9  5  6  7  2  3  4  0  1 28 29 25 26 27 22 23 24 20 21 38 39 35 36 37 32 33 34 30 31 50 51 52 53 54 55 56 57 58 59 40 41 42 43 44 45 46 47 48 49
 19 15 16 17 18 11 12 13 14 10 46 47 48 49 45 44 40 41 42 43 54 50 51 52 53 56 57 58 59 55 22 23 24 20 21 28 29 25 26 27  2  3  4  0  1  8  9  5  6  7 34 30 31 32 33 36 37 38 39 35
 20 21 22 23 24 25 26 27 28 29 30 31 32 33 34 35 36 37 38 39 40 41 42 43 44 45 46 47 48 49 50 51 52 53 54 55 56 57 58 59  0  1  2  3  4  5  6  7  8  9 10 11 12 13 14 15 16 17 18 19
 21 22 23 24 20 29 25 26 27 28 16 17 18 19 15 14 10 11 12 13  4  0  1  2  3  6  7  8  9  5 45 46 47 48 49 40 41 42 43 44 35 36 37 38 39 30 31 32 33 34 57 58 59 55 56 53 54 50 51 52
 22 23 24 20 21 28 29 25 26 27 54 50 51 52 53 56 57 58 59 55 39 35 36 37 38 31 32 33 34 30  6  7  8  9  5  4  0  1  2  3 14 10 11 12 13 16 17 18 19 15 42 43 44 40 41 48 49 45 46 47
 23 24 20 21 22 27 28 29 25 26 49 45 46 47 48 41 42 43 44 40 13 14 10 11 12 17 18 19 15 16 31 32 33 34 30 39 35 36 37 38 56 57 58 59 55 54 50 51 52 53  1  2  3  4  0  9  5  6  7  8
 24 20 21 22 23 26 27 28 29 25  5  6  7  8  9  0  1  2  3  4 55 56 57 58 59 50 51 52 53 54 17 18 19 15 16 13 14 10 11 12 41 42 43 44 40 49 45 46 47 48 36 37 38 39 35 34 30 31 32 33
 25 26 27 28 29 20 21 22 23 24 44 40 41 42 43 46 47 48 49 45 31 32 33 34 30 39 35 36 37 38 13 14 10 11 12 17 18 19 15 16  7  8  9  5  6  3  4  0  1  2 52 53 54 50 51 58 59 55 56 57
 26 27 28 29 25 24 20 21 22 23 59 55 56 57 58 51 52 53 54 50  6  7  8  9  5  4  0  1  2  3 39 35 36 37 38 31 32 33 34 30 46 47 48 49 45 44 40 41 42 43 19 15 16 17 18 11 12 13 14 10
 27 28 29 25 26 23 24 20 21 22 12 13 14 10 11 18 19 15 16 17 45 46 47 48 49 40 41 42 43 44  4  0  1  2  3  6  7  8  9  5 51 52 53 54 50 59 55 56 57 58 33 34 30 31 32 37 38 39 35 36
 28 29 25 26 27 22 23 24 20 21 38 39 35 36 37 32 33 34 30 31 50 51 52 53 54 55 56 57 58 59 40 41 42 43 44 45 46 47 48 49 18 19 15 16 17 12 13 14 10 11  8  9  5  6  7  2  3  4  0  1
 29 25 26 27 28 21 22 23 24 20  3  4  0  1  2  7  8  9  5  6 17 18 19 15 16 13 14 10 11 12 55 56 57 58 59 50 51 52 53 54 32 33 34 30 31 38 39 35 36 37 47 48 49 45 46 43 44 40 41 42
 30 31 32 33 34 35 36 37 38 39 20 21 22 23 24 25 26 27 28 29 58 59 55 56 57 52 53 54 50 51 48 49 45 46 47 42 43 44 40 41  8  9  5  6  7  2  3  4  0  1 18 19 15 16 17 12 13 14 10 11
 31 32 33 34 30 39 35 36 37 38 13 14 10 11 12 17 18 19 15 16  7  8  9  5  6  3  4  0  1  2 52 53 54 50 51 58 59 55 56 57 25 26 27 28 29 20 21 22 23 24 44 40 41 42 43 46 47 48 49 45
 32 33 34 30 31 38 39 35 36 37 47 48 49 45 46 43 44 40 41 42 29 25 26 27 28 21 22 23 24 20  3  4  0  1  2  7  8  9  5  6 17 18 19 15 16 13 14 10 11 12 55 56 57 58 59 50 51 52 53 54
 33 34 30 31 32 37 38 39 35 36 51 52 53 54 50 59 55 56 57 58 16 17 18 19 15 14 10 11 12 13 21 22 23 24 20 29 25 26 27 28 43 44 40 41 42 47 48 49 45 46  9  5  6  7  8  1  2  3  4  0
 34 30 31 32 33 36 37 38 39 35  2  3  4  0  1  8  9  5  6  7 42 43 44 40 41 48 49 45 46 47 14 10 11 12 13 16 17 18 19 15 59 55 56 57 58 51 52 53 54 50 26 27 28 29 25 24 20 21 22 23
 35 36 37 38 39 30 31 32 33 34 57 58 59 55 56 53 54 50 51 52 21 22 23 24 20 29 25 26 27 28 16 17 18 19 15 14 10 11 12 13  4  0  1  2  3  6  7  8  9  5 45 46 47 48 49 40 41 42 43 44
 36 37 38 39 35 34 30 31 32 33 41 42 43 44 40 49 45 46 47 48  3  4  0  1  2  7  8  9  5  6 29 25 26 27 28 21 22 23 24 20 53 54 50 51 52 57 58 59 55 56 11 12 13 14 10 19 15 16 17 18
 37 38 39 35 36 33 34 30 31 32 15 16 17 18 19 10 11 12 13 14 52 53 54 50 51 58 59 55 56 57  7  8  9  5  6  3  4  0  1  2 49 45 46 47 48 41 42 43 44 40 23 24 20 21 22 27 28 29 25 26
 38 39 35 36 37 32 33 34 30 31 28 29 25 26 27 22 23 24 20 21 48 49 45 46 47 42 43 44 40 41 58 59 55 56 57 52 53 54 50 51 10 11 12 13 14 15 16 17 18 19  0  1  2  3  4  5  6  7  8  9
 39 35 36 37 38 31 32 33 34 30  6  7  8  9  5  4  0  1  2  3 14 10 11 12 13 16 17 18 19 15 42 43 44 40 41 48 49 45 46 47 22 23 24 20 21 28 29 25 26 27 54 50 51 52 53 56 57 58 59 55
 40 41 42 43 44 45 46 47 48 49 50 51 52 53 54 55 56 57 58 59  0  1  2  3  4  5  6  7  8  9 10 11 12 13 14 15 16 17 18 19 20 21 22 23 24 25 26 27 28 29 30 31 32 33 34 35 36 37 38 39
 41 42 43 44 40 49 45 46 47 48 36 37 38 39 35 34 30 31 32 33 24 20 21 22 23 26 27 28 29 25  5  6  7  8  9  0  1  2  3  4 55 56 57 58 59 50 51 52 53 54 17 18 19 15 16 13 14 10 11 12
 42 43 44 40 41 48 49 45 46 47 14 10 11 12 13 16 17 18 19 15 59 55 56 57 58 51 52 53 54 50 26 27 28 29 25 24 20 21 22 23 34 30 31 32 33 36 37 38 39 35  2  3  4  0  1  8  9  5  6  7
 43 44 40 41 42 47 48 49 45 46  9  5  6  7  8  1  2  3  4  0 33 34 30 31 32 37 38 39 35 36 51 52 53 54 50 59 55 56 57 58 16 17 18 19 15 14 10 11 12 13 21 22 23 24 20 29 25 26 27 28
 44 40 41 42 43 46 47 48 49 45 25 26 27 28 29 20 21 22 23 24 15 16 17 18 19 10 11 12 13 14 37 38 39 35 36 33 34 30 31 32  1  2  3  4  0  9  5  6  7  8 56 57 58 59 55 54 50 51 52 53
 45 46 47 48 49 40 41 42 43 44  4  0  1  2  3  6  7  8  9  5 51 52 53 54 50 59 55 56 57 58 33 34 30 31 32 37 38 39 35 36 27 28 29 25 26 23 24 20 21 22 12 13 14 10 11 18 19 15 16 17
 46 47 48 49 45 44 40 41 42 43 19 15 16 17 18 11 12 13 14 10 26 27 28 29 25 24 20 21 22 23 59 55 56 57 58 51 52 53 54 50  6  7  8  9  5  4  0  1  2  3 39 35 36 37 38 31 32 33 34 30
 47 48 49 45 46 43 44 40 41 42 32 33 34 30 31 38 39 35 36 37  5  6  7  8  9  0  1  2  3  4 24 20 21 22 23 26 27 28 29 25 11 12 13 14 10 19 15 16 17 18 53 54 50 51 52 57 58 59 55 56
 48 49 45 46 47 42 43 44 40 41 58 59 55 56 57 52 53 54 50 51 10 11 12 13 14 15 16 17 18 19  0  1  2  3  4  5  6  7  8  9 38 39 35 36 37 32 33 34 30 31 28 29 25 26 27 22 23 24 20 21
 49 45 46 47 48 41 42 43 44 40 23 24 20 21 22 27 28 29 25 26 37 38 39 35 36 33 34 30 31 32 15 16 17 18 19 10 11 12 13 14 52 53 54 50 51 58 59 55 56 57  7  8  9  5  6  3  4  0  1  2
 50 51 52 53 54 55 56 57 58 59 40 41 42 43 44 45 46 47 48 49 18 19 15 16 17 12 13 14 10 11  8  9  5  6  7  2  3  4  0  1 28 29 25 26 27 22 23 24 20 21 38 39 35 36 37 32 33 34 30 31
 51 52 53 54 50 59 55 56 57 58 33 34 30 31 32 37 38 39 35 36 27 28 29 25 26 23 24 20 21 22 12 13 14 10 11 18 19 15 16 17 45 46 47 48 49 40 41 42 43 44  4  0  1  2  3  6  7  8  9  5
 52 53 54 50 51 58 59 55 56 57  7  8  9  5  6  3  4  0  1  2 49 45 46 47 48 41 42 43 44 40 23 24 20 21 22 27 28 29 25 26 37 38 39 35 36 33 34 30 31 32 15 16 17 18 19 10 11 12 13 14
 53 54 50 51 52 57 58 59 55 56 11 12 13 14 10 19 15 16 17 18 36 37 38 39 35 34 30 31 32 33 41 42 43 44 40 49 45 46 47 48  3  4  0  1  2  7  8  9  5  6 29 25 26 27 28 21 22 23 24 20
 54 50 51 52 53 56 57 58 59 55 22 23 24 20 21 28 29 25 26 27  2  3  4  0  1  8  9  5  6  7 34 30 31 32 33 36 37 38 39 35 19 15 16 17 18 11 12 13 14 10 46 47 48 49 45 44 40 41 42 43
 55 56 57 58 59 50 51 52 53 54 17 18 19 15 16 13 14 10 11 12 41 42 43 44 40 49 45 46 47 48 36 37 38 39 35 34 30 31 32 33 24 20 21 22 23 26 27 28 29 25  5  6  7  8  9  0  1  2  3  4
 56 57 58 59 55 54 50 51 52 53  1  2  3  4  0  9  5  6  7  8 23 24 20 21 22 27 28 29 25 26 49 45 46 47 48 41 42 43 44 40 13 14 10 11 12 17 18 19 15 16 31 32 33 34 30 39 35 36 37 38
 57 58 59 55 56 53 54 50 51 52 35 36 37 38 39 30 31 32 33 34 12 13 14 10 11 18 19 15 16 17 27 28 29 25 26 23 24 20 21 22  9  5  6  7  8  1  2  3  4  0 43 44 40 41 42 47 48 49 45 46
 58 59 55 56 57 52 53 54 50 51 48 49 45 46 47 42 43 44 40 41  8  9  5  6  7  2  3  4  0  1 18 19 15 16 17 12 13 14 10 11 30 31 32 33 34 35 36 37 38 39 20 21 22 23 24 25 26 27 28 29
 59 55 56 57 58 51 52 53 54 50 26 27 28 29 25 24 20 21 22 23 34 30 31 32 33 36 37 38 39 35  2  3  4  0  1  8  9  5  6  7 42 43 44 40 41 48 49 45 46 47 14 10 11 12 13 16 17 18 19 15
mpltbl 2nd block
 60 61 62 63 64 65 66 67 68 69 70 71 72 73 74 75 76 77 78 79 80 81 82 83 84 85 86 87 88 89 90 91 92 93 94 95 96 97 98 99 100 101 102 103 104 105 106 107 108 109 110 111 112 113 114 115 116 117 118 119
 61 62 63 64 60 69 65 66 67 68 116 117 118 119 115 114 110 111 112 113 104 100 101 102 103 106 107 108 109 105 85 86 87 88 89 80 81 82 83 84 75 76 77 78 79 70 71 72 73 74 97 98 99 95 96 93 94 90 91 92
 62 63 64 60 61 68 69 65 66 67 94 90 91 92 93 96 97 98 99 95 79 75 76 77 78 71 72 73 74 70 106 107 108 109 105 104 100 101 102 103 114 110 111 112 113 116 117 118 119 115 82 83 84 80 81 88 89 85 86 87
 63 64 60 61 62 67 68 69 65 66 89 85 86 87 88 81 82 83 84 80 113 114 110 111 112 117 118 119 115 116 71 72 73 74 70 79 75 76 77 78 96 97 98 99 95 94 90 91 92 93 101 102 103 104 100 109 105 106 107 108
 64 60 61 62 63 66 67 68 69 65 105 106 107 108 109 100 101 102 103 104 95 96 97 98 99 90 91 92 93 94 117 118 119 115 116 113 114 110 111 112 81 82 83 84 80 89 85 86 87 88 76 77 78 79 75 74 70 71 72 73
 65 66 67 68 69 60 61 62 63 64 84 80 81 82 83 86 87 88 89 85 71 72 73 74 70 79 75 76 77 78 113 114 110 111 112 117 118 119 115 116 107 108 109 105 106 103 104 100 101 102 92 93 94 90 91 98 99 95 96 97
 66 67 68 69 65 64 60 61 62 63 99 95 96 97 98 91 92 93 94 90 106 107 108 109 105 104 100 101 102 103 79 75 76 77 78 71 72 73 74 70 86 87 88 89 85 84 80 81 82 83 119 115 116 117 118 111 112 113 114 110
 67 68 69 65 66 63 64 60 61 62 112 113 114 110 111 118 119 115 116 117 85 86 87 88 89 80 81 82 83 84 104 100 101 102 103 106 107 108 109 105 91 92 93 94 90 99 95 96 97 98 73 74 70 71 72 77 78 79 75 76
 68 69 65 66 67 62 63 64 60 61 78 79 75 76 77 72 73 74 70 71 90 91 92 93 94 95 96 97 98 99 80 81 82 83 84 85 86 87 88 89 118 119 115 116 117 112 113 114 110 111 108 109 105 106 107 102 103 104 100 101
 69 65 66 67 68 61 62 63 64 60 103 104 100 101 102 107 108 109 105 106 117 118 119 115 116 113 114 110 111 112 95 96 97 98 99 90 91 92 93 94 72 73 74 70 71 78 79 75 76 77 87 88 89 85 86 83 84 80 81 82
 70 71 72 73 74 75 76 77 78 79 60 61 62 63 64 65 66 67 68 69 98 99 95 96 97 92 93 94 90 91 88 89 85 86 87 82 83 84 80 81 108 109 105 106 107 102 103 104 100 101 118 119 115 116 117 112 113 114 110 111
 71 72 73 74 70 79 75 76 77 78 113 114 110 111 112 117 118 119 115 116 107 108 109 105 106 103 104 100 101 102 92 93 94 90 91 98 99 95 96 97 65 66 67 68 69 60 61 62 63 64 84 80 81 82 83 86 87 88 89 85
 72 73 74 70 71 78 79 75 76 77 87 88 89 85 86 83 84 80 81 82 69 65 66 67 68 61 62 63 64 60 103 104 100 101 102 107 108 109 105 106 117 118 119 115 116 113 114 110 111 112 95 96 97 98 99 90 91 92 93 94
 73 74 70 71 72 77 78 79 75 76 91 92 93 94 90 99 95 96 97 98 116 117 118 119 115 114 110 111 112 113 61 62 63 64 60 69 65 66 67 68 83 84 80 81 82 87 88 89 85 86 109 105 106 107 108 101 102 103 104 100
 74 70 71 72 73 76 77 78 79 75 102 103 104 100 101 108 109 105 106 107 82 83 84 80 81 88 89 85 86 87 114 110 111 112 113 116 117 118 119 115 99 95 96 97 98 91 92 93 94 90 66 67 68 69 65 64 60 61 62 63
 75 76 77 78 79 70 71 72 73 74 97 98 99 95 96 93 94 90 91 92 61 62 63 64 60 69 65 66 67 68 116 117 118 119 115 114 110 111 112 113 104 100 101 102 103 106 107 108 109 105 85 86 87 88 89 80 81 82 83 84
 76 77 78 79 75 74 70 71 72 73 81 82 83 84 80 89 85 86 87 88 103 104 100 101 102 107 108 109 105 106 69 65 66 67 68 61 62 63 64 60 93 94 90 91 92 97 98 99 95 96 111 112 113 114 110 119 115 116 117 118
 77 78 79 75 76 73 74 70 71 72 115 116 117 118 119 110 111 112 113 114 92 93 94 90 91 98 99 95 96 97 107 108 109 105 106 103 104 100 101 102 89 85 86 87 88 81 82 83 84 80 63 64 60 61 62 67 68 69 65 66
 78 79 75 76 77 72 73 74 70 71 68 69 65 66 67 62 63 64 60 61 88 89 85 86 87 82 83 84 80 81 98 99 95 96 97 92 93 94 90 91 110 111 112 113 114 115 116 117 118 119 100 101 102 103 104 105 106 107 108 109
 79 75 76 77 78 71 72 73 74 70 106 107 108 109 105 104 100 101 102 103 114 110 111 112 113 116 117 118 119 115 82 83 84 80 81 88 89 85 86 87 62 63 64 60 61 68 69 65 66 67 94 90 91 92 93 96 97 98 99 95
 80 81 82 83 84 85 86 87 88 89 90 91 92 93 94 95 96 97 98 99 100 101 102 103 104 105 106 107 108 109 110 111 112 113 114 115 116 117 118 119 60 61 62 63 64 65 66 67 68 69 70 71 72 73 74 75 76 77 78 79
 81 82 83 84 80 89 85 86 87 88 76 77 78 79 75 74 70 71 72 73 64 60 61 62 63 66 67 68 69 65 105 106 107 108 109 100 101 102 103 104 95 96 97 98 99 90 91 92 93 94 117 118 119 115 116 113 114 110 111 112
 82 83 84 80 81 88 89 85 86 87 114 110 111 112 113 116 117 118 119 115 99 95 96 97 98 91 92 93 94 90 66 67 68 69 65 64 60 61 62 63 74 70 71 72 73 76 77 78 79 75 102 103 104 100 101 108 109 105 106 107
 83 84 80 81 82 87 88 89 85 86 109 105 106 107 108 101 102 103 104 100 73 74 70 71 72 77 78 79 75 76 91 92 93 94 90 99 95 96 97 98 116 117 118 119 115 114 110 111 112 113 61 62 63 64 60 69 65 66 67 68
 84 80 81 82 83 86 87 88 89 85 65 66 67 68 69 60 61 62 63 64 115 116 117 118 119 110 111 112 113 114 77 78 79 75 76 73 74 70 71 72 101 102 103 104 100 109 105 106 107 108 96 97 98 99 95 94 90 91 92 93
 85 86 87 88 89 80 81 82 83 84 104 100 101 102 103 106 107 108 109 105 91 92 93 94 90 99 95 96 97 98 73 74 70 71 72 77 78 79 75 76 67 68 69 65 66 63 64 60 61 62 112 113 114 110 111 118 119 115 116 117
 86 87 88 89 85 84 80 81 82 83 119 115 116 117 118 111 112 113 114 110 66 67 68 69 65 64 60 61 62 63 99 95 96 97 98 91 92 93 94 90 106 107 108 109 105 104 100 101 102 103 79 75 76 77 78 71 72 73 74 70
 87 88 89 85 86 83 84 80 81 82 72 73 74 70 71 78 79 75 76 77 105 106 107 108 109 100 101 102 103 104 64 60 61 62 63 66 67 68 69 65 111 112 113 114 110 119 115 116 117 118 93 94 90 91 92 97 98 99 95 96
 88 89 85 86 87 82 83 84 80 81 98 99 95 96 97 92 93 94 90 91 110 111 112 113 114 115 116 117 118 119 100 101 102 103 104 105 106 107 108 109 78 79 75 76 77 72 73 74 70 71 68 69 65 66 67 62 63 64 60 61
 89 85 86 87 88 81 82 83 84 80 63 64 60 61 62 67 68 69 65 66 77 78 79 75 76 73 74 70 71 72 115 116 117 118 119 110 111 112 113 114 92 93 94 90 91 98 99 95 96 97 107 108 109 105 106 103 104 100 101 102
 90 91 92 93 94 95 96 97 98 99 80 81 82 83 84 85 86 87 88 89 118 119 115 116 117 112 113 114 110 111 108 109 105 106 107 102 103 104 100 101 68 69 65 66 67 62 63 64 60 61 78 79 75 76 77 72 73 74 70 71
 91 92 93 94 90 99 95 96 97 98 73 74 70 71 72 77 78 79 75 76 67 68 69 65 66 63 64 60 61 62 112 113 114 110 111 118 119 115 116 117 85 86 87 88 89 80 81 82 83 84 104 100 101 102 103 106 107 108 109 105
 92 93 94 90 91 98 99 95 96 97 107 108 109 105 106 103 104 100 101 102 89 85 86 87 88 81 82 83 84 80 63 64 60 61 62 67 68 69 65 66 77 78 79 75 76 73 74 70 71 72 115 116 117 118 119 110 111 112 113 114
 93 94 90 91 92 97 98 99 95 96 111 112 113 114 110 119 115 116 117 118 76 77 78 79 75 74 70 71 72 73 81 82 83 84 80 89 85 86 87 88 103 104 100 101 102 107 108 109 105 106 69 65 66 67 68 61 62 63 64 60
 94 90 91 92 93 96 97 98 99 95 62 63 64 60 61 68 69 65 66 67 102 103 104 100 101 108 109 105 106 107 74 70 71 72 73 76 77 78 79 75 119 115 116 117 118 111 112 113 114 110 86 87 88 89 85 84 80 81 82 83
 95 96 97 98 99 90 91 92 93 94 117 118 119 115 116 113 114 110 111 112 81 82 83 84 80 89 85 86 87 88 76 77 78 79 75 74 70 71 72 73 64 60 61 62 63 66 67 68 69 65 105 106 107 108 109 100 101 102 103 104
 96 97 98 99 95 94 90 91 92 93 101 102 103 104 100 109 105 106 107 108 63 64 60 61 62 67 68 69 65 66 89 85 86 87 88 81 82 83 84 80 113 114 110 111 112 117 118 119 115 116 71 72 73 74 70 79 75 76 77 78
 97 98 99 95 96 93 94 90 91 92 75 76 77 78 79 70 71 72 73 74 112 113 114 110 111 118 119 115 116 117 67 68 69 65 66 63 64 60 61 62 109 105 106 107 108 101 102 103 104 100 83 84 80 81 82 87 88 89 85 86
 98 99 95 96 97 92 93 94 90 91 88 89 85 86 87 82 83 84 80 81 108 109 105 106 107 102 103 104 100 101 118 119 115 116 117 112 113 114 110 111 70 71 72 73 74 75 76 77 78 79 60 61 62 63 64 65 66 67 68 69
 99 95 96 97 98 91 92 93 94 90 66 67 68 69 65 64 60 61 62 63 74 70 71 72 73 76 77 78 79 75 102 103 104 100 101 108 109 105 106 107 82 83 84 80 81 88 89 85 86 87 114 110 111 112 113 116 117 118 119 115
 100 101 102 103 104 105 106 107 108 109 110 111 112 113 114 115 116 117 118 119 60 61 62 63 64 65 66 67 68 69 70 71 72 73 74 75 76 77 78 79 80 81 82 83 84 85 86 87 88 89 90 91 92 93 94 95 96 97 98 99
 101 102 103 104 100 109 105 106 107 108 96 97 98 99 95 94 90 91 92 93 84 80 81 82 83 86 87 88 89 85 65 66 67 68 69 60 61 62 63 64 115 116 117 118 119 110 111 112 113 114 77 78 79 75 76 73 74 70 71 72
 102 103 104 100 101 108 109 105 106 107 74 70 71 72 73 76 77 78 79 75 119 115 116 117 118 111 112 113 114 110 86 87 88 89 85 84 80 81 82 83 94 90 91 92 93 96 97 98 99 95 62 63 64 60 61 68 69 65 66 67
 103 104 100 101 102 107 108 109 105 106 69 65 66 67 68 61 62 63 64 60 93 94 90 91 92 97 98 99 95 96 111 112 113 114 110 119 115 116 117 118 76 77 78 79 75 74 70 71 72 73 81 82 83 84 80 89 85 86 87 88
 104 100 101 102 103 106 107 108 109 105 85 86 87 88 89 80 81 82 83 84 75 76 77 78 79 70 71 72 73 74 97 98 99 95 96 93 94 90 91 92 61 62 63 64 60 69 65 66 67 68 116 117 118 119 115 114 110 111 112 113
 105 106 107 108 109 100 101 102 103 104 64 60 61 62 63 66 67 68 69 65 111 112 113 114 110 119 115 116 117 118 93 94 90 91 92 97 98 99 95 96 87 88 89 85 86 83 84 80 81 82 72 73 74 70 71 78 79 75 76 77
 106 107 108 109 105 104 100 101 102 103 79 75 76 77 78 71 72 73 74 70 86 87 88 89 85 84 80 81 82 83 119 115 116 117 118 111 112 113 114 110 66 67 68 69 65 64 60 61 62 63 99 95 96 97 98 91 92 93 94 90
 107 108 109 105 106 103 104 100 101 102 92 93 94 90 91 98 99 95 96 97 65 66 67 68 69 60 61 62 63 64 84 80 81 82 83 86 87 88 89 85 71 72 73 74 70 79 75 76 77 78 113 114 110 111 112 117 118 119 115 116
 108 109 105 106 107 102 103 104 100 101 118 119 115 116 117 112 113 114 110 111 70 71 72 73 74 75 76 77 78 79 60 61 62 63 64 65 66 67 68 69 98 99 95 96 97 92 93 94 90 91 88 89 85 86 87 82 83 84 80 81
 109 105 106 107 108 101 102 103 104 100 83 84 80 81 82 87 88 89 85 86 97 98 99 95 96 93 94 90 91 92 75 76 77 78 79 70 71 72 73 74 112 113 114 110 111 118 119 115 116 117 67 68 69 65 66 63 64 60 61 62
 110 111 112 113 114 115 116 117 118 119 100 101 102 103 104 105 106 107 108 109 78 79 75 76 77 72 73 74 70 71 68 69 65 66 67 62 63 64 60 61 88 89 85 86 87 82 83 84 80 81 98 99 95 96 97 92 93 94 90 91
 111 112 113 114 110 119 115 116 117 118 93 94 90 91 92 97 98 99 95 96 87 88 89 85 86 83 84 80 81 82 72 73 74 70 71 78 79 75 76 77 105 106 107 108 109 100 101 102 103 104 64 60 61 62 63 66 67 68 69 65
 112 113 114 110 111 118 119 115 116 117 67 68 69 65 66 63 64 60 61 62 109 105 106 107 108 101 102 103 104 100 83 84 80 81 82 87 88 89 85 86 97 98 99 95 96 93 94 90 91 92 75 76 77 78 79 70 71 72 73 74
 113 114 110 111 112 117 118 119 115 116 71 72 73 74 70 79 75 76 77 78 96 97 98 99 95 94 90 91 92 93 101 102 103 104 100 109 105 106 107 108 63 64 60 61 62 67 68 69 65 66 89 85 86 87 88 81 82 83 84 80
 114 110 111 112 113 116 117 118 119 115 82 83 84 80 81 88 89 85 86 87 62 63 64 60 61 68 69 65 66 67 94 90 91 92 93 96 97 98 99 95 79 75 76 77 78 71 72 73 74 70 106 107 108 109 105 104 100 101 102 103
 115 116 117 118 119 110 111 112 113 114 77 78 79 75 76 73 74 70 71 72 101 102 103 104 100 109 105 106 107 108 96 97 98 99 95 94 90 91 92 93 84 80 81 82 83 86 87 88 89 85 65 66 67 68 69 60 61 62 63 64
 116 117 118 119 115 114 110 111 112 113 61 62 63 64 60 69 65 66 67 68 83 84 80 81 82 87 88 89 85 86 109 105 106 107 108 101 102 103 104 100 73 74 70 71 72 77 78 79 75 76 91 92 93 94 90 99 95 96 97 98
 117 118 119 115 116 113 114 110 111 112 95 96 97 98 99 90 91 92 93 94 72 73 74 70 71 78 79 75 76 77 87 88 89 85 86 83 84 80 81 82 69 65 66 67 68 61 62 63 64 60 103 104 100 101 102 107 108 109 105 106
 118 119 115 116 117 112 113 114 110 111 108 109 105 106 107 102 103 104 100 101 68 69 65 66 67 62 63 64 60 61 78 79 75 76 77 72 73 74 70 71 90 91 92 93 94 95 96 97 98 99 80 81 82 83 84 85 86 87 88 89
 119 115 116 117 118 111 112 113 114 110 86 87 88 89 85 84 80 81 82 83 94 90 91 92 93 96 97 98 99 95 62 63 64 60 61 68 69 65 66 67 102 103 104 100 101 108 109 105 106 107 74 70 71 72 73 76 77 78 79 75
# 1
[  1  0  0  0  0  0]
[  0  1  0  0  0  0]
[  0  0  1  0  0  0]
[  0  0  0  1  0  0]
[  0  0  0  0  1  0]
[  0  0  0  0  0  1]
 
# 2
[  1  0  0  0  0  0]
[  0  0  1  0  0  0]
[  0  0  0  1  0  0]
[  0  0  0  0  1  0]
[  0  0  0  0  0  1]
[  0  1  0  0  0  0]
 
# 3
[  1  0  0  0  0  0]
[  0  0  0  1  0  0]
[  0  0  0  0  1  0]
[  0  0  0  0  0  1]
[  0  1  0  0  0  0]
[  0  0  1  0  0  0]
 
# 4
[  1  0  0  0  0  0]
[  0  0  0  0  1  0]
[  0  0  0  0  0  1]
[  0  1  0  0  0  0]
[  0  0  1  0  0  0]
[  0  0  0  1  0  0]
 
# 5
[  1  0  0  0  0  0]
[  0  0  0  0  0  1]
[  0  1  0  0  0  0]
[  0  0  1  0  0  0]
[  0  0  0  1  0  0]
[  0  0  0  0  1  0]
 
# 6
[ -1  0  0  0  0  0]
[  0 -1  0  0  0  0]
[  0  0  0  0  0 -1]
[  0  0  0  0 -1  0]
[  0  0  0 -1  0  0]
[  0  0 -1  0  0  0]
 
# 7
[ -1  0  0  0  0  0]
[  0  0 -1  0  0  0]
[  0 -1  0  0  0  0]
[  0  0  0  0  0 -1]
[  0  0  0  0 -1  0]
[  0  0  0 -1  0  0]
 
# 8
[ -1  0  0  0  0  0]
[  0  0  0 -1  0  0]
[  0  0 -1  0  0  0]
[  0 -1  0  0  0  0]
[  0  0  0  0  0 -1]
[  0  0  0  0 -1  0]
 
# 9
[ -1  0  0  0  0  0]
[  0  0  0  0 -1  0]
[  0  0  0 -1  0  0]
[  0  0 -1  0  0  0]
[  0 -1  0  0  0  0]
[  0  0  0  0  0 -1]
 
# 10
[ -1  0  0  0  0  0]
[  0  0  0  0  0 -1]
[  0  0  0  0 -1  0]
[  0  0  0 -1  0  0]
[  0  0 -1  0  0  0]
[  0 -1  0  0  0  0]
 
# 11
[  0  0  0  0  0 -1]
[  0 -1  0  0  0  0]
[  0  0  0  1  0  0]
[  0  0  1  0  0  0]
[  0  0  0  0 -1  0]
[ -1  0  0  0  0  0]
 
# 12
[  0 -1  0  0  0  0]
[  0  0 -1  0  0  0]
[  0  0  0  0  1  0]
[  0  0  0  1  0  0]
[  0  0  0  0  0 -1]
[ -1  0  0  0  0  0]
 
# 13
[  0  0 -1  0  0  0]
[  0  0  0 -1  0  0]
[  0  0  0  0  0  1]
[  0  0  0  0  1  0]
[  0 -1  0  0  0  0]
[ -1  0  0  0  0  0]
 
# 14
[  0  0  0 -1  0  0]
[  0  0  0  0 -1  0]
[  0  1  0  0  0  0]
[  0  0  0  0  0  1]
[  0  0 -1  0  0  0]
[ -1  0  0  0  0  0]
 
# 15
[  0  0  0  0 -1  0]
[  0  0  0  0  0 -1]
[  0  0  1  0  0  0]
[  0  1  0  0  0  0]
[  0  0  0 -1  0  0]
[ -1  0  0  0  0  0]
 
# 16
[  0  0  1  0  0  0]
[  0  1  0  0  0  0]
[  0  0  0  0 -1  0]
[  0  0  0  0  0 -1]
[  0  0  0  1  0  0]
[  1  0  0  0  0  0]
 
# 17
[  0  0  0  1  0  0]
[  0  0  1  0  0  0]
[  0  0  0  0  0 -1]
[  0 -1  0  0  0  0]
[  0  0  0  0  1  0]
[  1  0  0  0  0  0]
 
# 18
[  0  0  0  0  1  0]
[  0  0  0  1  0  0]
[  0 -1  0  0  0  0]
[  0  0 -1  0  0  0]
[  0  0  0  0  0  1]
[  1  0  0  0  0  0]
 
# 19
[  0  0  0  0  0  1]
[  0  0  0  0  1  0]
[  0  0 -1  0  0  0]
[  0  0  0 -1  0  0]
[  0  1  0  0  0  0]
[  1  0  0  0  0  0]
 
# 20
[  0  1  0  0  0  0]
[  0  0  0  0  0  1]
[  0  0  0 -1  0  0]
[  0  0  0  0 -1  0]
[  0  0  1  0  0  0]
[  1  0  0  0  0  0]
 
# 21
[  0  1  0  0  0  0]
[  0  0  1  0  0  0]
[  1  0  0  0  0  0]
[  0  0  0  0  0  1]
[  0  0  0 -1  0  0]
[  0  0  0  0 -1  0]
 
# 22
[  0  0  1  0  0  0]
[  0  0  0  1  0  0]
[  1  0  0  0  0  0]
[  0  1  0  0  0  0]
[  0  0  0  0 -1  0]
[  0  0  0  0  0 -1]
 
# 23
[  0  0  0  1  0  0]
[  0  0  0  0  1  0]
[  1  0  0  0  0  0]
[  0  0  1  0  0  0]
[  0  0  0  0  0 -1]
[  0 -1  0  0  0  0]
 
# 24
[  0  0  0  0  1  0]
[  0  0  0  0  0  1]
[  1  0  0  0  0  0]
[  0  0  0  1  0  0]
[  0 -1  0  0  0  0]
[  0  0 -1  0  0  0]
 
# 25
[  0  0  0  0  0  1]
[  0  1  0  0  0  0]
[  1  0  0  0  0  0]
[  0  0  0  0  1  0]
[  0  0 -1  0  0  0]
[  0  0  0 -1  0  0]
 
# 26
[  0 -1  0  0  0  0]
[  0  0  0  0  0 -1]
[ -1  0  0  0  0  0]
[  0  0 -1  0  0  0]
[  0  0  0  0  1  0]
[  0  0  0  1  0  0]
 
# 27
[  0  0 -1  0  0  0]
[  0 -1  0  0  0  0]
[ -1  0  0  0  0  0]
[  0  0  0 -1  0  0]
[  0  0  0  0  0  1]
[  0  0  0  0  1  0]
 
# 28
[  0  0  0 -1  0  0]
[  0  0 -1  0  0  0]
[ -1  0  0  0  0  0]
[  0  0  0  0 -1  0]
[  0  1  0  0  0  0]
[  0  0  0  0  0  1]
 
# 29
[  0  0  0  0 -1  0]
[  0  0  0 -1  0  0]
[ -1  0  0  0  0  0]
[  0  0  0  0  0 -1]
[  0  0  1  0  0  0]
[  0  1  0  0  0  0]
 
# 30
[  0  0  0  0  0 -1]
[  0  0  0  0 -1  0]
[ -1  0  0  0  0  0]
[  0 -1  0  0  0  0]
[  0  0  0  1  0  0]
[  0  0  1  0  0  0]
 
# 31
[  0 -1  0  0  0  0]
[  0  0  0  1  0  0]
[  0  0  0  0  0 -1]
[ -1  0  0  0  0  0]
[  0  0 -1  0  0  0]
[  0  0  0  0  1  0]
 
# 32
[  0  0 -1  0  0  0]
[  0  0  0  0  1  0]
[  0 -1  0  0  0  0]
[ -1  0  0  0  0  0]
[  0  0  0 -1  0  0]
[  0  0  0  0  0  1]
 
# 33
[  0  0  0 -1  0  0]
[  0  0  0  0  0  1]
[  0  0 -1  0  0  0]
[ -1  0  0  0  0  0]
[  0  0  0  0 -1  0]
[  0  1  0  0  0  0]
 
# 34
[  0  0  0  0 -1  0]
[  0  1  0  0  0  0]
[  0  0  0 -1  0  0]
[ -1  0  0  0  0  0]
[  0  0  0  0  0 -1]
[  0  0  1  0  0  0]
 
# 35
[  0  0  0  0  0 -1]
[  0  0  1  0  0  0]
[  0  0  0  0 -1  0]
[ -1  0  0  0  0  0]
[  0 -1  0  0  0  0]
[  0  0  0  1  0  0]
 
# 36
[  0  1  0  0  0  0]
[  0  0  0  0 -1  0]
[  0  0  1  0  0  0]
[  1  0  0  0  0  0]
[  0  0  0  0  0  1]
[  0  0  0 -1  0  0]
 
# 37
[  0  0  1  0  0  0]
[  0  0  0  0  0 -1]
[  0  0  0  1  0  0]
[  1  0  0  0  0  0]
[  0  1  0  0  0  0]
[  0  0  0  0 -1  0]
 
# 38
[  0  0  0  1  0  0]
[  0 -1  0  0  0  0]
[  0  0  0  0  1  0]
[  1  0  0  0  0  0]
[  0  0  1  0  0  0]
[  0  0  0  0  0 -1]
 
# 39
[  0  0  0  0  1  0]
[  0  0 -1  0  0  0]
[  0  0  0  0  0  1]
[  1  0  0  0  0  0]
[  0  0  0  1  0  0]
[  0 -1  0  0  0  0]
 
# 40
[  0  0  0  0  0  1]
[  0  0  0 -1  0  0]
[  0  1  0  0  0  0]
[  1  0  0  0  0  0]
[  0  0  0  0  1  0]
[  0  0 -1  0  0  0]
 
# 41
[  0  0  1  0  0  0]
[  1  0  0  0  0  0]
[  0  1  0  0  0  0]
[  0  0  0  0 -1  0]
[  0  0  0  0  0 -1]
[  0  0  0  1  0  0]
 
# 42
[  0  0  0  1  0  0]
[  1  0  0  0  0  0]
[  0  0  1  0  0  0]
[  0  0  0  0  0 -1]
[  0 -1  0  0  0  0]
[  0  0  0  0  1  0]
 
# 43
[  0  0  0  0  1  0]
[  1  0  0  0  0  0]
[  0  0  0  1  0  0]
[  0 -1  0  0  0  0]
[  0  0 -1  0  0  0]
[  0  0  0  0  0  1]
 
# 44
[  0  0  0  0  0  1]
[  1  0  0  0  0  0]
[  0  0  0  0  1  0]
[  0  0 -1  0  0  0]
[  0  0  0 -1  0  0]
[  0  1  0  0  0  0]
 
# 45
[  0  1  0  0  0  0]
[  1  0  0  0  0  0]
[  0  0  0  0  0  1]
[  0  0  0 -1  0  0]
[  0  0  0  0 -1  0]
[  0  0  1  0  0  0]
 
# 46
[  0  0  0  0  0 -1]
[ -1  0  0  0  0  0]
[  0 -1  0  0  0  0]
[  0  0  0  1  0  0]
[  0  0  1  0  0  0]
[  0  0  0  0 -1  0]
 
# 47
[  0 -1  0  0  0  0]
[ -1  0  0  0  0  0]
[  0  0 -1  0  0  0]
[  0  0  0  0  1  0]
[  0  0  0  1  0  0]
[  0  0  0  0  0 -1]
 
# 48
[  0  0 -1  0  0  0]
[ -1  0  0  0  0  0]
[  0  0  0 -1  0  0]
[  0  0  0  0  0  1]
[  0  0  0  0  1  0]
[  0 -1  0  0  0  0]
 
# 49
[  0  0  0 -1  0  0]
[ -1  0  0  0  0  0]
[  0  0  0  0 -1  0]
[  0  1  0  0  0  0]
[  0  0  0  0  0  1]
[  0  0 -1  0  0  0]
 
# 50
[  0  0  0  0 -1  0]
[ -1  0  0  0  0  0]
[  0  0  0  0  0 -1]
[  0  0  1  0  0  0]
[  0  1  0  0  0  0]
[  0  0  0 -1  0  0]
 
# 51
[  0  0  0  1  0  0]
[  0  0  0  0  0 -1]
[  0 -1  0  0  0  0]
[  0  0  0  0  1  0]
[  1  0  0  0  0  0]
[  0  0  1  0  0  0]
 
# 52
[  0  0  0  0  1  0]
[  0 -1  0  0  0  0]
[  0  0 -1  0  0  0]
[  0  0  0  0  0  1]
[  1  0  0  0  0  0]
[  0  0  0  1  0  0]
 
# 53
[  0  0  0  0  0  1]
[  0  0 -1  0  0  0]
[  0  0  0 -1  0  0]
[  0  1  0  0  0  0]
[  1  0  0  0  0  0]
[  0  0  0  0  1  0]
 
# 54
[  0  1  0  0  0  0]
[  0  0  0 -1  0  0]
[  0  0  0  0 -1  0]
[  0  0  1  0  0  0]
[  1  0  0  0  0  0]
[  0  0  0  0  0  1]
 
# 55
[  0  0  1  0  0  0]
[  0  0  0  0 -1  0]
[  0  0  0  0  0 -1]
[  0  0  0  1  0  0]
[  1  0  0  0  0  0]
[  0  1  0  0  0  0]
 
# 56
[  0  0  0  0 -1  0]
[  0  0  1  0  0  0]
[  0  1  0  0  0  0]
[  0  0  0 -1  0  0]
[ -1  0  0  0  0  0]
[  0  0  0  0  0 -1]
 
# 57
[  0  0  0  0  0 -1]
[  0  0  0  1  0  0]
[  0  0  1  0  0  0]
[  0  0  0  0 -1  0]
[ -1  0  0  0  0  0]
[  0 -1  0  0  0  0]
 
# 58
[  0 -1  0  0  0  0]
[  0  0  0  0  1  0]
[  0  0  0  1  0  0]
[  0  0  0  0  0 -1]
[ -1  0  0  0  0  0]
[  0  0 -1  0  0  0]
 
# 59
[  0  0 -1  0  0  0]
[  0  0  0  0  0  1]
[  0  0  0  0  1  0]
[  0 -1  0  0  0  0]
[ -1  0  0  0  0  0]
[  0  0  0 -1  0  0]
 
# 60
[  0  0  0 -1  0  0]
[  0  1  0  0  0  0]
[  0  0  0  0  0  1]
[  0  0 -1  0  0  0]
[ -1  0  0  0  0  0]
[  0  0  0  0 -1  0]
 
# 61
[ -1  0  0  0  0  0]
[  0 -1  0  0  0  0]
[  0  0 -1  0  0  0]
[  0  0  0 -1  0  0]
[  0  0  0  0 -1  0]
[  0  0  0  0  0 -1]
 
# 62
[ -1  0  0  0  0  0]
[  0  0 -1  0  0  0]
[  0  0  0 -1  0  0]
[  0  0  0  0 -1  0]
[  0  0  0  0  0 -1]
[  0 -1  0  0  0  0]
 
# 63
[ -1  0  0  0  0  0]
[  0  0  0 -1  0  0]
[  0  0  0  0 -1  0]
[  0  0  0  0  0 -1]
[  0 -1  0  0  0  0]
[  0  0 -1  0  0  0]
 
# 64
[ -1  0  0  0  0  0]
[  0  0  0  0 -1  0]
[  0  0  0  0  0 -1]
[  0 -1  0  0  0  0]
[  0  0 -1  0  0  0]
[  0  0  0 -1  0  0]
 
# 65
[ -1  0  0  0  0  0]
[  0  0  0  0  0 -1]
[  0 -1  0  0  0  0]
[  0  0 -1  0  0  0]
[  0  0  0 -1  0  0]
[  0  0  0  0 -1  0]
 
# 66
[  1  0  0  0  0  0]
[  0  1  0  0  0  0]
[  0  0  0  0  0  1]
[  0  0  0  0  1  0]
[  0  0  0  1  0  0]
[  0  0  1  0  0  0]
 
# 67
[  1  0  0  0  0  0]
[  0  0  1  0  0  0]
[  0  1  0  0  0  0]
[  0  0  0  0  0  1]
[  0  0  0  0  1  0]
[  0  0  0  1  0  0]
 
# 68
[  1  0  0  0  0  0]
[  0  0  0  1  0  0]
[  0  0  1  0  0  0]
[  0  1  0  0  0  0]
[  0  0  0  0  0  1]
[  0  0  0  0  1  0]
 
# 69
[  1  0  0  0  0  0]
[  0  0  0  0  1  0]
[  0  0  0  1  0  0]
[  0  0  1  0  0  0]
[  0  1  0  0  0  0]
[  0  0  0  0  0  1]
 
# 70
[  1  0  0  0  0  0]
[  0  0  0  0  0  1]
[  0  0  0  0  1  0]
[  0  0  0  1  0  0]
[  0  0  1  0  0  0]
[  0  1  0  0  0  0]
 
# 71
[  0  0  0  0  0  1]
[  0  1  0  0  0  0]
[  0  0  0 -1  0  0]
[  0  0 -1  0  0  0]
[  0  0  0  0  1  0]
[  1  0  0  0  0  0]
 
# 72
[  0  1  0  0  0  0]
[  0  0  1  0  0  0]
[  0  0  0  0 -1  0]
[  0  0  0 -1  0  0]
[  0  0  0  0  0  1]
[  1  0  0  0  0  0]
 
# 73
[  0  0  1  0  0  0]
[  0  0  0  1  0  0]
[  0  0  0  0  0 -1]
[  0  0  0  0 -1  0]
[  0  1  0  0  0  0]
[  1  0  0  0  0  0]
 
# 74
[  0  0  0  1  0  0]
[  0  0  0  0  1  0]
[  0 -1  0  0  0  0]
[  0  0  0  0  0 -1]
[  0  0  1  0  0  0]
[  1  0  0  0  0  0]
 
# 75
[  0  0  0  0  1  0]
[  0  0  0  0  0  1]
[  0  0 -1  0  0  0]
[  0 -1  0  0  0  0]
[  0  0  0  1  0  0]
[  1  0  0  0  0  0]
 
# 76
[  0  0 -1  0  0  0]
[  0 -1  0  0  0  0]
[  0  0  0  0  1  0]
[  0  0  0  0  0  1]
[  0  0  0 -1  0  0]
[ -1  0  0  0  0  0]
 
# 77
[  0  0  0 -1  0  0]
[  0  0 -1  0  0  0]
[  0  0  0  0  0  1]
[  0  1  0  0  0  0]
[  0  0  0  0 -1  0]
[ -1  0  0  0  0  0]
 
# 78
[  0  0  0  0 -1  0]
[  0  0  0 -1  0  0]
[  0  1  0  0  0  0]
[  0  0  1  0  0  0]
[  0  0  0  0  0 -1]
[ -1  0  0  0  0  0]
 
# 79
[  0  0  0  0  0 -1]
[  0  0  0  0 -1  0]
[  0  0  1  0  0  0]
[  0  0  0  1  0  0]
[  0 -1  0  0  0  0]
[ -1  0  0  0  0  0]
 
# 80
[  0 -1  0  0  0  0]
[  0  0  0  0  0 -1]
[  0  0  0  1  0  0]
[  0  0  0  0  1  0]
[  0  0 -1  0  0  0]
[ -1  0  0  0  0  0]
 
# 81
[  0 -1  0  0  0  0]
[  0  0 -1  0  0  0]
[ -1  0  0  0  0  0]
[  0  0  0  0  0 -1]
[  0  0  0  1  0  0]
[  0  0  0  0  1  0]
 
# 82
[  0  0 -1  0  0  0]
[  0  0  0 -1  0  0]
[ -1  0  0  0  0  0]
[  0 -1  0  0  0  0]
[  0  0  0  0  1  0]
[  0  0  0  0  0  1]
 
# 83
[  0  0  0 -1  0  0]
[  0  0  0  0 -1  0]
[ -1  0  0  0  0  0]
[  0  0 -1  0  0  0]
[  0  0  0  0  0  1]
[  0  1  0  0  0  0]
 
# 84
[  0  0  0  0 -1  0]
[  0  0  0  0  0 -1]
[ -1  0  0  0  0  0]
[  0  0  0 -1  0  0]
[  0  1  0  0  0  0]
[  0  0  1  0  0  0]
 
# 85
[  0  0  0  0  0 -1]
[  0 -1  0  0  0  0]
[ -1  0  0  0  0  0]
[  0  0  0  0 -1  0]
[  0  0  1  0  0  0]
[  0  0  0  1  0  0]
 
# 86
[  0  1  0  0  0  0]
[  0  0  0  0  0  1]
[  1  0  0  0  0  0]
[  0  0  1  0  0  0]
[  0  0  0  0 -1  0]
[  0  0  0 -1  0  0]
 
# 87
[  0  0  1  0  0  0]
[  0  1  0  0  0  0]
[  1  0  0  0  0  0]
[  0  0  0  1  0  0]
[  0  0  0  0  0 -1]
[  0  0  0  0 -1  0]
 
# 88
[  0  0  0  1  0  0]
[  0  0  1  0  0  0]
[  1  0  0  0  0  0]
[  0  0  0  0  1  0]
[  0 -1  0  0  0  0]
[  0  0  0  0  0 -1]
 
# 89
[  0  0  0  0  1  0]
[  0  0  0  1  0  0]
[  1  0  0  0  0  0]
[  0  0  0  0  0  1]
[  0  0 -1  0  0  0]
[  0 -1  0  0  0  0]
 
# 90
[  0  0  0  0  0  1]
[  0  0  0  0  1  0]
[  1  0  0  0  0  0]
[  0  1  0  0  0  0]
[  0  0  0 -1  0  0]
[  0  0 -1  0  0  0]
 
# 91
[  0  1  0  0  0  0]
[  0  0  0 -1  0  0]
[  0  0  0  0  0  1]
[  1  0  0  0  0  0]
[  0  0  1  0  0  0]
[  0  0  0  0 -1  0]
 
# 92
[  0  0  1  0  0  0]
[  0  0  0  0 -1  0]
[  0  1  0  0  0  0]
[  1  0  0  0  0  0]
[  0  0  0  1  0  0]
[  0  0  0  0  0 -1]
 
# 93
[  0  0  0  1  0  0]
[  0  0  0  0  0 -1]
[  0  0  1  0  0  0]
[  1  0  0  0  0  0]
[  0  0  0  0  1  0]
[  0 -1  0  0  0  0]
 
# 94
[  0  0  0  0  1  0]
[  0 -1  0  0  0  0]
[  0  0  0  1  0  0]
[  1  0  0  0  0  0]
[  0  0  0  0  0  1]
[  0  0 -1  0  0  0]
 
# 95
[  0  0  0  0  0  1]
[  0  0 -1  0  0  0]
[  0  0  0  0  1  0]
[  1  0  0  0  0  0]
[  0  1  0  0  0  0]
[  0  0  0 -1  0  0]
 
# 96
[  0 -1  0  0  0  0]
[  0  0  0  0  1  0]
[  0  0 -1  0  0  0]
[ -1  0  0  0  0  0]
[  0  0  0  0  0 -1]
[  0  0  0  1  0  0]
 
# 97
[  0  0 -1  0  0  0]
[  0  0  0  0  0  1]
[  0  0  0 -1  0  0]
[ -1  0  0  0  0  0]
[  0 -1  0  0  0  0]
[  0  0  0  0  1  0]
 
# 98
[  0  0  0 -1  0  0]
[  0  1  0  0  0  0]
[  0  0  0  0 -1  0]
[ -1  0  0  0  0  0]
[  0  0 -1  0  0  0]
[  0  0  0  0  0  1]
 
# 99
[  0  0  0  0 -1  0]
[  0  0  1  0  0  0]
[  0  0  0  0  0 -1]
[ -1  0  0  0  0  0]
[  0  0  0 -1  0  0]
[  0  1  0  0  0  0]
 
# 100
[  0  0  0  0  0 -1]
[  0  0  0  1  0  0]
[  0 -1  0  0  0  0]
[ -1  0  0  0  0  0]
[  0  0  0  0 -1  0]
[  0  0  1  0  0  0]
 
# 101
[  0  0 -1  0  0  0]
[ -1  0  0  0  0  0]
[  0 -1  0  0  0  0]
[  0  0  0  0  1  0]
[  0  0  0  0  0  1]
[  0  0  0 -1  0  0]
 
# 102
[  0  0  0 -1  0  0]
[ -1  0  0  0  0  0]
[  0  0 -1  0  0  0]
[  0  0  0  0  0  1]
[  0  1  0  0  0  0]
[  0  0  0  0 -1  0]
 
# 103
[  0  0  0  0 -1  0]
[ -1  0  0  0  0  0]
[  0  0  0 -1  0  0]
[  0  1  0  0  0  0]
[  0  0  1  0  0  0]
[  0  0  0  0  0 -1]
 
# 104
[  0  0  0  0  0 -1]
[ -1  0  0  0  0  0]
[  0  0  0  0 -1  0]
[  0  0  1  0  0  0]
[  0  0  0  1  0  0]
[  0 -1  0  0  0  0]
 
# 105
[  0 -1  0  0  0  0]
[ -1  0  0  0  0  0]
[  0  0  0  0  0 -1]
[  0  0  0  1  0  0]
[  0  0  0  0  1  0]
[  0  0 -1  0  0  0]
 
# 106
[  0  0  0  0  0  1]
[  1  0  0  0  0  0]
[  0  1  0  0  0  0]
[  0  0  0 -1  0  0]
[  0  0 -1  0  0  0]
[  0  0  0  0  1  0]
 
# 107
[  0  1  0  0  0  0]
[  1  0  0  0  0  0]
[  0  0  1  0  0  0]
[  0  0  0  0 -1  0]
[  0  0  0 -1  0  0]
[  0  0  0  0  0  1]
 
# 108
[  0  0  1  0  0  0]
[  1  0  0  0  0  0]
[  0  0  0  1  0  0]
[  0  0  0  0  0 -1]
[  0  0  0  0 -1  0]
[  0  1  0  0  0  0]
 
# 109
[  0  0  0  1  0  0]
[  1  0  0  0  0  0]
[  0  0  0  0  1  0]
[  0 -1  0  0  0  0]
[  0  0  0  0  0 -1]
[  0  0  1  0  0  0]
 
# 110
[  0  0  0  0  1  0]
[  1  0  0  0  0  0]
[  0  0  0  0  0  1]
[  0  0 -1  0  0  0]
[  0 -1  0  0  0  0]
[  0  0  0  1  0  0]
 
# 111
[  0  0  0 -1  0  0]
[  0  0  0  0  0  1]
[  0  1  0  0  0  0]
[  0  0  0  0 -1  0]
[ -1  0  0  0  0  0]
[  0  0 -1  0  0  0]
 
# 112
[  0  0  0  0 -1  0]
[  0  1  0  0  0  0]
[  0  0  1  0  0  0]
[  0  0  0  0  0 -1]
[ -1  0  0  0  0  0]
[  0  0  0 -1  0  0]
 
# 113
[  0  0  0  0  0 -1]
[  0  0  1  0  0  0]
[  0  0  0  1  0  0]
[  0 -1  0  0  0  0]
[ -1  0  0  0  0  0]
[  0  0  0  0 -1  0]
 
# 114
[  0 -1  0  0  0  0]
[  0  0  0  1  0  0]
[  0  0  0  0  1  0]
[  0  0 -1  0  0  0]
[ -1  0  0  0  0  0]
[  0  0  0  0  0 -1]
 
# 115
[  0  0 -1  0  0  0]
[  0  0  0  0  1  0]
[  0  0  0  0  0  1]
[  0  0  0 -1  0  0]
[ -1  0  0  0  0  0]
[  0 -1  0  0  0  0]
 
# 116
[  0  0  0  0  1  0]
[  0  0 -1  0  0  0]
[  0 -1  0  0  0  0]
[  0  0  0  1  0  0]
[  1  0  0  0  0  0]
[  0  0  0  0  0  1]
 
# 117
[  0  0  0  0  0  1]
[  0  0  0 -1  0  0]
[  0  0 -1  0  0  0]
[  0  0  0  0  1  0]
[  1  0  0  0  0  0]
[  0  1  0  0  0  0]
 
# 118
[  0  1  0  0  0  0]
[  0  0  0  0 -1  0]
[  0  0  0 -1  0  0]
[  0  0  0  0  0  1]
[  1  0  0  0  0  0]
[  0  0  1  0  0  0]
 
# 119
[  0  0  1  0  0  0]
[  0  0  0  0  0 -1]
[  0  0  0  0 -1  0]
[  0  1  0  0  0  0]
[  1  0  0  0  0  0]
[  0  0  0  1  0  0]
 
# 120
[  0  0  0  1  0  0]
[  0 -1  0  0  0  0]
[  0  0  0  0  0 -1]
[  0  0  1  0  0  0]
[  1  0  0  0  0  0]
[  0  0  0  0  1  0]
 
nr 120
r_qn
r_qn[0]
[ [1 0 1] [0 0 1] [0 0 1] [0 0 1] [0 0 1] [0 0 1] ]
[ [0 0 1] [1 0 1] [0 0 1] [0 0 1] [0 0 1] [0 0 1] ]
[ [0 0 1] [0 0 1] [1 0 1] [0 0 1] [0 0 1] [0 0 1] ]
[ [0 0 1] [0 0 1] [0 0 1] [1 0 1] [0 0 1] [0 0 1] ]
[ [0 0 1] [0 0 1] [0 0 1] [0 0 1] [1 0 1] [0 0 1] ]
[ [0 0 1] [0 0 1] [0 0 1] [0 0 1] [0 0 1] [1 0 1] ]

r_qn[1]
[ [1 0 2] [-1  1  4] [-1 -1  4] [0 0 1] [0 0 1] [0 0 1] ]
[ [-1  1  4] [1 1 4] [1 0 2] [0 0 1] [0 0 1] [0 0 1] ]
[ [1 1 4] [-1  0  2] [-1  1  4] [0 0 1] [0 0 1] [0 0 1] ]
[ [0 0 1] [0 0 1] [0 0 1] [1 0 2] [-1 -1  4] [-1  1  4] ]
[ [0 0 1] [0 0 1] [0 0 1] [-1 -1  4] [ 1 -1  4] [1 0 2] ]
[ [0 0 1] [0 0 1] [0 0 1] [ 1 -1  4] [-1  0  2] [-1 -1  4] ]

r_qn[2]
[ [ 1 -1  4] [1 1 4] [-1  0  2] [0 0 1] [0 0 1] [0 0 1] ]
[ [1 1 4] [1 0 2] [-1  1  4] [0 0 1] [0 0 1] [0 0 1] ]
[ [1 0 2] [ 1 -1  4] [-1 -1  4] [0 0 1] [0 0 1] [0 0 1] ]
[ [0 0 1] [0 0 1] [0 0 1] [1 1 4] [ 1 -1  4] [-1  0  2] ]
[ [0 0 1] [0 0 1] [0 0 1] [ 1 -1  4] [1 0 2] [-1 -1  4] ]
[ [0 0 1] [0 0 1] [0 0 1] [1 0 2] [1 1 4] [-1  1  4] ]

r_qn[3]
[ [ 1 -1  4] [1 1 4] [1 0 2] [0 0 1] [0 0 1] [0 0 1] ]
[ [1 1 4] [1 0 2] [ 1 -1  4] [0 0 1] [0 0 1] [0 0 1] ]
[ [-1  0  2] [-1  1  4] [-1 -1  4] [0 0 1] [0 0 1] [0 0 1] ]
[ [0 0 1] [0 0 1] [0 0 1] [1 1 4] [ 1 -1  4] [1 0 2] ]
[ [0 0 1] [0 0 1] [0 0 1] [ 1 -1  4] [1 0 2] [1 1 4] ]
[ [0 0 1] [0 0 1] [0 0 1] [-1  0  2] [-1 -1  4] [-1  1  4] ]

r_qn[4]
[ [1 0 2] [-1  1  4] [1 1 4] [0 0 1] [0 0 1] [0 0 1] ]
[ [-1  1  4] [1 1 4] [-1  0  2] [0 0 1] [0 0 1] [0 0 1] ]
[ [-1 -1  4] [1 0 2] [-1  1  4] [0 0 1] [0 0 1] [0 0 1] ]
[ [0 0 1] [0 0 1] [0 0 1] [1 0 2] [-1 -1  4] [ 1 -1  4] ]
[ [0 0 1] [0 0 1] [0 0 1] [-1 -1  4] [ 1 -1  4] [-1  0  2] ]
[ [0 0 1] [0 0 1] [0 0 1] [-1  1  4] [1 0 2] [-1 -1  4] ]

r_qn[5]
[ [-1  0  2] [ 1 -1  4] [-1 -1  4] [0 0 1] [0 0 1] [0 0 1] ]
[ [ 1 -1  4] [-1 -1  4] [1 0 2] [0 0 1] [0 0 1] [0 0 1] ]
[ [-1 -1  4] [1 0 2] [-1  1  4] [0 0 1] [0 0 1] [0 0 1] ]
[ [0 0 1] [0 0 1] [0 0 1] [-1  0  2] [1 1 4] [-1  1  4] ]
[ [0 0 1] [0 0 1] [0 0 1] [1 1 4] [-1  1  4] [1 0 2] ]
[ [0 0 1] [0 0 1] [0 0 1] [-1  1  4] [1 0 2] [-1 -1  4] ]

r_qn[6]
[ [-1  0  1] [0 0 1] [0 0 1] [0 0 1] [0 0 1] [0 0 1] ]
[ [0 0 1] [-1  0  1] [0 0 1] [0 0 1] [0 0 1] [0 0 1] ]
[ [0 0 1] [0 0 1] [1 0 1] [0 0 1] [0 0 1] [0 0 1] ]
[ [0 0 1] [0 0 1] [0 0 1] [-1  0  1] [0 0 1] [0 0 1] ]
[ [0 0 1] [0 0 1] [0 0 1] [0 0 1] [-1  0  1] [0 0 1] ]
[ [0 0 1] [0 0 1] [0 0 1] [0 0 1] [0 0 1] [1 0 1] ]

r_qn[7]
[ [-1  0  2] [ 1 -1  4] [1 1 4] [0 0 1] [0 0 1] [0 0 1] ]
[ [ 1 -1  4] [-1 -1  4] [-1  0  2] [0 0 1] [0 0 1] [0 0 1] ]
[ [1 1 4] [-1  0  2] [-1  1  4] [0 0 1] [0 0 1] [0 0 1] ]
[ [0 0 1] [0 0 1] [0 0 1] [-1  0  2] [1 1 4] [ 1 -1  4] ]
[ [0 0 1] [0 0 1] [0 0 1] [1 1 4] [-1  1  4] [-1  0  2] ]
[ [0 0 1] [0 0 1] [0 0 1] [ 1 -1  4] [-1  0  2] [-1 -1  4] ]

r_qn[8]
[ [-1  1  4] [-1 -1  4] [1 0 2] [0 0 1] [0 0 1] [0 0 1] ]
[ [-1 -1  4] [-1  0  2] [ 1 -1  4] [0 0 1] [0 0 1] [0 0 1] ]
[ [1 0 2] [ 1 -1  4] [-1 -1  4] [0 0 1] [0 0 1] [0 0 1] ]
[ [0 0 1] [0 0 1] [0 0 1] [-1 -1  4] [-1  1  4] [1 0 2] ]
[ [0 0 1] [0 0 1] [0 0 1] [-1  1  4] [-1  0  2] [1 1 4] ]
[ [0 0 1] [0 0 1] [0 0 1] [1 0 2] [1 1 4] [-1  1  4] ]

r_qn[9]
[ [-1  1  4] [-1 -1  4] [-1  0  2] [0 0 1] [0 0 1] [0 0 1] ]
[ [-1 -1  4] [-1  0  2] [-1  1  4] [0 0 1] [0 0 1] [0 0 1] ]
[ [-1  0  2] [-1  1  4] [-1 -1  4] [0 0 1] [0 0 1] [0 0 1] ]
[ [0 0 1] [0 0 1] [0 0 1] [-1 -1  4] [-1  1  4] [-1  0  2] ]
[ [0 0 1] [0 0 1] [0 0 1] [-1  1  4] [-1  0  2] [-1 -1  4] ]
[ [0 0 1] [0 0 1] [0 0 1] [-1  0  2] [-1 -1  4] [-1  1  4] ]

r_qn[10]
[ [-1  0  2] [-1  1  4] [-1 -1  4] [0 0 1] [0 0 1] [0 0 1] ]
[ [-1  1  4] [-1 -1  4] [-1  0  2] [0 0 1] [0 0 1] [0 0 1] ]
[ [-1 -1  4] [-1  0  2] [-1  1  4] [0 0 1] [0 0 1] [0 0 1] ]
[ [0 0 1] [0 0 1] [0 0 1] [-1  0  2] [-1 -1  4] [-1  1  4] ]
[ [0 0 1] [0 0 1] [0 0 1] [-1 -1  4] [-1  1  4] [-1  0  2] ]
[ [0 0 1] [0 0 1] [0 0 1] [-1  1  4] [-1  0  2] [-1 -1  4] ]

r_qn[11]
[ [-1 -1  4] [1 0 2] [-1  1  4] [0 0 1] [0 0 1] [0 0 1] ]
[ [-1  0  2] [ 1 -1  4] [-1 -1  4] [0 0 1] [0 0 1] [0 0 1] ]
[ [ 1 -1  4] [-1 -1  4] [1 0 2] [0 0 1] [0 0 1] [0 0 1] ]
[ [0 0 1] [0 0 1] [0 0 1] [-1  1  4] [1 0 2] [-1 -1  4] ]
[ [0 0 1] [0 0 1] [0 0 1] [-1  0  2] [1 1 4] [-1  1  4] ]
[ [0 0 1] [0 0 1] [0 0 1] [1 1 4] [-1  1  4] [1 0 2] ]

r_qn[12]
[ [0 0 1] [0 0 1] [1 0 1] [0 0 1] [0 0 1] [0 0 1] ]
[ [-1  0  1] [0 0 1] [0 0 1] [0 0 1] [0 0 1] [0 0 1] ]
[ [0 0 1] [-1  0  1] [0 0 1] [0 0 1] [0 0 1] [0 0 1] ]
[ [0 0 1] [0 0 1] [0 0 1] [0 0 1] [0 0 1] [1 0 1] ]
[ [0 0 1] [0 0 1] [0 0 1] [-1  0  1] [0 0 1] [0 0 1] ]
[ [0 0 1] [0 0 1] [0 0 1] [0 0 1] [-1  0  1] [0 0 1] ]

r_qn[13]
[ [1 1 4] [-1  0  2] [-1  1  4] [0 0 1] [0 0 1] [0 0 1] ]
[ [-1  0  2] [ 1 -1  4] [1 1 4] [0 0 1] [0 0 1] [0 0 1] ]
[ [ 1 -1  4] [-1 -1  4] [-1  0  2] [0 0 1] [0 0 1] [0 0 1] ]
[ [0 0 1] [0 0 1] [0 0 1] [ 1 -1  4] [-1  0  2] [-1 -1  4] ]
[ [0 0 1] [0 0 1] [0 0 1] [-1  0  2] [1 1 4] [ 1 -1  4] ]
[ [0 0 1] [0 0 1] [0 0 1] [1 1 4] [-1  1  4] [-1  0  2] ]

r_qn[14]
[ [1 0 2] [ 1 -1  4] [-1 -1  4] [0 0 1] [0 0 1] [0 0 1] ]
[ [-1  1  4] [-1 -1  4] [1 0 2] [0 0 1] [0 0 1] [0 0 1] ]
[ [-1 -1  4] [-1  0  2] [ 1 -1  4] [0 0 1] [0 0 1] [0 0 1] ]
[ [0 0 1] [0 0 1] [0 0 1] [1 0 2] [1 1 4] [-1  1  4] ]
[ [0 0 1] [0 0 1] [0 0 1] [-1 -1  4] [-1  1  4] [1 0 2] ]
[ [0 0 1] [0 0 1] [0 0 1] [-1  1  4] [-1  0  2] [1 1 4] ]

r_qn[15]
[ [1 1 4] [-1  0  2] [-1  1  4] [0 0 1] [0 0 1] [0 0 1] ]
[ [1 0 2] [-1  1  4] [-1 -1  4] [0 0 1] [0 0 1] [0 0 1] ]
[ [-1  1  4] [1 1 4] [1 0 2] [0 0 1] [0 0 1] [0 0 1] ]
[ [0 0 1] [0 0 1] [0 0 1] [ 1 -1  4] [-1  0  2] [-1 -1  4] ]
[ [0 0 1] [0 0 1] [0 0 1] [1 0 2] [-1 -1  4] [-1  1  4] ]
[ [0 0 1] [0 0 1] [0 0 1] [-1 -1  4] [ 1 -1  4] [1 0 2] ]

r_qn[16]
[ [1 0 2] [ 1 -1  4] [-1 -1  4] [0 0 1] [0 0 1] [0 0 1] ]
[ [ 1 -1  4] [1 1 4] [-1  0  2] [0 0 1] [0 0 1] [0 0 1] ]
[ [1 1 4] [1 0 2] [-1  1  4] [0 0 1] [0 0 1] [0 0 1] ]
[ [0 0 1] [0 0 1] [0 0 1] [1 0 2] [1 1 4] [-1  1  4] ]
[ [0 0 1] [0 0 1] [0 0 1] [1 1 4] [ 1 -1  4] [-1  0  2] ]
[ [0 0 1] [0 0 1] [0 0 1] [ 1 -1  4] [1 0 2] [-1 -1  4] ]

r_qn[17]
[ [-1  0  2] [-1  1  4] [-1 -1  4] [0 0 1] [0 0 1] [0 0 1] ]
[ [ 1 -1  4] [1 1 4] [1 0 2] [0 0 1] [0 0 1] [0 0 1] ]
[ [1 1 4] [1 0 2] [ 1 -1  4] [0 0 1] [0 0 1] [0 0 1] ]
[ [0 0 1] [0 0 1] [0 0 1] [-1  0  2] [-1 -1  4] [-1  1  4] ]
[ [0 0 1] [0 0 1] [0 0 1] [1 1 4] [ 1 -1  4] [1 0 2] ]
[ [0 0 1] [0 0 1] [0 0 1] [ 1 -1  4] [1 0 2] [1 1 4] ]

r_qn[18]
[ [-1 -1  4] [1 0 2] [-1  1  4] [0 0 1] [0 0 1] [0 0 1] ]
[ [1 0 2] [-1  1  4] [1 1 4] [0 0 1] [0 0 1] [0 0 1] ]
[ [-1  1  4] [1 1 4] [-1  0  2] [0 0 1] [0 0 1] [0 0 1] ]
[ [0 0 1] [0 0 1] [0 0 1] [-1  1  4] [1 0 2] [-1 -1  4] ]
[ [0 0 1] [0 0 1] [0 0 1] [1 0 2] [-1 -1  4] [ 1 -1  4] ]
[ [0 0 1] [0 0 1] [0 0 1] [-1 -1  4] [ 1 -1  4] [-1  0  2] ]

r_qn[19]
[ [0 0 1] [0 0 1] [1 0 1] [0 0 1] [0 0 1] [0 0 1] ]
[ [1 0 1] [0 0 1] [0 0 1] [0 0 1] [0 0 1] [0 0 1] ]
[ [0 0 1] [1 0 1] [0 0 1] [0 0 1] [0 0 1] [0 0 1] ]
[ [0 0 1] [0 0 1] [0 0 1] [0 0 1] [0 0 1] [1 0 1] ]
[ [0 0 1] [0 0 1] [0 0 1] [1 0 1] [0 0 1] [0 0 1] ]
[ [0 0 1] [0 0 1] [0 0 1] [0 0 1] [1 0 1] [0 0 1] ]

r_qn[20]
[ [1 1 4] [1 0 2] [ 1 -1  4] [0 0 1] [0 0 1] [0 0 1] ]
[ [1 0 2] [ 1 -1  4] [1 1 4] [0 0 1] [0 0 1] [0 0 1] ]
[ [-1  1  4] [-1 -1  4] [-1  0  2] [0 0 1] [0 0 1] [0 0 1] ]
[ [0 0 1] [0 0 1] [0 0 1] [ 1 -1  4] [1 0 2] [1 1 4] ]
[ [0 0 1] [0 0 1] [0 0 1] [1 0 2] [1 1 4] [ 1 -1  4] ]
[ [0 0 1] [0 0 1] [0 0 1] [-1 -1  4] [-1  1  4] [-1  0  2] ]

r_qn[21]
[ [-1  1  4] [1 1 4] [-1  0  2] [0 0 1] [0 0 1] [0 0 1] ]
[ [1 1 4] [-1  0  2] [ 1 -1  4] [0 0 1] [0 0 1] [0 0 1] ]
[ [-1  0  2] [ 1 -1  4] [-1 -1  4] [0 0 1] [0 0 1] [0 0 1] ]
[ [0 0 1] [0 0 1] [0 0 1] [-1 -1  4] [ 1 -1  4] [-1  0  2] ]
[ [0 0 1] [0 0 1] [0 0 1] [ 1 -1  4] [-1  0  2] [1 1 4] ]
[ [0 0 1] [0 0 1] [0 0 1] [-1  0  2] [1 1 4] [-1  1  4] ]

r_qn[22]
[ [0 0 1] [1 0 1] [0 0 1] [0 0 1] [0 0 1] [0 0 1] ]
[ [0 0 1] [0 0 1] [-1  0  1] [0 0 1] [0 0 1] [0 0 1] ]
[ [-1  0  1] [0 0 1] [0 0 1] [0 0 1] [0 0 1] [0 0 1] ]
[ [0 0 1] [0 0 1] [0 0 1] [0 0 1] [1 0 1] [0 0 1] ]
[ [0 0 1] [0 0 1] [0 0 1] [0 0 1] [0 0 1] [-1  0  1] ]
[ [0 0 1] [0 0 1] [0 0 1] [-1  0  1] [0 0 1] [0 0 1] ]

r_qn[23]
[ [-1  1  4] [1 1 4] [1 0 2] [0 0 1] [0 0 1] [0 0 1] ]
[ [-1 -1  4] [1 0 2] [ 1 -1  4] [0 0 1] [0 0 1] [0 0 1] ]
[ [-1  0  2] [ 1 -1  4] [1 1 4] [0 0 1] [0 0 1] [0 0 1] ]
[ [0 0 1] [0 0 1] [0 0 1] [-1 -1  4] [ 1 -1  4] [1 0 2] ]
[ [0 0 1] [0 0 1] [0 0 1] [-1  1  4] [1 0 2] [1 1 4] ]
[ [0 0 1] [0 0 1] [0 0 1] [-1  0  2] [1 1 4] [ 1 -1  4] ]

r_qn[24]
[ [1 1 4] [1 0 2] [-1  1  4] [0 0 1] [0 0 1] [0 0 1] ]
[ [-1  0  2] [-1  1  4] [1 1 4] [0 0 1] [0 0 1] [0 0 1] ]
[ [-1  1  4] [-1 -1  4] [1 0 2] [0 0 1] [0 0 1] [0 0 1] ]
[ [0 0 1] [0 0 1] [0 0 1] [ 1 -1  4] [1 0 2] [-1 -1  4] ]
[ [0 0 1] [0 0 1] [0 0 1] [-1  0  2] [-1 -1  4] [ 1 -1  4] ]
[ [0 0 1] [0 0 1] [0 0 1] [-1 -1  4] [-1  1  4] [1 0 2] ]

r_qn[25]
[ [ 1 -1  4] [-1 -1  4] [-1  0  2] [0 0 1] [0 0 1] [0 0 1] ]
[ [-1 -1  4] [1 0 2] [ 1 -1  4] [0 0 1] [0 0 1] [0 0 1] ]
[ [1 0 2] [-1  1  4] [-1 -1  4] [0 0 1] [0 0 1] [0 0 1] ]
[ [0 0 1] [0 0 1] [0 0 1] [1 1 4] [-1  1  4] [-1  0  2] ]
[ [0 0 1] [0 0 1] [0 0 1] [-1  1  4] [1 0 2] [1 1 4] ]
[ [0 0 1] [0 0 1] [0 0 1] [1 0 2] [-1 -1  4] [-1  1  4] ]

r_qn[26]
[ [-1 -1  4] [-1  0  2] [ 1 -1  4] [0 0 1] [0 0 1] [0 0 1] ]
[ [-1  0  2] [-1  1  4] [1 1 4] [0 0 1] [0 0 1] [0 0 1] ]
[ [ 1 -1  4] [1 1 4] [-1  0  2] [0 0 1] [0 0 1] [0 0 1] ]
[ [0 0 1] [0 0 1] [0 0 1] [-1  1  4] [-1  0  2] [1 1 4] ]
[ [0 0 1] [0 0 1] [0 0 1] [-1  0  2] [-1 -1  4] [ 1 -1  4] ]
[ [0 0 1] [0 0 1] [0 0 1] [1 1 4] [ 1 -1  4] [-1  0  2] ]

r_qn[27]
[ [-1 -1  4] [-1  0  2] [-1  1  4] [0 0 1] [0 0 1] [0 0 1] ]
[ [1 0 2] [ 1 -1  4] [1 1 4] [0 0 1] [0 0 1] [0 0 1] ]
[ [ 1 -1  4] [1 1 4] [1 0 2] [0 0 1] [0 0 1] [0 0 1] ]
[ [0 0 1] [0 0 1] [0 0 1] [-1  1  4] [-1  0  2] [-1 -1  4] ]
[ [0 0 1] [0 0 1] [0 0 1] [1 0 2] [1 1 4] [ 1 -1  4] ]
[ [0 0 1] [0 0 1] [0 0 1] [1 1 4] [ 1 -1  4] [1 0 2] ]

r_qn[28]
[ [ 1 -1  4] [-1 -1  4] [1 0 2] [0 0 1] [0 0 1] [0 0 1] ]
[ [1 1 4] [-1  0  2] [ 1 -1  4] [0 0 1] [0 0 1] [0 0 1] ]
[ [1 0 2] [-1  1  4] [1 1 4] [0 0 1] [0 0 1] [0 0 1] ]
[ [0 0 1] [0 0 1] [0 0 1] [1 1 4] [-1  1  4] [1 0 2] ]
[ [0 0 1] [0 0 1] [0 0 1] [ 1 -1  4] [-1  0  2] [1 1 4] ]
[ [0 0 1] [0 0 1] [0 0 1] [1 0 2] [-1 -1  4] [ 1 -1  4] ]

r_qn[29]
[ [0 0 1] [-1  0  1] [0 0 1] [0 0 1] [0 0 1] [0 0 1] ]
[ [0 0 1] [0 0 1] [-1  0  1] [0 0 1] [0 0 1] [0 0 1] ]
[ [1 0 1] [0 0 1] [0 0 1] [0 0 1] [0 0 1] [0 0 1] ]
[ [0 0 1] [0 0 1] [0 0 1] [0 0 1] [-1  0  1] [0 0 1] ]
[ [0 0 1] [0 0 1] [0 0 1] [0 0 1] [0 0 1] [-1  0  1] ]
[ [0 0 1] [0 0 1] [0 0 1] [1 0 1] [0 0 1] [0 0 1] ]

r_qn[30]
[ [0 0 1] [0 0 1] [-1  0  1] [0 0 1] [0 0 1] [0 0 1] ]
[ [-1  0  1] [0 0 1] [0 0 1] [0 0 1] [0 0 1] [0 0 1] ]
[ [0 0 1] [1 0 1] [0 0 1] [0 0 1] [0 0 1] [0 0 1] ]
[ [0 0 1] [0 0 1] [0 0 1] [0 0 1] [0 0 1] [-1  0  1] ]
[ [0 0 1] [0 0 1] [0 0 1] [-1  0  1] [0 0 1] [0 0 1] ]
[ [0 0 1] [0 0 1] [0 0 1] [0 0 1] [1 0 1] [0 0 1] ]

r_qn[31]
[ [-1 -1  4] [1 0 2] [ 1 -1  4] [0 0 1] [0 0 1] [0 0 1] ]
[ [-1  0  2] [ 1 -1  4] [1 1 4] [0 0 1] [0 0 1] [0 0 1] ]
[ [-1  1  4] [1 1 4] [1 0 2] [0 0 1] [0 0 1] [0 0 1] ]
[ [0 0 1] [0 0 1] [0 0 1] [-1  1  4] [1 0 2] [1 1 4] ]
[ [0 0 1] [0 0 1] [0 0 1] [-1  0  2] [1 1 4] [ 1 -1  4] ]
[ [0 0 1] [0 0 1] [0 0 1] [-1 -1  4] [ 1 -1  4] [1 0 2] ]

r_qn[32]
[ [-1  0  2] [-1  1  4] [1 1 4] [0 0 1] [0 0 1] [0 0 1] ]
[ [-1  1  4] [-1 -1  4] [1 0 2] [0 0 1] [0 0 1] [0 0 1] ]
[ [1 1 4] [1 0 2] [-1  1  4] [0 0 1] [0 0 1] [0 0 1] ]
[ [0 0 1] [0 0 1] [0 0 1] [-1  0  2] [-1 -1  4] [ 1 -1  4] ]
[ [0 0 1] [0 0 1] [0 0 1] [-1 -1  4] [-1  1  4] [1 0 2] ]
[ [0 0 1] [0 0 1] [0 0 1] [ 1 -1  4] [1 0 2] [-1 -1  4] ]

r_qn[33]
[ [1 0 2] [ 1 -1  4] [1 1 4] [0 0 1] [0 0 1] [0 0 1] ]
[ [-1  1  4] [-1 -1  4] [-1  0  2] [0 0 1] [0 0 1] [0 0 1] ]
[ [1 1 4] [1 0 2] [ 1 -1  4] [0 0 1] [0 0 1] [0 0 1] ]
[ [0 0 1] [0 0 1] [0 0 1] [1 0 2] [1 1 4] [ 1 -1  4] ]
[ [0 0 1] [0 0 1] [0 0 1] [-1 -1  4] [-1  1  4] [-1  0  2] ]
[ [0 0 1] [0 0 1] [0 0 1] [ 1 -1  4] [1 0 2] [1 1 4] ]

r_qn[34]
[ [1 1 4] [-1  0  2] [ 1 -1  4] [0 0 1] [0 0 1] [0 0 1] ]
[ [-1  0  2] [ 1 -1  4] [-1 -1  4] [0 0 1] [0 0 1] [0 0 1] ]
[ [-1  1  4] [1 1 4] [-1  0  2] [0 0 1] [0 0 1] [0 0 1] ]
[ [0 0 1] [0 0 1] [0 0 1] [ 1 -1  4] [-1  0  2] [1 1 4] ]
[ [0 0 1] [0 0 1] [0 0 1] [-1  0  2] [1 1 4] [-1  1  4] ]
[ [0 0 1] [0 0 1] [0 0 1] [-1 -1  4] [ 1 -1  4] [-1  0  2] ]

r_qn[35]
[ [1 1 4] [-1  0  2] [ 1 -1  4] [0 0 1] [0 0 1] [0 0 1] ]
[ [1 0 2] [-1  1  4] [1 1 4] [0 0 1] [0 0 1] [0 0 1] ]
[ [ 1 -1  4] [-1 -1  4] [1 0 2] [0 0 1] [0 0 1] [0 0 1] ]
[ [0 0 1] [0 0 1] [0 0 1] [ 1 -1  4] [-1  0  2] [1 1 4] ]
[ [0 0 1] [0 0 1] [0 0 1] [1 0 2] [-1 -1  4] [ 1 -1  4] ]
[ [0 0 1] [0 0 1] [0 0 1] [1 1 4] [-1  1  4] [1 0 2] ]

r_qn[36]
[ [0 0 1] [0 0 1] [-1  0  1] [0 0 1] [0 0 1] [0 0 1] ]
[ [1 0 1] [0 0 1] [0 0 1] [0 0 1] [0 0 1] [0 0 1] ]
[ [0 0 1] [-1  0  1] [0 0 1] [0 0 1] [0 0 1] [0 0 1] ]
[ [0 0 1] [0 0 1] [0 0 1] [0 0 1] [0 0 1] [-1  0  1] ]
[ [0 0 1] [0 0 1] [0 0 1] [1 0 1] [0 0 1] [0 0 1] ]
[ [0 0 1] [0 0 1] [0 0 1] [0 0 1] [-1  0  1] [0 0 1] ]

r_qn[37]
[ [-1 -1  4] [1 0 2] [ 1 -1  4] [0 0 1] [0 0 1] [0 0 1] ]
[ [1 0 2] [-1  1  4] [-1 -1  4] [0 0 1] [0 0 1] [0 0 1] ]
[ [ 1 -1  4] [-1 -1  4] [-1  0  2] [0 0 1] [0 0 1] [0 0 1] ]
[ [0 0 1] [0 0 1] [0 0 1] [-1  1  4] [1 0 2] [1 1 4] ]
[ [0 0 1] [0 0 1] [0 0 1] [1 0 2] [-1 -1  4] [-1  1  4] ]
[ [0 0 1] [0 0 1] [0 0 1] [1 1 4] [-1  1  4] [-1  0  2] ]

r_qn[38]
[ [-1  0  2] [-1  1  4] [1 1 4] [0 0 1] [0 0 1] [0 0 1] ]
[ [ 1 -1  4] [1 1 4] [-1  0  2] [0 0 1] [0 0 1] [0 0 1] ]
[ [-1 -1  4] [-1  0  2] [ 1 -1  4] [0 0 1] [0 0 1] [0 0 1] ]
[ [0 0 1] [0 0 1] [0 0 1] [-1  0  2] [-1 -1  4] [ 1 -1  4] ]
[ [0 0 1] [0 0 1] [0 0 1] [1 1 4] [ 1 -1  4] [-1  0  2] ]
[ [0 0 1] [0 0 1] [0 0 1] [-1  1  4] [-1  0  2] [1 1 4] ]

r_qn[39]
[ [1 0 2] [ 1 -1  4] [1 1 4] [0 0 1] [0 0 1] [0 0 1] ]
[ [ 1 -1  4] [1 1 4] [1 0 2] [0 0 1] [0 0 1] [0 0 1] ]
[ [-1 -1  4] [-1  0  2] [-1  1  4] [0 0 1] [0 0 1] [0 0 1] ]
[ [0 0 1] [0 0 1] [0 0 1] [1 0 2] [1 1 4] [ 1 -1  4] ]
[ [0 0 1] [0 0 1] [0 0 1] [1 1 4] [ 1 -1  4] [1 0 2] ]
[ [0 0 1] [0 0 1] [0 0 1] [-1  1  4] [-1  0  2] [-1 -1  4] ]

r_qn[40]
[ [1 1 4] [1 0 2] [-1  1  4] [0 0 1] [0 0 1] [0 0 1] ]
[ [1 0 2] [ 1 -1  4] [-1 -1  4] [0 0 1] [0 0 1] [0 0 1] ]
[ [ 1 -1  4] [1 1 4] [-1  0  2] [0 0 1] [0 0 1] [0 0 1] ]
[ [0 0 1] [0 0 1] [0 0 1] [ 1 -1  4] [1 0 2] [-1 -1  4] ]
[ [0 0 1] [0 0 1] [0 0 1] [1 0 2] [1 1 4] [-1  1  4] ]
[ [0 0 1] [0 0 1] [0 0 1] [1 1 4] [ 1 -1  4] [-1  0  2] ]

r_qn[41]
[ [1 1 4] [1 0 2] [ 1 -1  4] [0 0 1] [0 0 1] [0 0 1] ]
[ [-1  0  2] [-1  1  4] [-1 -1  4] [0 0 1] [0 0 1] [0 0 1] ]
[ [ 1 -1  4] [1 1 4] [1 0 2] [0 0 1] [0 0 1] [0 0 1] ]
[ [0 0 1] [0 0 1] [0 0 1] [ 1 -1  4] [1 0 2] [1 1 4] ]
[ [0 0 1] [0 0 1] [0 0 1] [-1  0  2] [-1 -1  4] [-1  1  4] ]
[ [0 0 1] [0 0 1] [0 0 1] [1 1 4] [ 1 -1  4] [1 0 2] ]

r_qn[42]
[ [-1  1  4] [1 1 4] [-1  0  2] [0 0 1] [0 0 1] [0 0 1] ]
[ [-1 -1  4] [1 0 2] [-1  1  4] [0 0 1] [0 0 1] [0 0 1] ]
[ [1 0 2] [-1  1  4] [1 1 4] [0 0 1] [0 0 1] [0 0 1] ]
[ [0 0 1] [0 0 1] [0 0 1] [-1 -1  4] [ 1 -1  4] [-1  0  2] ]
[ [0 0 1] [0 0 1] [0 0 1] [-1  1  4] [1 0 2] [-1 -1  4] ]
[ [0 0 1] [0 0 1] [0 0 1] [1 0 2] [-1 -1  4] [ 1 -1  4] ]

r_qn[43]
[ [0 0 1] [1 0 1] [0 0 1] [0 0 1] [0 0 1] [0 0 1] ]
[ [0 0 1] [0 0 1] [1 0 1] [0 0 1] [0 0 1] [0 0 1] ]
[ [1 0 1] [0 0 1] [0 0 1] [0 0 1] [0 0 1] [0 0 1] ]
[ [0 0 1] [0 0 1] [0 0 1] [0 0 1] [1 0 1] [0 0 1] ]
[ [0 0 1] [0 0 1] [0 0 1] [0 0 1] [0 0 1] [1 0 1] ]
[ [0 0 1] [0 0 1] [0 0 1] [1 0 1] [0 0 1] [0 0 1] ]

r_qn[44]
[ [-1  1  4] [1 1 4] [1 0 2] [0 0 1] [0 0 1] [0 0 1] ]
[ [1 1 4] [-1  0  2] [-1  1  4] [0 0 1] [0 0 1] [0 0 1] ]
[ [1 0 2] [-1  1  4] [-1 -1  4] [0 0 1] [0 0 1] [0 0 1] ]
[ [0 0 1] [0 0 1] [0 0 1] [-1 -1  4] [ 1 -1  4] [1 0 2] ]
[ [0 0 1] [0 0 1] [0 0 1] [ 1 -1  4] [-1  0  2] [-1 -1  4] ]
[ [0 0 1] [0 0 1] [0 0 1] [1 0 2] [-1 -1  4] [-1  1  4] ]

r_qn[45]
[ [-1 -1  4] [-1  0  2] [ 1 -1  4] [0 0 1] [0 0 1] [0 0 1] ]
[ [1 0 2] [ 1 -1  4] [-1 -1  4] [0 0 1] [0 0 1] [0 0 1] ]
[ [-1  1  4] [-1 -1  4] [1 0 2] [0 0 1] [0 0 1] [0 0 1] ]
[ [0 0 1] [0 0 1] [0 0 1] [-1  1  4] [-1  0  2] [1 1 4] ]
[ [0 0 1] [0 0 1] [0 0 1] [1 0 2] [1 1 4] [-1  1  4] ]
[ [0 0 1] [0 0 1] [0 0 1] [-1 -1  4] [-1  1  4] [1 0 2] ]

r_qn[46]
[ [-1 -1  4] [-1  0  2] [-1  1  4] [0 0 1] [0 0 1] [0 0 1] ]
[ [-1  0  2] [-1  1  4] [-1 -1  4] [0 0 1] [0 0 1] [0 0 1] ]
[ [-1  1  4] [-1 -1  4] [-1  0  2] [0 0 1] [0 0 1] [0 0 1] ]
[ [0 0 1] [0 0 1] [0 0 1] [-1  1  4] [-1  0  2] [-1 -1  4] ]
[ [0 0 1] [0 0 1] [0 0 1] [-1  0  2] [-1 -1  4] [-1  1  4] ]
[ [0 0 1] [0 0 1] [0 0 1] [-1 -1  4] [-1  1  4] [-1  0  2] ]

r_qn[47]
[ [ 1 -1  4] [-1 -1  4] [1 0 2] [0 0 1] [0 0 1] [0 0 1] ]
[ [-1 -1  4] [1 0 2] [-1  1  4] [0 0 1] [0 0 1] [0 0 1] ]
[ [-1  0  2] [ 1 -1  4] [-1 -1  4] [0 0 1] [0 0 1] [0 0 1] ]
[ [0 0 1] [0 0 1] [0 0 1] [1 1 4] [-1  1  4] [1 0 2] ]
[ [0 0 1] [0 0 1] [0 0 1] [-1  1  4] [1 0 2] [-1 -1  4] ]
[ [0 0 1] [0 0 1] [0 0 1] [-1  0  2] [1 1 4] [-1  1  4] ]

r_qn[48]
[ [0 0 1] [-1  0  1] [0 0 1] [0 0 1] [0 0 1] [0 0 1] ]
[ [0 0 1] [0 0 1] [1 0 1] [0 0 1] [0 0 1] [0 0 1] ]
[ [-1  0  1] [0 0 1] [0 0 1] [0 0 1] [0 0 1] [0 0 1] ]
[ [0 0 1] [0 0 1] [0 0 1] [0 0 1] [-1  0  1] [0 0 1] ]
[ [0 0 1] [0 0 1] [0 0 1] [0 0 1] [0 0 1] [1 0 1] ]
[ [0 0 1] [0 0 1] [0 0 1] [-1  0  1] [0 0 1] [0 0 1] ]

r_qn[49]
[ [ 1 -1  4] [-1 -1  4] [-1  0  2] [0 0 1] [0 0 1] [0 0 1] ]
[ [1 1 4] [-1  0  2] [-1  1  4] [0 0 1] [0 0 1] [0 0 1] ]
[ [-1  0  2] [ 1 -1  4] [1 1 4] [0 0 1] [0 0 1] [0 0 1] ]
[ [0 0 1] [0 0 1] [0 0 1] [1 1 4] [-1  1  4] [-1  0  2] ]
[ [0 0 1] [0 0 1] [0 0 1] [ 1 -1  4] [-1  0  2] [-1 -1  4] ]
[ [0 0 1] [0 0 1] [0 0 1] [-1  0  2] [1 1 4] [ 1 -1  4] ]

r_qn[50]
[ [-1  0  2] [ 1 -1  4] [-1 -1  4] [0 0 1] [0 0 1] [0 0 1] ]
[ [-1  1  4] [1 1 4] [-1  0  2] [0 0 1] [0 0 1] [0 0 1] ]
[ [1 1 4] [-1  0  2] [ 1 -1  4] [0 0 1] [0 0 1] [0 0 1] ]
[ [0 0 1] [0 0 1] [0 0 1] [-1  0  2] [1 1 4] [-1  1  4] ]
[ [0 0 1] [0 0 1] [0 0 1] [-1 -1  4] [ 1 -1  4] [-1  0  2] ]
[ [0 0 1] [0 0 1] [0 0 1] [ 1 -1  4] [-1  0  2] [1 1 4] ]

r_qn[51]
[ [-1  0  1] [0 0 1] [0 0 1] [0 0 1] [0 0 1] [0 0 1] ]
[ [0 0 1] [1 0 1] [0 0 1] [0 0 1] [0 0 1] [0 0 1] ]
[ [0 0 1] [0 0 1] [-1  0  1] [0 0 1] [0 0 1] [0 0 1] ]
[ [0 0 1] [0 0 1] [0 0 1] [-1  0  1] [0 0 1] [0 0 1] ]
[ [0 0 1] [0 0 1] [0 0 1] [0 0 1] [1 0 1] [0 0 1] ]
[ [0 0 1] [0 0 1] [0 0 1] [0 0 1] [0 0 1] [-1  0  1] ]

r_qn[52]
[ [-1  0  2] [ 1 -1  4] [1 1 4] [0 0 1] [0 0 1] [0 0 1] ]
[ [-1  1  4] [1 1 4] [1 0 2] [0 0 1] [0 0 1] [0 0 1] ]
[ [-1 -1  4] [1 0 2] [ 1 -1  4] [0 0 1] [0 0 1] [0 0 1] ]
[ [0 0 1] [0 0 1] [0 0 1] [-1  0  2] [1 1 4] [ 1 -1  4] ]
[ [0 0 1] [0 0 1] [0 0 1] [-1 -1  4] [ 1 -1  4] [1 0 2] ]
[ [0 0 1] [0 0 1] [0 0 1] [-1  1  4] [1 0 2] [1 1 4] ]

r_qn[53]
[ [-1  1  4] [-1 -1  4] [1 0 2] [0 0 1] [0 0 1] [0 0 1] ]
[ [1 1 4] [1 0 2] [-1  1  4] [0 0 1] [0 0 1] [0 0 1] ]
[ [-1  0  2] [-1  1  4] [1 1 4] [0 0 1] [0 0 1] [0 0 1] ]
[ [0 0 1] [0 0 1] [0 0 1] [-1 -1  4] [-1  1  4] [1 0 2] ]
[ [0 0 1] [0 0 1] [0 0 1] [ 1 -1  4] [1 0 2] [-1 -1  4] ]
[ [0 0 1] [0 0 1] [0 0 1] [-1  0  2] [-1 -1  4] [ 1 -1  4] ]

r_qn[54]
[ [-1  1  4] [-1 -1  4] [-1  0  2] [0 0 1] [0 0 1] [0 0 1] ]
[ [1 1 4] [1 0 2] [ 1 -1  4] [0 0 1] [0 0 1] [0 0 1] ]
[ [1 0 2] [ 1 -1  4] [1 1 4] [0 0 1] [0 0 1] [0 0 1] ]
[ [0 0 1] [0 0 1] [0 0 1] [-1 -1  4] [-1  1  4] [-1  0  2] ]
[ [0 0 1] [0 0 1] [0 0 1] [ 1 -1  4] [1 0 2] [1 1 4] ]
[ [0 0 1] [0 0 1] [0 0 1] [1 0 2] [1 1 4] [ 1 -1  4] ]

r_qn[55]
[ [1 0 1] [0 0 1] [0 0 1] [0 0 1] [0 0 1] [0 0 1] ]
[ [0 0 1] [-1  0  1] [0 0 1] [0 0 1] [0 0 1] [0 0 1] ]
[ [0 0 1] [0 0 1] [-1  0  1] [0 0 1] [0 0 1] [0 0 1] ]
[ [0 0 1] [0 0 1] [0 0 1] [1 0 1] [0 0 1] [0 0 1] ]
[ [0 0 1] [0 0 1] [0 0 1] [0 0 1] [-1  0  1] [0 0 1] ]
[ [0 0 1] [0 0 1] [0 0 1] [0 0 1] [0 0 1] [-1  0  1] ]

r_qn[56]
[ [1 0 2] [-1  1  4] [-1 -1  4] [0 0 1] [0 0 1] [0 0 1] ]
[ [ 1 -1  4] [-1 -1  4] [-1  0  2] [0 0 1] [0 0 1] [0 0 1] ]
[ [-1 -1  4] [1 0 2] [ 1 -1  4] [0 0 1] [0 0 1] [0 0 1] ]
[ [0 0 1] [0 0 1] [0 0 1] [1 0 2] [-1 -1  4] [-1  1  4] ]
[ [0 0 1] [0 0 1] [0 0 1] [1 1 4] [-1  1  4] [-1  0  2] ]
[ [0 0 1] [0 0 1] [0 0 1] [-1  1  4] [1 0 2] [1 1 4] ]

r_qn[57]
[ [ 1 -1  4] [1 1 4] [-1  0  2] [0 0 1] [0 0 1] [0 0 1] ]
[ [-1 -1  4] [-1  0  2] [ 1 -1  4] [0 0 1] [0 0 1] [0 0 1] ]
[ [-1  0  2] [-1  1  4] [1 1 4] [0 0 1] [0 0 1] [0 0 1] ]
[ [0 0 1] [0 0 1] [0 0 1] [1 1 4] [ 1 -1  4] [-1  0  2] ]
[ [0 0 1] [0 0 1] [0 0 1] [-1  1  4] [-1  0  2] [1 1 4] ]
[ [0 0 1] [0 0 1] [0 0 1] [-1  0  2] [-1 -1  4] [ 1 -1  4] ]

r_qn[58]
[ [ 1 -1  4] [1 1 4] [1 0 2] [0 0 1] [0 0 1] [0 0 1] ]
[ [-1 -1  4] [-1  0  2] [-1  1  4] [0 0 1] [0 0 1] [0 0 1] ]
[ [1 0 2] [ 1 -1  4] [1 1 4] [0 0 1] [0 0 1] [0 0 1] ]
[ [0 0 1] [0 0 1] [0 0 1] [1 1 4] [ 1 -1  4] [1 0 2] ]
[ [0 0 1] [0 0 1] [0 0 1] [-1  1  4] [-1  0  2] [-1 -1  4] ]
[ [0 0 1] [0 0 1] [0 0 1] [1 0 2] [1 1 4] [ 1 -1  4] ]

r_qn[59]
[ [1 0 2] [-1  1  4] [1 1 4] [0 0 1] [0 0 1] [0 0 1] ]
[ [ 1 -1  4] [-1 -1  4] [1 0 2] [0 0 1] [0 0 1] [0 0 1] ]
[ [1 1 4] [-1  0  2] [ 1 -1  4] [0 0 1] [0 0 1] [0 0 1] ]
[ [0 0 1] [0 0 1] [0 0 1] [1 0 2] [-1 -1  4] [ 1 -1  4] ]
[ [0 0 1] [0 0 1] [0 0 1] [1 1 4] [-1  1  4] [1 0 2] ]
[ [0 0 1] [0 0 1] [0 0 1] [ 1 -1  4] [-1  0  2] [1 1 4] ]

r_qn[60]
[ [-1  0  1] [0 0 1] [0 0 1] [0 0 1] [0 0 1] [0 0 1] ]
[ [0 0 1] [-1  0  1] [0 0 1] [0 0 1] [0 0 1] [0 0 1] ]
[ [0 0 1] [0 0 1] [-1  0  1] [0 0 1] [0 0 1] [0 0 1] ]
[ [0 0 1] [0 0 1] [0 0 1] [-1  0  1] [0 0 1] [0 0 1] ]
[ [0 0 1] [0 0 1] [0 0 1] [0 0 1] [-1  0  1] [0 0 1] ]
[ [0 0 1] [0 0 1] [0 0 1] [0 0 1] [0 0 1] [-1  0  1] ]

r_qn[61]
[ [-1  0  2] [ 1 -1  4] [1 1 4] [0 0 1] [0 0 1] [0 0 1] ]
[ [ 1 -1  4] [-1 -1  4] [-1  0  2] [0 0 1] [0 0 1] [0 0 1] ]
[ [-1 -1  4] [1 0 2] [ 1 -1  4] [0 0 1] [0 0 1] [0 0 1] ]
[ [0 0 1] [0 0 1] [0 0 1] [-1  0  2] [1 1 4] [ 1 -1  4] ]
[ [0 0 1] [0 0 1] [0 0 1] [1 1 4] [-1  1  4] [-1  0  2] ]
[ [0 0 1] [0 0 1] [0 0 1] [-1  1  4] [1 0 2] [1 1 4] ]

r_qn[62]
[ [-1  1  4] [-1 -1  4] [1 0 2] [0 0 1] [0 0 1] [0 0 1] ]
[ [-1 -1  4] [-1  0  2] [ 1 -1  4] [0 0 1] [0 0 1] [0 0 1] ]
[ [-1  0  2] [-1  1  4] [1 1 4] [0 0 1] [0 0 1] [0 0 1] ]
[ [0 0 1] [0 0 1] [0 0 1] [-1 -1  4] [-1  1  4] [1 0 2] ]
[ [0 0 1] [0 0 1] [0 0 1] [-1  1  4] [-1  0  2] [1 1 4] ]
[ [0 0 1] [0 0 1] [0 0 1] [-1  0  2] [-1 -1  4] [ 1 -1  4] ]

r_qn[63]
[ [-1  1  4] [-1 -1  4] [-1  0  2] [0 0 1] [0 0 1] [0 0 1] ]
[ [-1 -1  4] [-1  0  2] [-1  1  4] [0 0 1] [0 0 1] [0 0 1] ]
[ [1 0 2] [ 1 -1  4] [1 1 4] [0 0 1] [0 0 1] [0 0 1] ]
[ [0 0 1] [0 0 1] [0 0 1] [-1 -1  4] [-1  1  4] [-1  0  2] ]
[ [0 0 1] [0 0 1] [0 0 1] [-1  1  4] [-1  0  2] [-1 -1  4] ]
[ [0 0 1] [0 0 1] [0 0 1] [1 0 2] [1 1 4] [ 1 -1  4] ]

r_qn[64]
[ [-1  0  2] [ 1 -1  4] [-1 -1  4] [0 0 1] [0 0 1] [0 0 1] ]
[ [ 1 -1  4] [-1 -1  4] [1 0 2] [0 0 1] [0 0 1] [0 0 1] ]
[ [1 1 4] [-1  0  2] [ 1 -1  4] [0 0 1] [0 0 1] [0 0 1] ]
[ [0 0 1] [0 0 1] [0 0 1] [-1  0  2] [1 1 4] [-1  1  4] ]
[ [0 0 1] [0 0 1] [0 0 1] [1 1 4] [-1  1  4] [1 0 2] ]
[ [0 0 1] [0 0 1] [0 0 1] [ 1 -1  4] [-1  0  2] [1 1 4] ]

r_qn[65]
[ [1 0 2] [-1  1  4] [1 1 4] [0 0 1] [0 0 1] [0 0 1] ]
[ [-1  1  4] [1 1 4] [-1  0  2] [0 0 1] [0 0 1] [0 0 1] ]
[ [1 1 4] [-1  0  2] [ 1 -1  4] [0 0 1] [0 0 1] [0 0 1] ]
[ [0 0 1] [0 0 1] [0 0 1] [1 0 2] [-1 -1  4] [ 1 -1  4] ]
[ [0 0 1] [0 0 1] [0 0 1] [-1 -1  4] [ 1 -1  4] [-1  0  2] ]
[ [0 0 1] [0 0 1] [0 0 1] [ 1 -1  4] [-1  0  2] [1 1 4] ]

r_qn[66]
[ [1 0 1] [0 0 1] [0 0 1] [0 0 1] [0 0 1] [0 0 1] ]
[ [0 0 1] [1 0 1] [0 0 1] [0 0 1] [0 0 1] [0 0 1] ]
[ [0 0 1] [0 0 1] [-1  0  1] [0 0 1] [0 0 1] [0 0 1] ]
[ [0 0 1] [0 0 1] [0 0 1] [1 0 1] [0 0 1] [0 0 1] ]
[ [0 0 1] [0 0 1] [0 0 1] [0 0 1] [1 0 1] [0 0 1] ]
[ [0 0 1] [0 0 1] [0 0 1] [0 0 1] [0 0 1] [-1  0  1] ]

r_qn[67]
[ [1 0 2] [-1  1  4] [-1 -1  4] [0 0 1] [0 0 1] [0 0 1] ]
[ [-1  1  4] [1 1 4] [1 0 2] [0 0 1] [0 0 1] [0 0 1] ]
[ [-1 -1  4] [1 0 2] [ 1 -1  4] [0 0 1] [0 0 1] [0 0 1] ]
[ [0 0 1] [0 0 1] [0 0 1] [1 0 2] [-1 -1  4] [-1  1  4] ]
[ [0 0 1] [0 0 1] [0 0 1] [-1 -1  4] [ 1 -1  4] [1 0 2] ]
[ [0 0 1] [0 0 1] [0 0 1] [-1  1  4] [1 0 2] [1 1 4] ]

r_qn[68]
[ [ 1 -1  4] [1 1 4] [-1  0  2] [0 0 1] [0 0 1] [0 0 1] ]
[ [1 1 4] [1 0 2] [-1  1  4] [0 0 1] [0 0 1] [0 0 1] ]
[ [-1  0  2] [-1  1  4] [1 1 4] [0 0 1] [0 0 1] [0 0 1] ]
[ [0 0 1] [0 0 1] [0 0 1] [1 1 4] [ 1 -1  4] [-1  0  2] ]
[ [0 0 1] [0 0 1] [0 0 1] [ 1 -1  4] [1 0 2] [-1 -1  4] ]
[ [0 0 1] [0 0 1] [0 0 1] [-1  0  2] [-1 -1  4] [ 1 -1  4] ]

r_qn[69]
[ [ 1 -1  4] [1 1 4] [1 0 2] [0 0 1] [0 0 1] [0 0 1] ]
[ [1 1 4] [1 0 2] [ 1 -1  4] [0 0 1] [0 0 1] [0 0 1] ]
[ [1 0 2] [ 1 -1  4] [1 1 4] [0 0 1] [0 0 1] [0 0 1] ]
[ [0 0 1] [0 0 1] [0 0 1] [1 1 4] [ 1 -1  4] [1 0 2] ]
[ [0 0 1] [0 0 1] [0 0 1] [ 1 -1  4] [1 0 2] [1 1 4] ]
[ [0 0 1] [0 0 1] [0 0 1] [1 0 2] [1 1 4] [ 1 -1  4] ]

r_qn[70]
[ [1 0 2] [ 1 -1  4] [1 1 4] [0 0 1] [0 0 1] [0 0 1] ]
[ [ 1 -1  4] [1 1 4] [1 0 2] [0 0 1] [0 0 1] [0 0 1] ]
[ [1 1 4] [1 0 2] [ 1 -1  4] [0 0 1] [0 0 1] [0 0 1] ]
[ [0 0 1] [0 0 1] [0 0 1] [1 0 2] [1 1 4] [ 1 -1  4] ]
[ [0 0 1] [0 0 1] [0 0 1] [1 1 4] [ 1 -1  4] [1 0 2] ]
[ [0 0 1] [0 0 1] [0 0 1] [ 1 -1  4] [1 0 2] [1 1 4] ]

r_qn[71]
[ [1 1 4] [-1  0  2] [ 1 -1  4] [0 0 1] [0 0 1] [0 0 1] ]
[ [1 0 2] [-1  1  4] [1 1 4] [0 0 1] [0 0 1] [0 0 1] ]
[ [-1  1  4] [1 1 4] [-1  0  2] [0 0 1] [0 0 1] [0 0 1] ]
[ [0 0 1] [0 0 1] [0 0 1] [ 1 -1  4] [-1  0  2] [1 1 4] ]
[ [0 0 1] [0 0 1] [0 0 1] [1 0 2] [-1 -1  4] [ 1 -1  4] ]
[ [0 0 1] [0 0 1] [0 0 1] [-1 -1  4] [ 1 -1  4] [-1  0  2] ]

r_qn[72]
[ [0 0 1] [0 0 1] [-1  0  1] [0 0 1] [0 0 1] [0 0 1] ]
[ [1 0 1] [0 0 1] [0 0 1] [0 0 1] [0 0 1] [0 0 1] ]
[ [0 0 1] [1 0 1] [0 0 1] [0 0 1] [0 0 1] [0 0 1] ]
[ [0 0 1] [0 0 1] [0 0 1] [0 0 1] [0 0 1] [-1  0  1] ]
[ [0 0 1] [0 0 1] [0 0 1] [1 0 1] [0 0 1] [0 0 1] ]
[ [0 0 1] [0 0 1] [0 0 1] [0 0 1] [1 0 1] [0 0 1] ]

r_qn[73]
[ [-1 -1  4] [1 0 2] [ 1 -1  4] [0 0 1] [0 0 1] [0 0 1] ]
[ [1 0 2] [-1  1  4] [-1 -1  4] [0 0 1] [0 0 1] [0 0 1] ]
[ [-1  1  4] [1 1 4] [1 0 2] [0 0 1] [0 0 1] [0 0 1] ]
[ [0 0 1] [0 0 1] [0 0 1] [-1  1  4] [1 0 2] [1 1 4] ]
[ [0 0 1] [0 0 1] [0 0 1] [1 0 2] [-1 -1  4] [-1  1  4] ]
[ [0 0 1] [0 0 1] [0 0 1] [-1 -1  4] [ 1 -1  4] [1 0 2] ]

r_qn[74]
[ [-1  0  2] [-1  1  4] [1 1 4] [0 0 1] [0 0 1] [0 0 1] ]
[ [ 1 -1  4] [1 1 4] [-1  0  2] [0 0 1] [0 0 1] [0 0 1] ]
[ [1 1 4] [1 0 2] [-1  1  4] [0 0 1] [0 0 1] [0 0 1] ]
[ [0 0 1] [0 0 1] [0 0 1] [-1  0  2] [-1 -1  4] [ 1 -1  4] ]
[ [0 0 1] [0 0 1] [0 0 1] [1 1 4] [ 1 -1  4] [-1  0  2] ]
[ [0 0 1] [0 0 1] [0 0 1] [ 1 -1  4] [1 0 2] [-1 -1  4] ]

r_qn[75]
[ [-1 -1  4] [1 0 2] [ 1 -1  4] [0 0 1] [0 0 1] [0 0 1] ]
[ [-1  0  2] [ 1 -1  4] [1 1 4] [0 0 1] [0 0 1] [0 0 1] ]
[ [ 1 -1  4] [-1 -1  4] [-1  0  2] [0 0 1] [0 0 1] [0 0 1] ]
[ [0 0 1] [0 0 1] [0 0 1] [-1  1  4] [1 0 2] [1 1 4] ]
[ [0 0 1] [0 0 1] [0 0 1] [-1  0  2] [1 1 4] [ 1 -1  4] ]
[ [0 0 1] [0 0 1] [0 0 1] [1 1 4] [-1  1  4] [-1  0  2] ]

r_qn[76]
[ [-1  0  2] [-1  1  4] [1 1 4] [0 0 1] [0 0 1] [0 0 1] ]
[ [-1  1  4] [-1 -1  4] [1 0 2] [0 0 1] [0 0 1] [0 0 1] ]
[ [-1 -1  4] [-1  0  2] [ 1 -1  4] [0 0 1] [0 0 1] [0 0 1] ]
[ [0 0 1] [0 0 1] [0 0 1] [-1  0  2] [-1 -1  4] [ 1 -1  4] ]
[ [0 0 1] [0 0 1] [0 0 1] [-1 -1  4] [-1  1  4] [1 0 2] ]
[ [0 0 1] [0 0 1] [0 0 1] [-1  1  4] [-1  0  2] [1 1 4] ]

r_qn[77]
[ [1 0 2] [ 1 -1  4] [1 1 4] [0 0 1] [0 0 1] [0 0 1] ]
[ [-1  1  4] [-1 -1  4] [-1  0  2] [0 0 1] [0 0 1] [0 0 1] ]
[ [-1 -1  4] [-1  0  2] [-1  1  4] [0 0 1] [0 0 1] [0 0 1] ]
[ [0 0 1] [0 0 1] [0 0 1] [1 0 2] [1 1 4] [ 1 -1  4] ]
[ [0 0 1] [0 0 1] [0 0 1] [-1 -1  4] [-1  1  4] [-1  0  2] ]
[ [0 0 1] [0 0 1] [0 0 1] [-1  1  4] [-1  0  2] [-1 -1  4] ]

r_qn[78]
[ [1 1 4] [-1  0  2] [ 1 -1  4] [0 0 1] [0 0 1] [0 0 1] ]
[ [-1  0  2] [ 1 -1  4] [-1 -1  4] [0 0 1] [0 0 1] [0 0 1] ]
[ [ 1 -1  4] [-1 -1  4] [1 0 2] [0 0 1] [0 0 1] [0 0 1] ]
[ [0 0 1] [0 0 1] [0 0 1] [ 1 -1  4] [-1  0  2] [1 1 4] ]
[ [0 0 1] [0 0 1] [0 0 1] [-1  0  2] [1 1 4] [-1  1  4] ]
[ [0 0 1] [0 0 1] [0 0 1] [1 1 4] [-1  1  4] [1 0 2] ]

r_qn[79]
[ [0 0 1] [0 0 1] [-1  0  1] [0 0 1] [0 0 1] [0 0 1] ]
[ [-1  0  1] [0 0 1] [0 0 1] [0 0 1] [0 0 1] [0 0 1] ]
[ [0 0 1] [-1  0  1] [0 0 1] [0 0 1] [0 0 1] [0 0 1] ]
[ [0 0 1] [0 0 1] [0 0 1] [0 0 1] [0 0 1] [-1  0  1] ]
[ [0 0 1] [0 0 1] [0 0 1] [-1  0  1] [0 0 1] [0 0 1] ]
[ [0 0 1] [0 0 1] [0 0 1] [0 0 1] [-1  0  1] [0 0 1] ]

r_qn[80]
[ [-1 -1  4] [-1  0  2] [-1  1  4] [0 0 1] [0 0 1] [0 0 1] ]
[ [-1  0  2] [-1  1  4] [-1 -1  4] [0 0 1] [0 0 1] [0 0 1] ]
[ [ 1 -1  4] [1 1 4] [1 0 2] [0 0 1] [0 0 1] [0 0 1] ]
[ [0 0 1] [0 0 1] [0 0 1] [-1  1  4] [-1  0  2] [-1 -1  4] ]
[ [0 0 1] [0 0 1] [0 0 1] [-1  0  2] [-1 -1  4] [-1  1  4] ]
[ [0 0 1] [0 0 1] [0 0 1] [1 1 4] [ 1 -1  4] [1 0 2] ]

r_qn[81]
[ [ 1 -1  4] [-1 -1  4] [1 0 2] [0 0 1] [0 0 1] [0 0 1] ]
[ [-1 -1  4] [1 0 2] [-1  1  4] [0 0 1] [0 0 1] [0 0 1] ]
[ [1 0 2] [-1  1  4] [1 1 4] [0 0 1] [0 0 1] [0 0 1] ]
[ [0 0 1] [0 0 1] [0 0 1] [1 1 4] [-1  1  4] [1 0 2] ]
[ [0 0 1] [0 0 1] [0 0 1] [-1  1  4] [1 0 2] [-1 -1  4] ]
[ [0 0 1] [0 0 1] [0 0 1] [1 0 2] [-1 -1  4] [ 1 -1  4] ]

r_qn[82]
[ [0 0 1] [-1  0  1] [0 0 1] [0 0 1] [0 0 1] [0 0 1] ]
[ [0 0 1] [0 0 1] [1 0 1] [0 0 1] [0 0 1] [0 0 1] ]
[ [1 0 1] [0 0 1] [0 0 1] [0 0 1] [0 0 1] [0 0 1] ]
[ [0 0 1] [0 0 1] [0 0 1] [0 0 1] [-1  0  1] [0 0 1] ]
[ [0 0 1] [0 0 1] [0 0 1] [0 0 1] [0 0 1] [1 0 1] ]
[ [0 0 1] [0 0 1] [0 0 1] [1 0 1] [0 0 1] [0 0 1] ]

r_qn[83]
[ [ 1 -1  4] [-1 -1  4] [-1  0  2] [0 0 1] [0 0 1] [0 0 1] ]
[ [1 1 4] [-1  0  2] [-1  1  4] [0 0 1] [0 0 1] [0 0 1] ]
[ [1 0 2] [-1  1  4] [-1 -1  4] [0 0 1] [0 0 1] [0 0 1] ]
[ [0 0 1] [0 0 1] [0 0 1] [1 1 4] [-1  1  4] [-1  0  2] ]
[ [0 0 1] [0 0 1] [0 0 1] [ 1 -1  4] [-1  0  2] [-1 -1  4] ]
[ [0 0 1] [0 0 1] [0 0 1] [1 0 2] [-1 -1  4] [-1  1  4] ]

r_qn[84]
[ [-1 -1  4] [-1  0  2] [ 1 -1  4] [0 0 1] [0 0 1] [0 0 1] ]
[ [1 0 2] [ 1 -1  4] [-1 -1  4] [0 0 1] [0 0 1] [0 0 1] ]
[ [ 1 -1  4] [1 1 4] [-1  0  2] [0 0 1] [0 0 1] [0 0 1] ]
[ [0 0 1] [0 0 1] [0 0 1] [-1  1  4] [-1  0  2] [1 1 4] ]
[ [0 0 1] [0 0 1] [0 0 1] [1 0 2] [1 1 4] [-1  1  4] ]
[ [0 0 1] [0 0 1] [0 0 1] [1 1 4] [ 1 -1  4] [-1  0  2] ]

r_qn[85]
[ [-1  1  4] [1 1 4] [1 0 2] [0 0 1] [0 0 1] [0 0 1] ]
[ [1 1 4] [-1  0  2] [-1  1  4] [0 0 1] [0 0 1] [0 0 1] ]
[ [-1  0  2] [ 1 -1  4] [1 1 4] [0 0 1] [0 0 1] [0 0 1] ]
[ [0 0 1] [0 0 1] [0 0 1] [-1 -1  4] [ 1 -1  4] [1 0 2] ]
[ [0 0 1] [0 0 1] [0 0 1] [ 1 -1  4] [-1  0  2] [-1 -1  4] ]
[ [0 0 1] [0 0 1] [0 0 1] [-1  0  2] [1 1 4] [ 1 -1  4] ]

r_qn[86]
[ [1 1 4] [1 0 2] [-1  1  4] [0 0 1] [0 0 1] [0 0 1] ]
[ [1 0 2] [ 1 -1  4] [-1 -1  4] [0 0 1] [0 0 1] [0 0 1] ]
[ [-1  1  4] [-1 -1  4] [1 0 2] [0 0 1] [0 0 1] [0 0 1] ]
[ [0 0 1] [0 0 1] [0 0 1] [ 1 -1  4] [1 0 2] [-1 -1  4] ]
[ [0 0 1] [0 0 1] [0 0 1] [1 0 2] [1 1 4] [-1  1  4] ]
[ [0 0 1] [0 0 1] [0 0 1] [-1 -1  4] [-1  1  4] [1 0 2] ]

r_qn[87]
[ [1 1 4] [1 0 2] [ 1 -1  4] [0 0 1] [0 0 1] [0 0 1] ]
[ [-1  0  2] [-1  1  4] [-1 -1  4] [0 0 1] [0 0 1] [0 0 1] ]
[ [-1  1  4] [-1 -1  4] [-1  0  2] [0 0 1] [0 0 1] [0 0 1] ]
[ [0 0 1] [0 0 1] [0 0 1] [ 1 -1  4] [1 0 2] [1 1 4] ]
[ [0 0 1] [0 0 1] [0 0 1] [-1  0  2] [-1 -1  4] [-1  1  4] ]
[ [0 0 1] [0 0 1] [0 0 1] [-1 -1  4] [-1  1  4] [-1  0  2] ]

r_qn[88]
[ [-1  1  4] [1 1 4] [-1  0  2] [0 0 1] [0 0 1] [0 0 1] ]
[ [-1 -1  4] [1 0 2] [-1  1  4] [0 0 1] [0 0 1] [0 0 1] ]
[ [-1  0  2] [ 1 -1  4] [-1 -1  4] [0 0 1] [0 0 1] [0 0 1] ]
[ [0 0 1] [0 0 1] [0 0 1] [-1 -1  4] [ 1 -1  4] [-1  0  2] ]
[ [0 0 1] [0 0 1] [0 0 1] [-1  1  4] [1 0 2] [-1 -1  4] ]
[ [0 0 1] [0 0 1] [0 0 1] [-1  0  2] [1 1 4] [-1  1  4] ]

r_qn[89]
[ [0 0 1] [1 0 1] [0 0 1] [0 0 1] [0 0 1] [0 0 1] ]
[ [0 0 1] [0 0 1] [1 0 1] [0 0 1] [0 0 1] [0 0 1] ]
[ [-1  0  1] [0 0 1] [0 0 1] [0 0 1] [0 0 1] [0 0 1] ]
[ [0 0 1] [0 0 1] [0 0 1] [0 0 1] [1 0 1] [0 0 1] ]
[ [0 0 1] [0 0 1] [0 0 1] [0 0 1] [0 0 1] [1 0 1] ]
[ [0 0 1] [0 0 1] [0 0 1] [-1  0  1] [0 0 1] [0 0 1] ]

r_qn[90]
[ [0 0 1] [0 0 1] [1 0 1] [0 0 1] [0 0 1] [0 0 1] ]
[ [1 0 1] [0 0 1] [0 0 1] [0 0 1] [0 0 1] [0 0 1] ]
[ [0 0 1] [-1  0  1] [0 0 1] [0 0 1] [0 0 1] [0 0 1] ]
[ [0 0 1] [0 0 1] [0 0 1] [0 0 1] [0 0 1] [1 0 1] ]
[ [0 0 1] [0 0 1] [0 0 1] [1 0 1] [0 0 1] [0 0 1] ]
[ [0 0 1] [0 0 1] [0 0 1] [0 0 1] [-1  0  1] [0 0 1] ]

r_qn[91]
[ [1 1 4] [-1  0  2] [-1  1  4] [0 0 1] [0 0 1] [0 0 1] ]
[ [1 0 2] [-1  1  4] [-1 -1  4] [0 0 1] [0 0 1] [0 0 1] ]
[ [ 1 -1  4] [-1 -1  4] [-1  0  2] [0 0 1] [0 0 1] [0 0 1] ]
[ [0 0 1] [0 0 1] [0 0 1] [ 1 -1  4] [-1  0  2] [-1 -1  4] ]
[ [0 0 1] [0 0 1] [0 0 1] [1 0 2] [-1 -1  4] [-1  1  4] ]
[ [0 0 1] [0 0 1] [0 0 1] [1 1 4] [-1  1  4] [-1  0  2] ]

r_qn[92]
[ [1 0 2] [ 1 -1  4] [-1 -1  4] [0 0 1] [0 0 1] [0 0 1] ]
[ [ 1 -1  4] [1 1 4] [-1  0  2] [0 0 1] [0 0 1] [0 0 1] ]
[ [-1 -1  4] [-1  0  2] [ 1 -1  4] [0 0 1] [0 0 1] [0 0 1] ]
[ [0 0 1] [0 0 1] [0 0 1] [1 0 2] [1 1 4] [-1  1  4] ]
[ [0 0 1] [0 0 1] [0 0 1] [1 1 4] [ 1 -1  4] [-1  0  2] ]
[ [0 0 1] [0 0 1] [0 0 1] [-1  1  4] [-1  0  2] [1 1 4] ]

r_qn[93]
[ [-1  0  2] [-1  1  4] [-1 -1  4] [0 0 1] [0 0 1] [0 0 1] ]
[ [ 1 -1  4] [1 1 4] [1 0 2] [0 0 1] [0 0 1] [0 0 1] ]
[ [-1 -1  4] [-1  0  2] [-1  1  4] [0 0 1] [0 0 1] [0 0 1] ]
[ [0 0 1] [0 0 1] [0 0 1] [-1  0  2] [-1 -1  4] [-1  1  4] ]
[ [0 0 1] [0 0 1] [0 0 1] [1 1 4] [ 1 -1  4] [1 0 2] ]
[ [0 0 1] [0 0 1] [0 0 1] [-1  1  4] [-1  0  2] [-1 -1  4] ]

r_qn[94]
[ [-1 -1  4] [1 0 2] [-1  1  4] [0 0 1] [0 0 1] [0 0 1] ]
[ [1 0 2] [-1  1  4] [1 1 4] [0 0 1] [0 0 1] [0 0 1] ]
[ [ 1 -1  4] [-1 -1  4] [1 0 2] [0 0 1] [0 0 1] [0 0 1] ]
[ [0 0 1] [0 0 1] [0 0 1] [-1  1  4] [1 0 2] [-1 -1  4] ]
[ [0 0 1] [0 0 1] [0 0 1] [1 0 2] [-1 -1  4] [ 1 -1  4] ]
[ [0 0 1] [0 0 1] [0 0 1] [1 1 4] [-1  1  4] [1 0 2] ]

r_qn[95]
[ [-1 -1  4] [1 0 2] [-1  1  4] [0 0 1] [0 0 1] [0 0 1] ]
[ [-1  0  2] [ 1 -1  4] [-1 -1  4] [0 0 1] [0 0 1] [0 0 1] ]
[ [-1  1  4] [1 1 4] [-1  0  2] [0 0 1] [0 0 1] [0 0 1] ]
[ [0 0 1] [0 0 1] [0 0 1] [-1  1  4] [1 0 2] [-1 -1  4] ]
[ [0 0 1] [0 0 1] [0 0 1] [-1  0  2] [1 1 4] [-1  1  4] ]
[ [0 0 1] [0 0 1] [0 0 1] [-1 -1  4] [ 1 -1  4] [-1  0  2] ]

r_qn[96]
[ [0 0 1] [0 0 1] [1 0 1] [0 0 1] [0 0 1] [0 0 1] ]
[ [-1  0  1] [0 0 1] [0 0 1] [0 0 1] [0 0 1] [0 0 1] ]
[ [0 0 1] [1 0 1] [0 0 1] [0 0 1] [0 0 1] [0 0 1] ]
[ [0 0 1] [0 0 1] [0 0 1] [0 0 1] [0 0 1] [1 0 1] ]
[ [0 0 1] [0 0 1] [0 0 1] [-1  0  1] [0 0 1] [0 0 1] ]
[ [0 0 1] [0 0 1] [0 0 1] [0 0 1] [1 0 1] [0 0 1] ]

r_qn[97]
[ [1 1 4] [-1  0  2] [-1  1  4] [0 0 1] [0 0 1] [0 0 1] ]
[ [-1  0  2] [ 1 -1  4] [1 1 4] [0 0 1] [0 0 1] [0 0 1] ]
[ [-1  1  4] [1 1 4] [1 0 2] [0 0 1] [0 0 1] [0 0 1] ]
[ [0 0 1] [0 0 1] [0 0 1] [ 1 -1  4] [-1  0  2] [-1 -1  4] ]
[ [0 0 1] [0 0 1] [0 0 1] [-1  0  2] [1 1 4] [ 1 -1  4] ]
[ [0 0 1] [0 0 1] [0 0 1] [-1 -1  4] [ 1 -1  4] [1 0 2] ]

r_qn[98]
[ [1 0 2] [ 1 -1  4] [-1 -1  4] [0 0 1] [0 0 1] [0 0 1] ]
[ [-1  1  4] [-1 -1  4] [1 0 2] [0 0 1] [0 0 1] [0 0 1] ]
[ [1 1 4] [1 0 2] [-1  1  4] [0 0 1] [0 0 1] [0 0 1] ]
[ [0 0 1] [0 0 1] [0 0 1] [1 0 2] [1 1 4] [-1  1  4] ]
[ [0 0 1] [0 0 1] [0 0 1] [-1 -1  4] [-1  1  4] [1 0 2] ]
[ [0 0 1] [0 0 1] [0 0 1] [ 1 -1  4] [1 0 2] [-1 -1  4] ]

r_qn[99]
[ [-1  0  2] [-1  1  4] [-1 -1  4] [0 0 1] [0 0 1] [0 0 1] ]
[ [-1  1  4] [-1 -1  4] [-1  0  2] [0 0 1] [0 0 1] [0 0 1] ]
[ [1 1 4] [1 0 2] [ 1 -1  4] [0 0 1] [0 0 1] [0 0 1] ]
[ [0 0 1] [0 0 1] [0 0 1] [-1  0  2] [-1 -1  4] [-1  1  4] ]
[ [0 0 1] [0 0 1] [0 0 1] [-1 -1  4] [-1  1  4] [-1  0  2] ]
[ [0 0 1] [0 0 1] [0 0 1] [ 1 -1  4] [1 0 2] [1 1 4] ]

r_qn[100]
[ [-1 -1  4] [-1  0  2] [ 1 -1  4] [0 0 1] [0 0 1] [0 0 1] ]
[ [-1  0  2] [-1  1  4] [1 1 4] [0 0 1] [0 0 1] [0 0 1] ]
[ [-1  1  4] [-1 -1  4] [1 0 2] [0 0 1] [0 0 1] [0 0 1] ]
[ [0 0 1] [0 0 1] [0 0 1] [-1  1  4] [-1  0  2] [1 1 4] ]
[ [0 0 1] [0 0 1] [0 0 1] [-1  0  2] [-1 -1  4] [ 1 -1  4] ]
[ [0 0 1] [0 0 1] [0 0 1] [-1 -1  4] [-1  1  4] [1 0 2] ]

r_qn[101]
[ [-1 -1  4] [-1  0  2] [-1  1  4] [0 0 1] [0 0 1] [0 0 1] ]
[ [1 0 2] [ 1 -1  4] [1 1 4] [0 0 1] [0 0 1] [0 0 1] ]
[ [-1  1  4] [-1 -1  4] [-1  0  2] [0 0 1] [0 0 1] [0 0 1] ]
[ [0 0 1] [0 0 1] [0 0 1] [-1  1  4] [-1  0  2] [-1 -1  4] ]
[ [0 0 1] [0 0 1] [0 0 1] [1 0 2] [1 1 4] [ 1 -1  4] ]
[ [0 0 1] [0 0 1] [0 0 1] [-1 -1  4] [-1  1  4] [-1  0  2] ]

r_qn[102]
[ [ 1 -1  4] [-1 -1  4] [1 0 2] [0 0 1] [0 0 1] [0 0 1] ]
[ [1 1 4] [-1  0  2] [ 1 -1  4] [0 0 1] [0 0 1] [0 0 1] ]
[ [-1  0  2] [ 1 -1  4] [-1 -1  4] [0 0 1] [0 0 1] [0 0 1] ]
[ [0 0 1] [0 0 1] [0 0 1] [1 1 4] [-1  1  4] [1 0 2] ]
[ [0 0 1] [0 0 1] [0 0 1] [ 1 -1  4] [-1  0  2] [1 1 4] ]
[ [0 0 1] [0 0 1] [0 0 1] [-1  0  2] [1 1 4] [-1  1  4] ]

r_qn[103]
[ [0 0 1] [-1  0  1] [0 0 1] [0 0 1] [0 0 1] [0 0 1] ]
[ [0 0 1] [0 0 1] [-1  0  1] [0 0 1] [0 0 1] [0 0 1] ]
[ [-1  0  1] [0 0 1] [0 0 1] [0 0 1] [0 0 1] [0 0 1] ]
[ [0 0 1] [0 0 1] [0 0 1] [0 0 1] [-1  0  1] [0 0 1] ]
[ [0 0 1] [0 0 1] [0 0 1] [0 0 1] [0 0 1] [-1  0  1] ]
[ [0 0 1] [0 0 1] [0 0 1] [-1  0  1] [0 0 1] [0 0 1] ]

r_qn[104]
[ [ 1 -1  4] [-1 -1  4] [-1  0  2] [0 0 1] [0 0 1] [0 0 1] ]
[ [-1 -1  4] [1 0 2] [ 1 -1  4] [0 0 1] [0 0 1] [0 0 1] ]
[ [-1  0  2] [ 1 -1  4] [1 1 4] [0 0 1] [0 0 1] [0 0 1] ]
[ [0 0 1] [0 0 1] [0 0 1] [1 1 4] [-1  1  4] [-1  0  2] ]
[ [0 0 1] [0 0 1] [0 0 1] [-1  1  4] [1 0 2] [1 1 4] ]
[ [0 0 1] [0 0 1] [0 0 1] [-1  0  2] [1 1 4] [ 1 -1  4] ]

r_qn[105]
[ [1 1 4] [1 0 2] [-1  1  4] [0 0 1] [0 0 1] [0 0 1] ]
[ [-1  0  2] [-1  1  4] [1 1 4] [0 0 1] [0 0 1] [0 0 1] ]
[ [ 1 -1  4] [1 1 4] [-1  0  2] [0 0 1] [0 0 1] [0 0 1] ]
[ [0 0 1] [0 0 1] [0 0 1] [ 1 -1  4] [1 0 2] [-1 -1  4] ]
[ [0 0 1] [0 0 1] [0 0 1] [-1  0  2] [-1 -1  4] [ 1 -1  4] ]
[ [0 0 1] [0 0 1] [0 0 1] [1 1 4] [ 1 -1  4] [-1  0  2] ]

r_qn[106]
[ [1 1 4] [1 0 2] [ 1 -1  4] [0 0 1] [0 0 1] [0 0 1] ]
[ [1 0 2] [ 1 -1  4] [1 1 4] [0 0 1] [0 0 1] [0 0 1] ]
[ [ 1 -1  4] [1 1 4] [1 0 2] [0 0 1] [0 0 1] [0 0 1] ]
[ [0 0 1] [0 0 1] [0 0 1] [ 1 -1  4] [1 0 2] [1 1 4] ]
[ [0 0 1] [0 0 1] [0 0 1] [1 0 2] [1 1 4] [ 1 -1  4] ]
[ [0 0 1] [0 0 1] [0 0 1] [1 1 4] [ 1 -1  4] [1 0 2] ]

r_qn[107]
[ [-1  1  4] [1 1 4] [-1  0  2] [0 0 1] [0 0 1] [0 0 1] ]
[ [1 1 4] [-1  0  2] [ 1 -1  4] [0 0 1] [0 0 1] [0 0 1] ]
[ [1 0 2] [-1  1  4] [1 1 4] [0 0 1] [0 0 1] [0 0 1] ]
[ [0 0 1] [0 0 1] [0 0 1] [-1 -1  4] [ 1 -1  4] [-1  0  2] ]
[ [0 0 1] [0 0 1] [0 0 1] [ 1 -1  4] [-1  0  2] [1 1 4] ]
[ [0 0 1] [0 0 1] [0 0 1] [1 0 2] [-1 -1  4] [ 1 -1  4] ]

r_qn[108]
[ [0 0 1] [1 0 1] [0 0 1] [0 0 1] [0 0 1] [0 0 1] ]
[ [0 0 1] [0 0 1] [-1  0  1] [0 0 1] [0 0 1] [0 0 1] ]
[ [1 0 1] [0 0 1] [0 0 1] [0 0 1] [0 0 1] [0 0 1] ]
[ [0 0 1] [0 0 1] [0 0 1] [0 0 1] [1 0 1] [0 0 1] ]
[ [0 0 1] [0 0 1] [0 0 1] [0 0 1] [0 0 1] [-1  0  1] ]
[ [0 0 1] [0 0 1] [0 0 1] [1 0 1] [0 0 1] [0 0 1] ]

r_qn[109]
[ [-1  1  4] [1 1 4] [1 0 2] [0 0 1] [0 0 1] [0 0 1] ]
[ [-1 -1  4] [1 0 2] [ 1 -1  4] [0 0 1] [0 0 1] [0 0 1] ]
[ [1 0 2] [-1  1  4] [-1 -1  4] [0 0 1] [0 0 1] [0 0 1] ]
[ [0 0 1] [0 0 1] [0 0 1] [-1 -1  4] [ 1 -1  4] [1 0 2] ]
[ [0 0 1] [0 0 1] [0 0 1] [-1  1  4] [1 0 2] [1 1 4] ]
[ [0 0 1] [0 0 1] [0 0 1] [1 0 2] [-1 -1  4] [-1  1  4] ]

r_qn[110]
[ [1 0 2] [-1  1  4] [1 1 4] [0 0 1] [0 0 1] [0 0 1] ]
[ [ 1 -1  4] [-1 -1  4] [1 0 2] [0 0 1] [0 0 1] [0 0 1] ]
[ [-1 -1  4] [1 0 2] [-1  1  4] [0 0 1] [0 0 1] [0 0 1] ]
[ [0 0 1] [0 0 1] [0 0 1] [1 0 2] [-1 -1  4] [ 1 -1  4] ]
[ [0 0 1] [0 0 1] [0 0 1] [1 1 4] [-1  1  4] [1 0 2] ]
[ [0 0 1] [0 0 1] [0 0 1] [-1  1  4] [1 0 2] [-1 -1  4] ]

r_qn[111]
[ [1 0 1] [0 0 1] [0 0 1] [0 0 1] [0 0 1] [0 0 1] ]
[ [0 0 1] [-1  0  1] [0 0 1] [0 0 1] [0 0 1] [0 0 1] ]
[ [0 0 1] [0 0 1] [1 0 1] [0 0 1] [0 0 1] [0 0 1] ]
[ [0 0 1] [0 0 1] [0 0 1] [1 0 1] [0 0 1] [0 0 1] ]
[ [0 0 1] [0 0 1] [0 0 1] [0 0 1] [-1  0  1] [0 0 1] ]
[ [0 0 1] [0 0 1] [0 0 1] [0 0 1] [0 0 1] [1 0 1] ]

r_qn[112]
[ [1 0 2] [-1  1  4] [-1 -1  4] [0 0 1] [0 0 1] [0 0 1] ]
[ [ 1 -1  4] [-1 -1  4] [-1  0  2] [0 0 1] [0 0 1] [0 0 1] ]
[ [1 1 4] [-1  0  2] [-1  1  4] [0 0 1] [0 0 1] [0 0 1] ]
[ [0 0 1] [0 0 1] [0 0 1] [1 0 2] [-1 -1  4] [-1  1  4] ]
[ [0 0 1] [0 0 1] [0 0 1] [1 1 4] [-1  1  4] [-1  0  2] ]
[ [0 0 1] [0 0 1] [0 0 1] [ 1 -1  4] [-1  0  2] [-1 -1  4] ]

r_qn[113]
[ [ 1 -1  4] [1 1 4] [-1  0  2] [0 0 1] [0 0 1] [0 0 1] ]
[ [-1 -1  4] [-1  0  2] [ 1 -1  4] [0 0 1] [0 0 1] [0 0 1] ]
[ [1 0 2] [ 1 -1  4] [-1 -1  4] [0 0 1] [0 0 1] [0 0 1] ]
[ [0 0 1] [0 0 1] [0 0 1] [1 1 4] [ 1 -1  4] [-1  0  2] ]
[ [0 0 1] [0 0 1] [0 0 1] [-1  1  4] [-1  0  2] [1 1 4] ]
[ [0 0 1] [0 0 1] [0 0 1] [1 0 2] [1 1 4] [-1  1  4] ]

r_qn[114]
[ [ 1 -1  4] [1 1 4] [1 0 2] [0 0 1] [0 0 1] [0 0 1] ]
[ [-1 -1  4] [-1  0  2] [-1  1  4] [0 0 1] [0 0 1] [0 0 1] ]
[ [-1  0  2] [-1  1  4] [-1 -1  4] [0 0 1] [0 0 1] [0 0 1] ]
[ [0 0 1] [0 0 1] [0 0 1] [1 1 4] [ 1 -1  4] [1 0 2] ]
[ [0 0 1] [0 0 1] [0 0 1] [-1  1  4] [-1  0  2] [-1 -1  4] ]
[ [0 0 1] [0 0 1] [0 0 1] [-1  0  2] [-1 -1  4] [-1  1  4] ]

r_qn[115]
[ [-1  0  1] [0 0 1] [0 0 1] [0 0 1] [0 0 1] [0 0 1] ]
[ [0 0 1] [1 0 1] [0 0 1] [0 0 1] [0 0 1] [0 0 1] ]
[ [0 0 1] [0 0 1] [1 0 1] [0 0 1] [0 0 1] [0 0 1] ]
[ [0 0 1] [0 0 1] [0 0 1] [-1  0  1] [0 0 1] [0 0 1] ]
[ [0 0 1] [0 0 1] [0 0 1] [0 0 1] [1 0 1] [0 0 1] ]
[ [0 0 1] [0 0 1] [0 0 1] [0 0 1] [0 0 1] [1 0 1] ]

r_qn[116]
[ [-1  0  2] [ 1 -1  4] [1 1 4] [0 0 1] [0 0 1] [0 0 1] ]
[ [-1  1  4] [1 1 4] [1 0 2] [0 0 1] [0 0 1] [0 0 1] ]
[ [1 1 4] [-1  0  2] [-1  1  4] [0 0 1] [0 0 1] [0 0 1] ]
[ [0 0 1] [0 0 1] [0 0 1] [-1  0  2] [1 1 4] [ 1 -1  4] ]
[ [0 0 1] [0 0 1] [0 0 1] [-1 -1  4] [ 1 -1  4] [1 0 2] ]
[ [0 0 1] [0 0 1] [0 0 1] [ 1 -1  4] [-1  0  2] [-1 -1  4] ]

r_qn[117]
[ [-1  1  4] [-1 -1  4] [1 0 2] [0 0 1] [0 0 1] [0 0 1] ]
[ [1 1 4] [1 0 2] [-1  1  4] [0 0 1] [0 0 1] [0 0 1] ]
[ [1 0 2] [ 1 -1  4] [-1 -1  4] [0 0 1] [0 0 1] [0 0 1] ]
[ [0 0 1] [0 0 1] [0 0 1] [-1 -1  4] [-1  1  4] [1 0 2] ]
[ [0 0 1] [0 0 1] [0 0 1] [ 1 -1  4] [1 0 2] [-1 -1  4] ]
[ [0 0 1] [0 0 1] [0 0 1] [1 0 2] [1 1 4] [-1  1  4] ]

r_qn[118]
[ [-1  1  4] [-1 -1  4] [-1  0  2] [0 0 1] [0 0 1] [0 0 1] ]
[ [1 1 4] [1 0 2] [ 1 -1  4] [0 0 1] [0 0 1] [0 0 1] ]
[ [-1  0  2] [-1  1  4] [-1 -1  4] [0 0 1] [0 0 1] [0 0 1] ]
[ [0 0 1] [0 0 1] [0 0 1] [-1 -1  4] [-1  1  4] [-1  0  2] ]
[ [0 0 1] [0 0 1] [0 0 1] [ 1 -1  4] [1 0 2] [1 1 4] ]
[ [0 0 1] [0 0 1] [0 0 1] [-1  0  2] [-1 -1  4] [-1  1  4] ]

r_qn[119]
[ [-1  0  2] [ 1 -1  4] [-1 -1  4] [0 0 1] [0 0 1] [0 0 1] ]
[ [-1  1  4] [1 1 4] [-1  0  2] [0 0 1] [0 0 1] [0 0 1] ]
[ [-1 -1  4] [1 0 2] [-1  1  4] [0 0 1] [0 0 1] [0 0 1] ]
[ [0 0 1] [0 0 1] [0 0 1] [-1  0  2] [1 1 4] [-1  1  4] ]
[ [0 0 1] [0 0 1] [0 0 1] [-1 -1  4] [ 1 -1  4] [-1  0  2] ]
[ [0 0 1] [0 0 1] [0 0 1] [-1  1  4] [1 0 2] [-1 -1  4] ]

nr 120
r_qn_e
r_qn_e[0]
[ [1 0 1] [0 0 1] [0 0 1] ]
[ [0 0 1] [1 0 1] [0 0 1] ]
[ [0 0 1] [0 0 1] [1 0 1] ]

r_qn_e[1]
[ [1 0 2] [-1  1  4] [-1 -1  4] ]
[ [-1  1  4] [1 1 4] [1 0 2] ]
[ [1 1 4] [-1  0  2] [-1  1  4] ]

r_qn_e[2]
[ [ 1 -1  4] [1 1 4] [-1  0  2] ]
[ [1 1 4] [1 0 2] [-1  1  4] ]
[ [1 0 2] [ 1 -1  4] [-1 -1  4] ]

r_qn_e[3]
[ [ 1 -1  4] [1 1 4] [1 0 2] ]
[ [1 1 4] [1 0 2] [ 1 -1  4] ]
[ [-1  0  2] [-1  1  4] [-1 -1  4] ]

r_qn_e[4]
[ [1 0 2] [-1  1  4] [1 1 4] ]
[ [-1  1  4] [1 1 4] [-1  0  2] ]
[ [-1 -1  4] [1 0 2] [-1  1  4] ]

r_qn_e[5]
[ [-1  0  2] [ 1 -1  4] [-1 -1  4] ]
[ [ 1 -1  4] [-1 -1  4] [1 0 2] ]
[ [-1 -1  4] [1 0 2] [-1  1  4] ]

r_qn_e[6]
[ [-1  0  1] [0 0 1] [0 0 1] ]
[ [0 0 1] [-1  0  1] [0 0 1] ]
[ [0 0 1] [0 0 1] [1 0 1] ]

r_qn_e[7]
[ [-1  0  2] [ 1 -1  4] [1 1 4] ]
[ [ 1 -1  4] [-1 -1  4] [-1  0  2] ]
[ [1 1 4] [-1  0  2] [-1  1  4] ]

r_qn_e[8]
[ [-1  1  4] [-1 -1  4] [1 0 2] ]
[ [-1 -1  4] [-1  0  2] [ 1 -1  4] ]
[ [1 0 2] [ 1 -1  4] [-1 -1  4] ]

r_qn_e[9]
[ [-1  1  4] [-1 -1  4] [-1  0  2] ]
[ [-1 -1  4] [-1  0  2] [-1  1  4] ]
[ [-1  0  2] [-1  1  4] [-1 -1  4] ]

r_qn_e[10]
[ [-1  0  2] [-1  1  4] [-1 -1  4] ]
[ [-1  1  4] [-1 -1  4] [-1  0  2] ]
[ [-1 -1  4] [-1  0  2] [-1  1  4] ]

r_qn_e[11]
[ [-1 -1  4] [1 0 2] [-1  1  4] ]
[ [-1  0  2] [ 1 -1  4] [-1 -1  4] ]
[ [ 1 -1  4] [-1 -1  4] [1 0 2] ]

r_qn_e[12]
[ [0 0 1] [0 0 1] [1 0 1] ]
[ [-1  0  1] [0 0 1] [0 0 1] ]
[ [0 0 1] [-1  0  1] [0 0 1] ]

r_qn_e[13]
[ [1 1 4] [-1  0  2] [-1  1  4] ]
[ [-1  0  2] [ 1 -1  4] [1 1 4] ]
[ [ 1 -1  4] [-1 -1  4] [-1  0  2] ]

r_qn_e[14]
[ [1 0 2] [ 1 -1  4] [-1 -1  4] ]
[ [-1  1  4] [-1 -1  4] [1 0 2] ]
[ [-1 -1  4] [-1  0  2] [ 1 -1  4] ]

r_qn_e[15]
[ [1 1 4] [-1  0  2] [-1  1  4] ]
[ [1 0 2] [-1  1  4] [-1 -1  4] ]
[ [-1  1  4] [1 1 4] [1 0 2] ]

r_qn_e[16]
[ [1 0 2] [ 1 -1  4] [-1 -1  4] ]
[ [ 1 -1  4] [1 1 4] [-1  0  2] ]
[ [1 1 4] [1 0 2] [-1  1  4] ]

r_qn_e[17]
[ [-1  0  2] [-1  1  4] [-1 -1  4] ]
[ [ 1 -1  4] [1 1 4] [1 0 2] ]
[ [1 1 4] [1 0 2] [ 1 -1  4] ]

r_qn_e[18]
[ [-1 -1  4] [1 0 2] [-1  1  4] ]
[ [1 0 2] [-1  1  4] [1 1 4] ]
[ [-1  1  4] [1 1 4] [-1  0  2] ]

r_qn_e[19]
[ [0 0 1] [0 0 1] [1 0 1] ]
[ [1 0 1] [0 0 1] [0 0 1] ]
[ [0 0 1] [1 0 1] [0 0 1] ]

r_qn_e[20]
[ [1 1 4] [1 0 2] [ 1 -1  4] ]
[ [1 0 2] [ 1 -1  4] [1 1 4] ]
[ [-1  1  4] [-1 -1  4] [-1  0  2] ]

r_qn_e[21]
[ [-1  1  4] [1 1 4] [-1  0  2] ]
[ [1 1 4] [-1  0  2] [ 1 -1  4] ]
[ [-1  0  2] [ 1 -1  4] [-1 -1  4] ]

r_qn_e[22]
[ [0 0 1] [1 0 1] [0 0 1] ]
[ [0 0 1] [0 0 1] [-1  0  1] ]
[ [-1  0  1] [0 0 1] [0 0 1] ]

r_qn_e[23]
[ [-1  1  4] [1 1 4] [1 0 2] ]
[ [-1 -1  4] [1 0 2] [ 1 -1  4] ]
[ [-1  0  2] [ 1 -1  4] [1 1 4] ]

r_qn_e[24]
[ [1 1 4] [1 0 2] [-1  1  4] ]
[ [-1  0  2] [-1  1  4] [1 1 4] ]
[ [-1  1  4] [-1 -1  4] [1 0 2] ]

r_qn_e[25]
[ [ 1 -1  4] [-1 -1  4] [-1  0  2] ]
[ [-1 -1  4] [1 0 2] [ 1 -1  4] ]
[ [1 0 2] [-1  1  4] [-1 -1  4] ]

r_qn_e[26]
[ [-1 -1  4] [-1  0  2] [ 1 -1  4] ]
[ [-1  0  2] [-1  1  4] [1 1 4] ]
[ [ 1 -1  4] [1 1 4] [-1  0  2] ]

r_qn_e[27]
[ [-1 -1  4] [-1  0  2] [-1  1  4] ]
[ [1 0 2] [ 1 -1  4] [1 1 4] ]
[ [ 1 -1  4] [1 1 4] [1 0 2] ]

r_qn_e[28]
[ [ 1 -1  4] [-1 -1  4] [1 0 2] ]
[ [1 1 4] [-1  0  2] [ 1 -1  4] ]
[ [1 0 2] [-1  1  4] [1 1 4] ]

r_qn_e[29]
[ [0 0 1] [-1  0  1] [0 0 1] ]
[ [0 0 1] [0 0 1] [-1  0  1] ]
[ [1 0 1] [0 0 1] [0 0 1] ]

r_qn_e[30]
[ [0 0 1] [0 0 1] [-1  0  1] ]
[ [-1  0  1] [0 0 1] [0 0 1] ]
[ [0 0 1] [1 0 1] [0 0 1] ]

r_qn_e[31]
[ [-1 -1  4] [1 0 2] [ 1 -1  4] ]
[ [-1  0  2] [ 1 -1  4] [1 1 4] ]
[ [-1  1  4] [1 1 4] [1 0 2] ]

r_qn_e[32]
[ [-1  0  2] [-1  1  4] [1 1 4] ]
[ [-1  1  4] [-1 -1  4] [1 0 2] ]
[ [1 1 4] [1 0 2] [-1  1  4] ]

r_qn_e[33]
[ [1 0 2] [ 1 -1  4] [1 1 4] ]
[ [-1  1  4] [-1 -1  4] [-1  0  2] ]
[ [1 1 4] [1 0 2] [ 1 -1  4] ]

r_qn_e[34]
[ [1 1 4] [-1  0  2] [ 1 -1  4] ]
[ [-1  0  2] [ 1 -1  4] [-1 -1  4] ]
[ [-1  1  4] [1 1 4] [-1  0  2] ]

r_qn_e[35]
[ [1 1 4] [-1  0  2] [ 1 -1  4] ]
[ [1 0 2] [-1  1  4] [1 1 4] ]
[ [ 1 -1  4] [-1 -1  4] [1 0 2] ]

r_qn_e[36]
[ [0 0 1] [0 0 1] [-1  0  1] ]
[ [1 0 1] [0 0 1] [0 0 1] ]
[ [0 0 1] [-1  0  1] [0 0 1] ]

r_qn_e[37]
[ [-1 -1  4] [1 0 2] [ 1 -1  4] ]
[ [1 0 2] [-1  1  4] [-1 -1  4] ]
[ [ 1 -1  4] [-1 -1  4] [-1  0  2] ]

r_qn_e[38]
[ [-1  0  2] [-1  1  4] [1 1 4] ]
[ [ 1 -1  4] [1 1 4] [-1  0  2] ]
[ [-1 -1  4] [-1  0  2] [ 1 -1  4] ]

r_qn_e[39]
[ [1 0 2] [ 1 -1  4] [1 1 4] ]
[ [ 1 -1  4] [1 1 4] [1 0 2] ]
[ [-1 -1  4] [-1  0  2] [-1  1  4] ]

r_qn_e[40]
[ [1 1 4] [1 0 2] [-1  1  4] ]
[ [1 0 2] [ 1 -1  4] [-1 -1  4] ]
[ [ 1 -1  4] [1 1 4] [-1  0  2] ]

r_qn_e[41]
[ [1 1 4] [1 0 2] [ 1 -1  4] ]
[ [-1  0  2] [-1  1  4] [-1 -1  4] ]
[ [ 1 -1  4] [1 1 4] [1 0 2] ]

r_qn_e[42]
[ [-1  1  4] [1 1 4] [-1  0  2] ]
[ [-1 -1  4] [1 0 2] [-1  1  4] ]
[ [1 0 2] [-1  1  4] [1 1 4] ]

r_qn_e[43]
[ [0 0 1] [1 0 1] [0 0 1] ]
[ [0 0 1] [0 0 1] [1 0 1] ]
[ [1 0 1] [0 0 1] [0 0 1] ]

r_qn_e[44]
[ [-1  1  4] [1 1 4] [1 0 2] ]
[ [1 1 4] [-1  0  2] [-1  1  4] ]
[ [1 0 2] [-1  1  4] [-1 -1  4] ]

r_qn_e[45]
[ [-1 -1  4] [-1  0  2] [ 1 -1  4] ]
[ [1 0 2] [ 1 -1  4] [-1 -1  4] ]
[ [-1  1  4] [-1 -1  4] [1 0 2] ]

r_qn_e[46]
[ [-1 -1  4] [-1  0  2] [-1  1  4] ]
[ [-1  0  2] [-1  1  4] [-1 -1  4] ]
[ [-1  1  4] [-1 -1  4] [-1  0  2] ]

r_qn_e[47]
[ [ 1 -1  4] [-1 -1  4] [1 0 2] ]
[ [-1 -1  4] [1 0 2] [-1  1  4] ]
[ [-1  0  2] [ 1 -1  4] [-1 -1  4] ]

r_qn_e[48]
[ [0 0 1] [-1  0  1] [0 0 1] ]
[ [0 0 1] [0 0 1] [1 0 1] ]
[ [-1  0  1] [0 0 1] [0 0 1] ]

r_qn_e[49]
[ [ 1 -1  4] [-1 -1  4] [-1  0  2] ]
[ [1 1 4] [-1  0  2] [-1  1  4] ]
[ [-1  0  2] [ 1 -1  4] [1 1 4] ]

r_qn_e[50]
[ [-1  0  2] [ 1 -1  4] [-1 -1  4] ]
[ [-1  1  4] [1 1 4] [-1  0  2] ]
[ [1 1 4] [-1  0  2] [ 1 -1  4] ]

r_qn_e[51]
[ [-1  0  1] [0 0 1] [0 0 1] ]
[ [0 0 1] [1 0 1] [0 0 1] ]
[ [0 0 1] [0 0 1] [-1  0  1] ]

r_qn_e[52]
[ [-1  0  2] [ 1 -1  4] [1 1 4] ]
[ [-1  1  4] [1 1 4] [1 0 2] ]
[ [-1 -1  4] [1 0 2] [ 1 -1  4] ]

r_qn_e[53]
[ [-1  1  4] [-1 -1  4] [1 0 2] ]
[ [1 1 4] [1 0 2] [-1  1  4] ]
[ [-1  0  2] [-1  1  4] [1 1 4] ]

r_qn_e[54]
[ [-1  1  4] [-1 -1  4] [-1  0  2] ]
[ [1 1 4] [1 0 2] [ 1 -1  4] ]
[ [1 0 2] [ 1 -1  4] [1 1 4] ]

r_qn_e[55]
[ [1 0 1] [0 0 1] [0 0 1] ]
[ [0 0 1] [-1  0  1] [0 0 1] ]
[ [0 0 1] [0 0 1] [-1  0  1] ]

r_qn_e[56]
[ [1 0 2] [-1  1  4] [-1 -1  4] ]
[ [ 1 -1  4] [-1 -1  4] [-1  0  2] ]
[ [-1 -1  4] [1 0 2] [ 1 -1  4] ]

r_qn_e[57]
[ [ 1 -1  4] [1 1 4] [-1  0  2] ]
[ [-1 -1  4] [-1  0  2] [ 1 -1  4] ]
[ [-1  0  2] [-1  1  4] [1 1 4] ]

r_qn_e[58]
[ [ 1 -1  4] [1 1 4] [1 0 2] ]
[ [-1 -1  4] [-1  0  2] [-1  1  4] ]
[ [1 0 2] [ 1 -1  4] [1 1 4] ]

r_qn_e[59]
[ [1 0 2] [-1  1  4] [1 1 4] ]
[ [ 1 -1  4] [-1 -1  4] [1 0 2] ]
[ [1 1 4] [-1  0  2] [ 1 -1  4] ]

r_qn_e[60]
[ [-1  0  1] [0 0 1] [0 0 1] ]
[ [0 0 1] [-1  0  1] [0 0 1] ]
[ [0 0 1] [0 0 1] [-1  0  1] ]

r_qn_e[61]
[ [-1  0  2] [ 1 -1  4] [1 1 4] ]
[ [ 1 -1  4] [-1 -1  4] [-1  0  2] ]
[ [-1 -1  4] [1 0 2] [ 1 -1  4] ]

r_qn_e[62]
[ [-1  1  4] [-1 -1  4] [1 0 2] ]
[ [-1 -1  4] [-1  0  2] [ 1 -1  4] ]
[ [-1  0  2] [-1  1  4] [1 1 4] ]

r_qn_e[63]
[ [-1  1  4] [-1 -1  4] [-1  0  2] ]
[ [-1 -1  4] [-1  0  2] [-1  1  4] ]
[ [1 0 2] [ 1 -1  4] [1 1 4] ]

r_qn_e[64]
[ [-1  0  2] [ 1 -1  4] [-1 -1  4] ]
[ [ 1 -1  4] [-1 -1  4] [1 0 2] ]
[ [1 1 4] [-1  0  2] [ 1 -1  4] ]

r_qn_e[65]
[ [1 0 2] [-1  1  4] [1 1 4] ]
[ [-1  1  4] [1 1 4] [-1  0  2] ]
[ [1 1 4] [-1  0  2] [ 1 -1  4] ]

r_qn_e[66]
[ [1 0 1] [0 0 1] [0 0 1] ]
[ [0 0 1] [1 0 1] [0 0 1] ]
[ [0 0 1] [0 0 1] [-1  0  1] ]

r_qn_e[67]
[ [1 0 2] [-1  1  4] [-1 -1  4] ]
[ [-1  1  4] [1 1 4] [1 0 2] ]
[ [-1 -1  4] [1 0 2] [ 1 -1  4] ]

r_qn_e[68]
[ [ 1 -1  4] [1 1 4] [-1  0  2] ]
[ [1 1 4] [1 0 2] [-1  1  4] ]
[ [-1  0  2] [-1  1  4] [1 1 4] ]

r_qn_e[69]
[ [ 1 -1  4] [1 1 4] [1 0 2] ]
[ [1 1 4] [1 0 2] [ 1 -1  4] ]
[ [1 0 2] [ 1 -1  4] [1 1 4] ]

r_qn_e[70]
[ [1 0 2] [ 1 -1  4] [1 1 4] ]
[ [ 1 -1  4] [1 1 4] [1 0 2] ]
[ [1 1 4] [1 0 2] [ 1 -1  4] ]

r_qn_e[71]
[ [1 1 4] [-1  0  2] [ 1 -1  4] ]
[ [1 0 2] [-1  1  4] [1 1 4] ]
[ [-1  1  4] [1 1 4] [-1  0  2] ]

r_qn_e[72]
[ [0 0 1] [0 0 1] [-1  0  1] ]
[ [1 0 1] [0 0 1] [0 0 1] ]
[ [0 0 1] [1 0 1] [0 0 1] ]

r_qn_e[73]
[ [-1 -1  4] [1 0 2] [ 1 -1  4] ]
[ [1 0 2] [-1  1  4] [-1 -1  4] ]
[ [-1  1  4] [1 1 4] [1 0 2] ]

r_qn_e[74]
[ [-1  0  2] [-1  1  4] [1 1 4] ]
[ [ 1 -1  4] [1 1 4] [-1  0  2] ]
[ [1 1 4] [1 0 2] [-1  1  4] ]

r_qn_e[75]
[ [-1 -1  4] [1 0 2] [ 1 -1  4] ]
[ [-1  0  2] [ 1 -1  4] [1 1 4] ]
[ [ 1 -1  4] [-1 -1  4] [-1  0  2] ]

r_qn_e[76]
[ [-1  0  2] [-1  1  4] [1 1 4] ]
[ [-1  1  4] [-1 -1  4] [1 0 2] ]
[ [-1 -1  4] [-1  0  2] [ 1 -1  4] ]

r_qn_e[77]
[ [1 0 2] [ 1 -1  4] [1 1 4] ]
[ [-1  1  4] [-1 -1  4] [-1  0  2] ]
[ [-1 -1  4] [-1  0  2] [-1  1  4] ]

r_qn_e[78]
[ [1 1 4] [-1  0  2] [ 1 -1  4] ]
[ [-1  0  2] [ 1 -1  4] [-1 -1  4] ]
[ [ 1 -1  4] [-1 -1  4] [1 0 2] ]

r_qn_e[79]
[ [0 0 1] [0 0 1] [-1  0  1] ]
[ [-1  0  1] [0 0 1] [0 0 1] ]
[ [0 0 1] [-1  0  1] [0 0 1] ]

r_qn_e[80]
[ [-1 -1  4] [-1  0  2] [-1  1  4] ]
[ [-1  0  2] [-1  1  4] [-1 -1  4] ]
[ [ 1 -1  4] [1 1 4] [1 0 2] ]

r_qn_e[81]
[ [ 1 -1  4] [-1 -1  4] [1 0 2] ]
[ [-1 -1  4] [1 0 2] [-1  1  4] ]
[ [1 0 2] [-1  1  4] [1 1 4] ]

r_qn_e[82]
[ [0 0 1] [-1  0  1] [0 0 1] ]
[ [0 0 1] [0 0 1] [1 0 1] ]
[ [1 0 1] [0 0 1] [0 0 1] ]

r_qn_e[83]
[ [ 1 -1  4] [-1 -1  4] [-1  0  2] ]
[ [1 1 4] [-1  0  2] [-1  1  4] ]
[ [1 0 2] [-1  1  4] [-1 -1  4] ]

r_qn_e[84]
[ [-1 -1  4] [-1  0  2] [ 1 -1  4] ]
[ [1 0 2] [ 1 -1  4] [-1 -1  4] ]
[ [ 1 -1  4] [1 1 4] [-1  0  2] ]

r_qn_e[85]
[ [-1  1  4] [1 1 4] [1 0 2] ]
[ [1 1 4] [-1  0  2] [-1  1  4] ]
[ [-1  0  2] [ 1 -1  4] [1 1 4] ]

r_qn_e[86]
[ [1 1 4] [1 0 2] [-1  1  4] ]
[ [1 0 2] [ 1 -1  4] [-1 -1  4] ]
[ [-1  1  4] [-1 -1  4] [1 0 2] ]

r_qn_e[87]
[ [1 1 4] [1 0 2] [ 1 -1  4] ]
[ [-1  0  2] [-1  1  4] [-1 -1  4] ]
[ [-1  1  4] [-1 -1  4] [-1  0  2] ]

r_qn_e[88]
[ [-1  1  4] [1 1 4] [-1  0  2] ]
[ [-1 -1  4] [1 0 2] [-1  1  4] ]
[ [-1  0  2] [ 1 -1  4] [-1 -1  4] ]

r_qn_e[89]
[ [0 0 1] [1 0 1] [0 0 1] ]
[ [0 0 1] [0 0 1] [1 0 1] ]
[ [-1  0  1] [0 0 1] [0 0 1] ]

r_qn_e[90]
[ [0 0 1] [0 0 1] [1 0 1] ]
[ [1 0 1] [0 0 1] [0 0 1] ]
[ [0 0 1] [-1  0  1] [0 0 1] ]

r_qn_e[91]
[ [1 1 4] [-1  0  2] [-1  1  4] ]
[ [1 0 2] [-1  1  4] [-1 -1  4] ]
[ [ 1 -1  4] [-1 -1  4] [-1  0  2] ]

r_qn_e[92]
[ [1 0 2] [ 1 -1  4] [-1 -1  4] ]
[ [ 1 -1  4] [1 1 4] [-1  0  2] ]
[ [-1 -1  4] [-1  0  2] [ 1 -1  4] ]

r_qn_e[93]
[ [-1  0  2] [-1  1  4] [-1 -1  4] ]
[ [ 1 -1  4] [1 1 4] [1 0 2] ]
[ [-1 -1  4] [-1  0  2] [-1  1  4] ]

r_qn_e[94]
[ [-1 -1  4] [1 0 2] [-1  1  4] ]
[ [1 0 2] [-1  1  4] [1 1 4] ]
[ [ 1 -1  4] [-1 -1  4] [1 0 2] ]

r_qn_e[95]
[ [-1 -1  4] [1 0 2] [-1  1  4] ]
[ [-1  0  2] [ 1 -1  4] [-1 -1  4] ]
[ [-1  1  4] [1 1 4] [-1  0  2] ]

r_qn_e[96]
[ [0 0 1] [0 0 1] [1 0 1] ]
[ [-1  0  1] [0 0 1] [0 0 1] ]
[ [0 0 1] [1 0 1] [0 0 1] ]

r_qn_e[97]
[ [1 1 4] [-1  0  2] [-1  1  4] ]
[ [-1  0  2] [ 1 -1  4] [1 1 4] ]
[ [-1  1  4] [1 1 4] [1 0 2] ]

r_qn_e[98]
[ [1 0 2] [ 1 -1  4] [-1 -1  4] ]
[ [-1  1  4] [-1 -1  4] [1 0 2] ]
[ [1 1 4] [1 0 2] [-1  1  4] ]

r_qn_e[99]
[ [-1  0  2] [-1  1  4] [-1 -1  4] ]
[ [-1  1  4] [-1 -1  4] [-1  0  2] ]
[ [1 1 4] [1 0 2] [ 1 -1  4] ]

r_qn_e[100]
[ [-1 -1  4] [-1  0  2] [ 1 -1  4] ]
[ [-1  0  2] [-1  1  4] [1 1 4] ]
[ [-1  1  4] [-1 -1  4] [1 0 2] ]

r_qn_e[101]
[ [-1 -1  4] [-1  0  2] [-1  1  4] ]
[ [1 0 2] [ 1 -1  4] [1 1 4] ]
[ [-1  1  4] [-1 -1  4] [-1  0  2] ]

r_qn_e[102]
[ [ 1 -1  4] [-1 -1  4] [1 0 2] ]
[ [1 1 4] [-1  0  2] [ 1 -1  4] ]
[ [-1  0  2] [ 1 -1  4] [-1 -1  4] ]

r_qn_e[103]
[ [0 0 1] [-1  0  1] [0 0 1] ]
[ [0 0 1] [0 0 1] [-1  0  1] ]
[ [-1  0  1] [0 0 1] [0 0 1] ]

r_qn_e[104]
[ [ 1 -1  4] [-1 -1  4] [-1  0  2] ]
[ [-1 -1  4] [1 0 2] [ 1 -1  4] ]
[ [-1  0  2] [ 1 -1  4] [1 1 4] ]

r_qn_e[105]
[ [1 1 4] [1 0 2] [-1  1  4] ]
[ [-1  0  2] [-1  1  4] [1 1 4] ]
[ [ 1 -1  4] [1 1 4] [-1  0  2] ]

r_qn_e[106]
[ [1 1 4] [1 0 2] [ 1 -1  4] ]
[ [1 0 2] [ 1 -1  4] [1 1 4] ]
[ [ 1 -1  4] [1 1 4] [1 0 2] ]

r_qn_e[107]
[ [-1  1  4] [1 1 4] [-1  0  2] ]
[ [1 1 4] [-1  0  2] [ 1 -1  4] ]
[ [1 0 2] [-1  1  4] [1 1 4] ]

r_qn_e[108]
[ [0 0 1] [1 0 1] [0 0 1] ]
[ [0 0 1] [0 0 1] [-1  0  1] ]
[ [1 0 1] [0 0 1] [0 0 1] ]

r_qn_e[109]
[ [-1  1  4] [1 1 4] [1 0 2] ]
[ [-1 -1  4] [1 0 2] [ 1 -1  4] ]
[ [1 0 2] [-1  1  4] [-1 -1  4] ]

r_qn_e[110]
[ [1 0 2] [-1  1  4] [1 1 4] ]
[ [ 1 -1  4] [-1 -1  4] [1 0 2] ]
[ [-1 -1  4] [1 0 2] [-1  1  4] ]

r_qn_e[111]
[ [1 0 1] [0 0 1] [0 0 1] ]
[ [0 0 1] [-1  0  1] [0 0 1] ]
[ [0 0 1] [0 0 1] [1 0 1] ]

r_qn_e[112]
[ [1 0 2] [-1  1  4] [-1 -1  4] ]
[ [ 1 -1  4] [-1 -1  4] [-1  0  2] ]
[ [1 1 4] [-1  0  2] [-1  1  4] ]

r_qn_e[113]
[ [ 1 -1  4] [1 1 4] [-1  0  2] ]
[ [-1 -1  4] [-1  0  2] [ 1 -1  4] ]
[ [1 0 2] [ 1 -1  4] [-1 -1  4] ]

r_qn_e[114]
[ [ 1 -1  4] [1 1 4] [1 0 2] ]
[ [-1 -1  4] [-1  0  2] [-1  1  4] ]
[ [-1  0  2] [-1  1  4] [-1 -1  4] ]

r_qn_e[115]
[ [-1  0  1] [0 0 1] [0 0 1] ]
[ [0 0 1] [1 0 1] [0 0 1] ]
[ [0 0 1] [0 0 1] [1 0 1] ]

r_qn_e[116]
[ [-1  0  2] [ 1 -1  4] [1 1 4] ]
[ [-1  1  4] [1 1 4] [1 0 2] ]
[ [1 1 4] [-1  0  2] [-1  1  4] ]

r_qn_e[117]
[ [-1  1  4] [-1 -1  4] [1 0 2] ]
[ [1 1 4] [1 0 2] [-1  1  4] ]
[ [1 0 2] [ 1 -1  4] [-1 -1  4] ]

r_qn_e[118]
[ [-1  1  4] [-1 -1  4] [-1  0  2] ]
[ [1 1 4] [1 0 2] [ 1 -1  4] ]
[ [-1  0  2] [-1  1  4] [-1 -1  4] ]

r_qn_e[119]
[ [-1  0  2] [ 1 -1  4] [-1 -1  4] ]
[ [-1  1  4] [1 1 4] [-1  0  2] ]
[ [-1 -1  4] [1 0 2] [-1  1  4] ]

# 1
[  1  0  0  0  0  0]
[  0  0  1  0  0  0]
[  0  0  0  1  0  0]
[  0  0  0  0  1  0]
[  0  0  0  0  0  1]
[  0  1  0  0  0  0]
 
# 2
[ -1  0  0  0  0  0]
[  0 -1  0  0  0  0]
[  0  0  0  0  0 -1]
[  0  0  0  0 -1  0]
[  0  0  0 -1  0  0]
[  0  0 -1  0  0  0]
 
# 3
[  0  0  0  0  0 -1]
[  0 -1  0  0  0  0]
[  0  0  0  1  0  0]
[  0  0  1  0  0  0]
[  0  0  0  0 -1  0]
[ -1  0  0  0  0  0]
 
# 4
[  0  1  0  0  0  0]
[  0  0  1  0  0  0]
[  1  0  0  0  0  0]
[  0  0  0  0  0  1]
[  0  0  0 -1  0  0]
[  0  0  0  0 -1  0]
 
# 5
[ -1  0  0  0  0  0]
[  0 -1  0  0  0  0]
[  0  0 -1  0  0  0]
[  0  0  0 -1  0  0]
[  0  0  0  0 -1  0]
[  0  0  0  0  0 -1]
 
# 1
[  1  0  0  0  0  0]
[  0  1  0  0  0  0]
[  0  0  1  0  0  0]
[  0  0  0  1  0  0]
[  0  0  0  0  1  0]
[  0  0  0  0  0  1]
 
# 2
[  1  0  0  0  0  0]
[  0  0  1  0  0  0]
[  0  0  0  1  0  0]
[  0  0  0  0  1  0]
[  0  0  0  0  0  1]
[  0  1  0  0  0  0]
 
# 3
[  1  0  0  0  0  0]
[  0  0  0  1  0  0]
[  0  0  0  0  1  0]
[  0  0  0  0  0  1]
[  0  1  0  0  0  0]
[  0  0  1  0  0  0]
 
# 4
[  1  0  0  0  0  0]
[  0  0  0  0  1  0]
[  0  0  0  0  0  1]
[  0  1  0  0  0  0]
[  0  0  1  0  0  0]
[  0  0  0  1  0  0]
 
# 5
[  1  0  0  0  0  0]
[  0  0  0  0  0  1]
[  0  1  0  0  0  0]
[  0  0  1  0  0  0]
[  0  0  0  1  0  0]
[  0  0  0  0  1  0]
 
# 6
[ -1  0  0  0  0  0]
[  0 -1  0  0  0  0]
[  0  0  0  0  0 -1]
[  0  0  0  0 -1  0]
[  0  0  0 -1  0  0]
[  0  0 -1  0  0  0]
 
# 7
[ -1  0  0  0  0  0]
[  0  0 -1  0  0  0]
[  0 -1  0  0  0  0]
[  0  0  0  0  0 -1]
[  0  0  0  0 -1  0]
[  0  0  0 -1  0  0]
 
# 8
[ -1  0  0  0  0  0]
[  0  0  0 -1  0  0]
[  0  0 -1  0  0  0]
[  0 -1  0  0  0  0]
[  0  0  0  0  0 -1]
[  0  0  0  0 -1  0]
 
# 9
[ -1  0  0  0  0  0]
[  0  0  0  0 -1  0]
[  0  0  0 -1  0  0]
[  0  0 -1  0  0  0]
[  0 -1  0  0  0  0]
[  0  0  0  0  0 -1]
 
# 10
[ -1  0  0  0  0  0]
[  0  0  0  0  0 -1]
[  0  0  0  0 -1  0]
[  0  0  0 -1  0  0]
[  0  0 -1  0  0  0]
[  0 -1  0  0  0  0]
 
# 11
[  0  0  0  0  0 -1]
[  0 -1  0  0  0  0]
[  0  0  0  1  0  0]
[  0  0  1  0  0  0]
[  0  0  0  0 -1  0]
[ -1  0  0  0  0  0]
 
# 12
[  0 -1  0  0  0  0]
[  0  0 -1  0  0  0]
[  0  0  0  0  1  0]
[  0  0  0  1  0  0]
[  0  0  0  0  0 -1]
[ -1  0  0  0  0  0]
 
# 13
[  0  0 -1  0  0  0]
[  0  0  0 -1  0  0]
[  0  0  0  0  0  1]
[  0  0  0  0  1  0]
[  0 -1  0  0  0  0]
[ -1  0  0  0  0  0]
 
# 14
[  0  0  0 -1  0  0]
[  0  0  0  0 -1  0]
[  0  1  0  0  0  0]
[  0  0  0  0  0  1]
[  0  0 -1  0  0  0]
[ -1  0  0  0  0  0]
 
# 15
[  0  0  0  0 -1  0]
[  0  0  0  0  0 -1]
[  0  0  1  0  0  0]
[  0  1  0  0  0  0]
[  0  0  0 -1  0  0]
[ -1  0  0  0  0  0]
 
# 16
[  0  0  1  0  0  0]
[  0  1  0  0  0  0]
[  0  0  0  0 -1  0]
[  0  0  0  0  0 -1]
[  0  0  0  1  0  0]
[  1  0  0  0  0  0]
 
# 17
[  0  0  0  1  0  0]
[  0  0  1  0  0  0]
[  0  0  0  0  0 -1]
[  0 -1  0  0  0  0]
[  0  0  0  0  1  0]
[  1  0  0  0  0  0]
 
# 18
[  0  0  0  0  1  0]
[  0  0  0  1  0  0]
[  0 -1  0  0  0  0]
[  0  0 -1  0  0  0]
[  0  0  0  0  0  1]
[  1  0  0  0  0  0]
 
# 19
[  0  0  0  0  0  1]
[  0  0  0  0  1  0]
[  0  0 -1  0  0  0]
[  0  0  0 -1  0  0]
[  0  1  0  0  0  0]
[  1  0  0  0  0  0]
 
# 20
[  0  1  0  0  0  0]
[  0  0  0  0  0  1]
[  0  0  0 -1  0  0]
[  0  0  0  0 -1  0]
[  0  0  1  0  0  0]
[  1  0  0  0  0  0]
 
# 21
[  0  1  0  0  0  0]
[  0  0  1  0  0  0]
[  1  0  0  0  0  0]
[  0  0  0  0  0  1]
[  0  0  0 -1  0  0]
[  0  0  0  0 -1  0]
 
# 22
[  0  0  1  0  0  0]
[  0  0  0  1  0  0]
[  1  0  0  0  0  0]
[  0  1  0  0  0  0]
[  0  0  0  0 -1  0]
[  0  0  0  0  0 -1]
 
# 23
[  0  0  0  1  0  0]
[  0  0  0  0  1  0]
[  1  0  0  0  0  0]
[  0  0  1  0  0  0]
[  0  0  0  0  0 -1]
[  0 -1  0  0  0  0]
 
# 24
[  0  0  0  0  1  0]
[  0  0  0  0  0  1]
[  1  0  0  0  0  0]
[  0  0  0  1  0  0]
[  0 -1  0  0  0  0]
[  0  0 -1  0  0  0]
 
# 25
[  0  0  0  0  0  1]
[  0  1  0  0  0  0]
[  1  0  0  0  0  0]
[  0  0  0  0  1  0]
[  0  0 -1  0  0  0]
[  0  0  0 -1  0  0]
 
# 26
[  0 -1  0  0  0  0]
[  0  0  0  0  0 -1]
[ -1  0  0  0  0  0]
[  0  0 -1  0  0  0]
[  0  0  0  0  1  0]
[  0  0  0  1  0  0]
 
# 27
[  0  0 -1  0  0  0]
[  0 -1  0  0  0  0]
[ -1  0  0  0  0  0]
[  0  0  0 -1  0  0]
[  0  0  0  0  0  1]
[  0  0  0  0  1  0]
 
# 28
[  0  0  0 -1  0  0]
[  0  0 -1  0  0  0]
[ -1  0  0  0  0  0]
[  0  0  0  0 -1  0]
[  0  1  0  0  0  0]
[  0  0  0  0  0  1]
 
# 29
[  0  0  0  0 -1  0]
[  0  0  0 -1  0  0]
[ -1  0  0  0  0  0]
[  0  0  0  0  0 -1]
[  0  0  1  0  0  0]
[  0  1  0  0  0  0]
 
# 30
[  0  0  0  0  0 -1]
[  0  0  0  0 -1  0]
[ -1  0  0  0  0  0]
[  0 -1  0  0  0  0]
[  0  0  0  1  0  0]
[  0  0  1  0  0  0]
 
# 31
[  0 -1  0  0  0  0]
[  0  0  0  1  0  0]
[  0  0  0  0  0 -1]
[ -1  0  0  0  0  0]
[  0  0 -1  0  0  0]
[  0  0  0  0  1  0]
 
# 32
[  0  0 -1  0  0  0]
[  0  0  0  0  1  0]
[  0 -1  0  0  0  0]
[ -1  0  0  0  0  0]
[  0  0  0 -1  0  0]
[  0  0  0  0  0  1]
 
# 33
[  0  0  0 -1  0  0]
[  0  0  0  0  0  1]
[  0  0 -1  0  0  0]
[ -1  0  0  0  0  0]
[  0  0  0  0 -1  0]
[  0  1  0  0  0  0]
 
# 34
[  0  0  0  0 -1  0]
[  0  1  0  0  0  0]
[  0  0  0 -1  0  0]
[ -1  0  0  0  0  0]
[  0  0  0  0  0 -1]
[  0  0  1  0  0  0]
 
# 35
[  0  0  0  0  0 -1]
[  0  0  1  0  0  0]
[  0  0  0  0 -1  0]
[ -1  0  0  0  0  0]
[  0 -1  0  0  0  0]
[  0  0  0  1  0  0]
 
# 36
[  0  1  0  0  0  0]
[  0  0  0  0 -1  0]
[  0  0  1  0  0  0]
[  1  0  0  0  0  0]
[  0  0  0  0  0  1]
[  0  0  0 -1  0  0]
 
# 37
[  0  0  1  0  0  0]
[  0  0  0  0  0 -1]
[  0  0  0  1  0  0]
[  1  0  0  0  0  0]
[  0  1  0  0  0  0]
[  0  0  0  0 -1  0]
 
# 38
[  0  0  0  1  0  0]
[  0 -1  0  0  0  0]
[  0  0  0  0  1  0]
[  1  0  0  0  0  0]
[  0  0  1  0  0  0]
[  0  0  0  0  0 -1]
 
# 39
[  0  0  0  0  1  0]
[  0  0 -1  0  0  0]
[  0  0  0  0  0  1]
[  1  0  0  0  0  0]
[  0  0  0  1  0  0]
[  0 -1  0  0  0  0]
 
# 40
[  0  0  0  0  0  1]
[  0  0  0 -1  0  0]
[  0  1  0  0  0  0]
[  1  0  0  0  0  0]
[  0  0  0  0  1  0]
[  0  0 -1  0  0  0]
 
# 41
[  0  0  1  0  0  0]
[  1  0  0  0  0  0]
[  0  1  0  0  0  0]
[  0  0  0  0 -1  0]
[  0  0  0  0  0 -1]
[  0  0  0  1  0  0]
 
# 42
[  0  0  0  1  0  0]
[  1  0  0  0  0  0]
[  0  0  1  0  0  0]
[  0  0  0  0  0 -1]
[  0 -1  0  0  0  0]
[  0  0  0  0  1  0]
 
# 43
[  0  0  0  0  1  0]
[  1  0  0  0  0  0]
[  0  0  0  1  0  0]
[  0 -1  0  0  0  0]
[  0  0 -1  0  0  0]
[  0  0  0  0  0  1]
 
# 44
[  0  0  0  0  0  1]
[  1  0  0  0  0  0]
[  0  0  0  0  1  0]
[  0  0 -1  0  0  0]
[  0  0  0 -1  0  0]
[  0  1  0  0  0  0]
 
# 45
[  0  1  0  0  0  0]
[  1  0  0  0  0  0]
[  0  0  0  0  0  1]
[  0  0  0 -1  0  0]
[  0  0  0  0 -1  0]
[  0  0  1  0  0  0]
 
# 46
[  0  0  0  0  0 -1]
[ -1  0  0  0  0  0]
[  0 -1  0  0  0  0]
[  0  0  0  1  0  0]
[  0  0  1  0  0  0]
[  0  0  0  0 -1  0]
 
# 47
[  0 -1  0  0  0  0]
[ -1  0  0  0  0  0]
[  0  0 -1  0  0  0]
[  0  0  0  0  1  0]
[  0  0  0  1  0  0]
[  0  0  0  0  0 -1]
 
# 48
[  0  0 -1  0  0  0]
[ -1  0  0  0  0  0]
[  0  0  0 -1  0  0]
[  0  0  0  0  0  1]
[  0  0  0  0  1  0]
[  0 -1  0  0  0  0]
 
# 49
[  0  0  0 -1  0  0]
[ -1  0  0  0  0  0]
[  0  0  0  0 -1  0]
[  0  1  0  0  0  0]
[  0  0  0  0  0  1]
[  0  0 -1  0  0  0]
 
# 50
[  0  0  0  0 -1  0]
[ -1  0  0  0  0  0]
[  0  0  0  0  0 -1]
[  0  0  1  0  0  0]
[  0  1  0  0  0  0]
[  0  0  0 -1  0  0]
 
# 51
[  0  0  0  1  0  0]
[  0  0  0  0  0 -1]
[  0 -1  0  0  0  0]
[  0  0  0  0  1  0]
[  1  0  0  0  0  0]
[  0  0  1  0  0  0]
 
# 52
[  0  0  0  0  1  0]
[  0 -1  0  0  0  0]
[  0  0 -1  0  0  0]
[  0  0  0  0  0  1]
[  1  0  0  0  0  0]
[  0  0  0  1  0  0]
 
# 53
[  0  0  0  0  0  1]
[  0  0 -1  0  0  0]
[  0  0  0 -1  0  0]
[  0  1  0  0  0  0]
[  1  0  0  0  0  0]
[  0  0  0  0  1  0]
 
# 54
[  0  1  0  0  0  0]
[  0  0  0 -1  0  0]
[  0  0  0  0 -1  0]
[  0  0  1  0  0  0]
[  1  0  0  0  0  0]
[  0  0  0  0  0  1]
 
# 55
[  0  0  1  0  0  0]
[  0  0  0  0 -1  0]
[  0  0  0  0  0 -1]
[  0  0  0  1  0  0]
[  1  0  0  0  0  0]
[  0  1  0  0  0  0]
 
# 56
[  0  0  0  0 -1  0]
[  0  0  1  0  0  0]
[  0  1  0  0  0  0]
[  0  0  0 -1  0  0]
[ -1  0  0  0  0  0]
[  0  0  0  0  0 -1]
 
# 57
[  0  0  0  0  0 -1]
[  0  0  0  1  0  0]
[  0  0  1  0  0  0]
[  0  0  0  0 -1  0]
[ -1  0  0  0  0  0]
[  0 -1  0  0  0  0]
 
# 58
[  0 -1  0  0  0  0]
[  0  0  0  0  1  0]
[  0  0  0  1  0  0]
[  0  0  0  0  0 -1]
[ -1  0  0  0  0  0]
[  0  0 -1  0  0  0]
 
# 59
[  0  0 -1  0  0  0]
[  0  0  0  0  0  1]
[  0  0  0  0  1  0]
[  0 -1  0  0  0  0]
[ -1  0  0  0  0  0]
[  0  0  0 -1  0  0]
 
# 60
[  0  0  0 -1  0  0]
[  0  1  0  0  0  0]
[  0  0  0  0  0  1]
[  0  0 -1  0  0  0]
[ -1  0  0  0  0  0]
[  0  0  0  0 -1  0]
 
# 61
[ -1  0  0  0  0  0]
[  0 -1  0  0  0  0]
[  0  0 -1  0  0  0]
[  0  0  0 -1  0  0]
[  0  0  0  0 -1  0]
[  0  0  0  0  0 -1]
 
# 62
[ -1  0  0  0  0  0]
[  0  0 -1  0  0  0]
[  0  0  0 -1  0  0]
[  0  0  0  0 -1  0]
[  0  0  0  0  0 -1]
[  0 -1  0  0  0  0]
 
# 63
[ -1  0  0  0  0  0]
[  0  0  0 -1  0  0]
[  0  0  0  0 -1  0]
[  0  0  0  0  0 -1]
[  0 -1  0  0  0  0]
[  0  0 -1  0  0  0]
 
# 64
[ -1  0  0  0  0  0]
[  0  0  0  0 -1  0]
[  0  0  0  0  0 -1]
[  0 -1  0  0  0  0]
[  0  0 -1  0  0  0]
[  0  0  0 -1  0  0]
 
# 65
[ -1  0  0  0  0  0]
[  0  0  0  0  0 -1]
[  0 -1  0  0  0  0]
[  0  0 -1  0  0  0]
[  0  0  0 -1  0  0]
[  0  0  0  0 -1  0]
 
# 66
[  1  0  0  0  0  0]
[  0  1  0  0  0  0]
[  0  0  0  0  0  1]
[  0  0  0  0  1  0]
[  0  0  0  1  0  0]
[  0  0  1  0  0  0]
 
# 67
[  1  0  0  0  0  0]
[  0  0  1  0  0  0]
[  0  1  0  0  0  0]
[  0  0  0  0  0  1]
[  0  0  0  0  1  0]
[  0  0  0  1  0  0]
 
# 68
[  1  0  0  0  0  0]
[  0  0  0  1  0  0]
[  0  0  1  0  0  0]
[  0  1  0  0  0  0]
[  0  0  0  0  0  1]
[  0  0  0  0  1  0]
 
# 69
[  1  0  0  0  0  0]
[  0  0  0  0  1  0]
[  0  0  0  1  0  0]
[  0  0  1  0  0  0]
[  0  1  0  0  0  0]
[  0  0  0  0  0  1]
 
# 70
[  1  0  0  0  0  0]
[  0  0  0  0  0  1]
[  0  0  0  0  1  0]
[  0  0  0  1  0  0]
[  0  0  1  0  0  0]
[  0  1  0  0  0  0]
 
# 71
[  0  0  0  0  0  1]
[  0  1  0  0  0  0]
[  0  0  0 -1  0  0]
[  0  0 -1  0  0  0]
[  0  0  0  0  1  0]
[  1  0  0  0  0  0]
 
# 72
[  0  1  0  0  0  0]
[  0  0  1  0  0  0]
[  0  0  0  0 -1  0]
[  0  0  0 -1  0  0]
[  0  0  0  0  0  1]
[  1  0  0  0  0  0]
 
# 73
[  0  0  1  0  0  0]
[  0  0  0  1  0  0]
[  0  0  0  0  0 -1]
[  0  0  0  0 -1  0]
[  0  1  0  0  0  0]
[  1  0  0  0  0  0]
 
# 74
[  0  0  0  1  0  0]
[  0  0  0  0  1  0]
[  0 -1  0  0  0  0]
[  0  0  0  0  0 -1]
[  0  0  1  0  0  0]
[  1  0  0  0  0  0]
 
# 75
[  0  0  0  0  1  0]
[  0  0  0  0  0  1]
[  0  0 -1  0  0  0]
[  0 -1  0  0  0  0]
[  0  0  0  1  0  0]
[  1  0  0  0  0  0]
 
# 76
[  0  0 -1  0  0  0]
[  0 -1  0  0  0  0]
[  0  0  0  0  1  0]
[  0  0  0  0  0  1]
[  0  0  0 -1  0  0]
[ -1  0  0  0  0  0]
 
# 77
[  0  0  0 -1  0  0]
[  0  0 -1  0  0  0]
[  0  0  0  0  0  1]
[  0  1  0  0  0  0]
[  0  0  0  0 -1  0]
[ -1  0  0  0  0  0]
 
# 78
[  0  0  0  0 -1  0]
[  0  0  0 -1  0  0]
[  0  1  0  0  0  0]
[  0  0  1  0  0  0]
[  0  0  0  0  0 -1]
[ -1  0  0  0  0  0]
 
# 79
[  0  0  0  0  0 -1]
[  0  0  0  0 -1  0]
[  0  0  1  0  0  0]
[  0  0  0  1  0  0]
[  0 -1  0  0  0  0]
[ -1  0  0  0  0  0]
 
# 80
[  0 -1  0  0  0  0]
[  0  0  0  0  0 -1]
[  0  0  0  1  0  0]
[  0  0  0  0  1  0]
[  0  0 -1  0  0  0]
[ -1  0  0  0  0  0]
 
# 81
[  0 -1  0  0  0  0]
[  0  0 -1  0  0  0]
[ -1  0  0  0  0  0]
[  0  0  0  0  0 -1]
[  0  0  0  1  0  0]
[  0  0  0  0  1  0]
 
# 82
[  0  0 -1  0  0  0]
[  0  0  0 -1  0  0]
[ -1  0  0  0  0  0]
[  0 -1  0  0  0  0]
[  0  0  0  0  1  0]
[  0  0  0  0  0  1]
 
# 83
[  0  0  0 -1  0  0]
[  0  0  0  0 -1  0]
[ -1  0  0  0  0  0]
[  0  0 -1  0  0  0]
[  0  0  0  0  0  1]
[  0  1  0  0  0  0]
 
# 84
[  0  0  0  0 -1  0]
[  0  0  0  0  0 -1]
[ -1  0  0  0  0  0]
[  0  0  0 -1  0  0]
[  0  1  0  0  0  0]
[  0  0  1  0  0  0]
 
# 85
[  0  0  0  0  0 -1]
[  0 -1  0  0  0  0]
[ -1  0  0  0  0  0]
[  0  0  0  0 -1  0]
[  0  0  1  0  0  0]
[  0  0  0  1  0  0]
 
# 86
[  0  1  0  0  0  0]
[  0  0  0  0  0  1]
[  1  0  0  0  0  0]
[  0  0  1  0  0  0]
[  0  0  0  0 -1  0]
[  0  0  0 -1  0  0]
 
# 87
[  0  0  1  0  0  0]
[  0  1  0  0  0  0]
[  1  0  0  0  0  0]
[  0  0  0  1  0  0]
[  0  0  0  0  0 -1]
[  0  0  0  0 -1  0]
 
# 88
[  0  0  0  1  0  0]
[  0  0  1  0  0  0]
[  1  0  0  0  0  0]
[  0  0  0  0  1  0]
[  0 -1  0  0  0  0]
[  0  0  0  0  0 -1]
 
# 89
[  0  0  0  0  1  0]
[  0  0  0  1  0  0]
[  1  0  0  0  0  0]
[  0  0  0  0  0  1]
[  0  0 -1  0  0  0]
[  0 -1  0  0  0  0]
 
# 90
[  0  0  0  0  0  1]
[  0  0  0  0  1  0]
[  1  0  0  0  0  0]
[  0  1  0  0  0  0]
[  0  0  0 -1  0  0]
[  0  0 -1  0  0  0]
 
# 91
[  0  1  0  0  0  0]
[  0  0  0 -1  0  0]
[  0  0  0  0  0  1]
[  1  0  0  0  0  0]
[  0  0  1  0  0  0]
[  0  0  0  0 -1  0]
 
# 92
[  0  0  1  0  0  0]
[  0  0  0  0 -1  0]
[  0  1  0  0  0  0]
[  1  0  0  0  0  0]
[  0  0  0  1  0  0]
[  0  0  0  0  0 -1]
 
# 93
[  0  0  0  1  0  0]
[  0  0  0  0  0 -1]
[  0  0  1  0  0  0]
[  1  0  0  0  0  0]
[  0  0  0  0  1  0]
[  0 -1  0  0  0  0]
 
# 94
[  0  0  0  0  1  0]
[  0 -1  0  0  0  0]
[  0  0  0  1  0  0]
[  1  0  0  0  0  0]
[  0  0  0  0  0  1]
[  0  0 -1  0  0  0]
 
# 95
[  0  0  0  0  0  1]
[  0  0 -1  0  0  0]
[  0  0  0  0  1  0]
[  1  0  0  0  0  0]
[  0  1  0  0  0  0]
[  0  0  0 -1  0  0]
 
# 96
[  0 -1  0  0  0  0]
[  0  0  0  0  1  0]
[  0  0 -1  0  0  0]
[ -1  0  0  0  0  0]
[  0  0  0  0  0 -1]
[  0  0  0  1  0  0]
 
# 97
[  0  0 -1  0  0  0]
[  0  0  0  0  0  1]
[  0  0  0 -1  0  0]
[ -1  0  0  0  0  0]
[  0 -1  0  0  0  0]
[  0  0  0  0  1  0]
 
# 98
[  0  0  0 -1  0  0]
[  0  1  0  0  0  0]
[  0  0  0  0 -1  0]
[ -1  0  0  0  0  0]
[  0  0 -1  0  0  0]
[  0  0  0  0  0  1]
 
# 99
[  0  0  0  0 -1  0]
[  0  0  1  0  0  0]
[  0  0  0  0  0 -1]
[ -1  0  0  0  0  0]
[  0  0  0 -1  0  0]
[  0  1  0  0  0  0]
 
# 100
[  0  0  0  0  0 -1]
[  0  0  0  1  0  0]
[  0 -1  0  0  0  0]
[ -1  0  0  0  0  0]
[  0  0  0  0 -1  0]
[  0  0  1  0  0  0]
 
# 101
[  0  0 -1  0  0  0]
[ -1  0  0  0  0  0]
[  0 -1  0  0  0  0]
[  0  0  0  0  1  0]
[  0  0  0  0  0  1]
[  0  0  0 -1  0  0]
 
# 102
[  0  0  0 -1  0  0]
[ -1  0  0  0  0  0]
[  0  0 -1  0  0  0]
[  0  0  0  0  0  1]
[  0  1  0  0  0  0]
[  0  0  0  0 -1  0]
 
# 103
[  0  0  0  0 -1  0]
[ -1  0  0  0  0  0]
[  0  0  0 -1  0  0]
[  0  1  0  0  0  0]
[  0  0  1  0  0  0]
[  0  0  0  0  0 -1]
 
# 104
[  0  0  0  0  0 -1]
[ -1  0  0  0  0  0]
[  0  0  0  0 -1  0]
[  0  0  1  0  0  0]
[  0  0  0  1  0  0]
[  0 -1  0  0  0  0]
 
# 105
[  0 -1  0  0  0  0]
[ -1  0  0  0  0  0]
[  0  0  0  0  0 -1]
[  0  0  0  1  0  0]
[  0  0  0  0  1  0]
[  0  0 -1  0  0  0]
 
# 106
[  0  0  0  0  0  1]
[  1  0  0  0  0  0]
[  0  1  0  0  0  0]
[  0  0  0 -1  0  0]
[  0  0 -1  0  0  0]
[  0  0  0  0  1  0]
 
# 107
[  0  1  0  0  0  0]
[  1  0  0  0  0  0]
[  0  0  1  0  0  0]
[  0  0  0  0 -1  0]
[  0  0  0 -1  0  0]
[  0  0  0  0  0  1]
 
# 108
[  0  0  1  0  0  0]
[  1  0  0  0  0  0]
[  0  0  0  1  0  0]
[  0  0  0  0  0 -1]
[  0  0  0  0 -1  0]
[  0  1  0  0  0  0]
 
# 109
[  0  0  0  1  0  0]
[  1  0  0  0  0  0]
[  0  0  0  0  1  0]
[  0 -1  0  0  0  0]
[  0  0  0  0  0 -1]
[  0  0  1  0  0  0]
 
# 110
[  0  0  0  0  1  0]
[  1  0  0  0  0  0]
[  0  0  0  0  0  1]
[  0  0 -1  0  0  0]
[  0 -1  0  0  0  0]
[  0  0  0  1  0  0]
 
# 111
[  0  0  0 -1  0  0]
[  0  0  0  0  0  1]
[  0  1  0  0  0  0]
[  0  0  0  0 -1  0]
[ -1  0  0  0  0  0]
[  0  0 -1  0  0  0]
 
# 112
[  0  0  0  0 -1  0]
[  0  1  0  0  0  0]
[  0  0  1  0  0  0]
[  0  0  0  0  0 -1]
[ -1  0  0  0  0  0]
[  0  0  0 -1  0  0]
 
# 113
[  0  0  0  0  0 -1]
[  0  0  1  0  0  0]
[  0  0  0  1  0  0]
[  0 -1  0  0  0  0]
[ -1  0  0  0  0  0]
[  0  0  0  0 -1  0]
 
# 114
[  0 -1  0  0  0  0]
[  0  0  0  1  0  0]
[  0  0  0  0  1  0]
[  0  0 -1  0  0  0]
[ -1  0  0  0  0  0]
[  0  0  0  0  0 -1]
 
# 115
[  0  0 -1  0  0  0]
[  0  0  0  0  1  0]
[  0  0  0  0  0  1]
[  0  0  0 -1  0  0]
[ -1  0  0  0  0  0]
[  0 -1  0  0  0  0]
 
# 116
[  0  0  0  0  1  0]
[  0  0 -1  0  0  0]
[  0 -1  0  0  0  0]
[  0  0  0  1  0  0]
[  1  0  0  0  0  0]
[  0  0  0  0  0  1]
 
# 117
[  0  0  0  0  0  1]
[  0  0  0 -1  0  0]
[  0  0 -1  0  0  0]
[  0  0  0  0  1  0]
[  1  0  0  0  0  0]
[  0  1  0  0  0  0]
 
# 118
[  0  1  0  0  0  0]
[  0  0  0  0 -1  0]
[  0  0  0 -1  0  0]
[  0  0  0  0  0  1]
[  1  0  0  0  0  0]
[  0  0  1  0  0  0]
 
# 119
[  0  0  1  0  0  0]
[  0  0  0  0  0 -1]
[  0  0  0  0 -1  0]
[  0  1  0  0  0  0]
[  1  0  0  0  0  0]
[  0  0  0  1  0  0]
 
# 120
[  0  0  0  1  0  0]
[  0 -1  0  0  0  0]
[  0  0  0  0  0 -1]
[  0  0  1  0  0  0]
[  1  0  0  0  0  0]
[  0  0  0  0  1  0]
 
mpltbl 1st block
  0  1  2  3  4  5  6  7  8  9 10 11 12 13 14 15 16 17 18 19 20 21 22 23 24 25 26 27 28 29 30 31 32 33 34 35 36 37 38 39 40 41 42 43 44 45 46 47 48 49 50 51 52 53 54 55 56 57 58 59
  1  2  3  4  0  9  5  6  7  8 56 57 58 59 55 54 50 51 52 53 44 40 41 42 43 46 47 48 49 45 25 26 27 28 29 20 21 22 23 24 15 16 17 18 19 10 11 12 13 14 37 38 39 35 36 33 34 30 31 32
  2  3  4  0  1  8  9  5  6  7 34 30 31 32 33 36 37 38 39 35 19 15 16 17 18 11 12 13 14 10 46 47 48 49 45 44 40 41 42 43 54 50 51 52 53 56 57 58 59 55 22 23 24 20 21 28 29 25 26 27
  3  4  0  1  2  7  8  9  5  6 29 25 26 27 28 21 22 23 24 20 53 54 50 51 52 57 58 59 55 56 11 12 13 14 10 19 15 16 17 18 36 37 38 39 35 34 30 31 32 33 41 42 43 44 40 49 45 46 47 48
  4  0  1  2  3  6  7  8  9  5 45 46 47 48 49 40 41 42 43 44 35 36 37 38 39 30 31 32 33 34 57 58 59 55 56 53 54 50 51 52 21 22 23 24 20 29 25 26 27 28 16 17 18 19 15 14 10 11 12 13
  5  6  7  8  9  0  1  2  3  4 24 20 21 22 23 26 27 28 29 25 11 12 13 14 10 19 15 16 17 18 53 54 50 51 52 57 58 59 55 56 47 48 49 45 46 43 44 40 41 42 32 33 34 30 31 38 39 35 36 37
  6  7  8  9  5  4  0  1  2  3 39 35 36 37 38 31 32 33 34 30 46 47 48 49 45 44 40 41 42 43 19 15 16 17 18 11 12 13 14 10 26 27 28 29 25 24 20 21 22 23 59 55 56 57 58 51 52 53 54 50
  7  8  9  5  6  3  4  0  1  2 52 53 54 50 51 58 59 55 56 57 25 26 27 28 29 20 21 22 23 24 44 40 41 42 43 46 47 48 49 45 31 32 33 34 30 39 35 36 37 38 13 14 10 11 12 17 18 19 15 16
  8  9  5  6  7  2  3  4  0  1 18 19 15 16 17 12 13 14 10 11 30 31 32 33 34 35 36 37 38 39 20 21 22 23 24 25 26 27 28 29 58 59 55 56 57 52 53 54 50 51 48 49 45 46 47 42 43 44 40 41
  9  5  6  7  8  1  2  3  4  0 43 44 40 41 42 47 48 49 45 46 57 58 59 55 56 53 54 50 51 52 35 36 37 38 39 30 31 32 33 34 12 13 14 10 11 18 19 15 16 17 27 28 29 25 26 23 24 20 21 22
 10 11 12 13 14 15 16 17 18 19  0  1  2  3  4  5  6  7  8  9 38 39 35 36 37 32 33 34 30 31 28 29 25 26 27 22 23 24 20 21 48 49 45 46 47 42 43 44 40 41 58 59 55 56 57 52 53 54 50 51
 11 12 13 14 10 19 15 16 17 18 53 54 50 51 52 57 58 59 55 56 47 48 49 45 46 43 44 40 41 42 32 33 34 30 31 38 39 35 36 37  5  6  7  8  9  0  1  2  3  4 24 20 21 22 23 26 27 28 29 25
 12 13 14 10 11 18 19 15 16 17 27 28 29 25 26 23 24 20 21 22  9  5  6  7  8  1  2  3  4  0 43 44 40 41 42 47 48 49 45 46 57 58 59 55 56 53 54 50 51 52 35 36 37 38 39 30 31 32 33 34
 13 14 10 11 12 17 18 19 15 16 31 32 33 34 30 39 35 36 37 38 56 57 58 59 55 54 50 51 52 53  1  2  3  4  0  9  5  6  7  8 23 24 20 21 22 27 28 29 25 26 49 45 46 47 48 41 42 43 44 40
 14 10 11 12 13 16 17 18 19 15 42 43 44 40 41 48 49 45 46 47 22 23 24 20 21 28 29 25 26 27 54 50 51 52 53 56 57 58 59 55 39 35 36 37 38 31 32 33 34 30  6  7  8  9  5  4  0  1  2  3
 15 16 17 18 19 10 11 12 13 14 37 38 39 35 36 33 34 30 31 32  1  2  3  4  0  9  5  6  7  8 56 57 58 59 55 54 50 51 52 53 44 40 41 42 43 46 47 48 49 45 25 26 27 28 29 20 21 22 23 24
 16 17 18 19 15 14 10 11 12 13 21 22 23 24 20 29 25 26 27 28 43 44 40 41 42 47 48 49 45 46  9  5  6  7  8  1  2  3  4  0 33 34 30 31 32 37 38 39 35 36 51 52 53 54 50 59 55 56 57 58
 17 18 19 15 16 13 14 10 11 12 55 56 57 58 59 50 51 52 53 54 32 33 34 30 31 38 39 35 36 37 47 48 49 45 46 43 44 40 41 42 29 25 26 27 28 21 22 23 24 20  3  4  0  1  2  7  8  9  5  6
 18 19 15 16 17 12 13 14 10 11  8  9  5  6  7  2  3  4  0  1 28 29 25 26 27 22 23 24 20 21 38 39 35 36 37 32 33 34 30 31 50 51 52 53 54 55 56 57 58 59 40 41 42 43 44 45 46 47 48 49
 19 15 16 17 18 11 12 13 14 10 46 47 48 49 45 44 40 41 42 43 54 50 51 52 53 56 57 58 59 55 22 23 24 20 21 28 29 25 26 27  2  3  4  0  1  8  9  5  6  7 34 30 31 32 33 36 37 38 39 35
 20 21 22 23 24 25 26 27 28 29 30 31 32 33 34 35 36 37 38 39 40 41 42 43 44 45 46 47 48 49 50 51 52 53 54 55 56 57 58 59  0  1  2  3  4  5  6  7  8  9 10 11 12 13 14 15 16 17 18 19
 21 22 23 24 20 29 25 26 27 28 16 17 18 19 15 14 10 11 12 13  4  0  1  2  3  6  7  8  9  5 45 46 47 48 49 40 41 42 43 44 35 36 37 38 39 30 31 32 33 34 57 58 59 55 56 53 54 50 51 52
 22 23 24 20 21 28 29 25 26 27 54 50 51 52 53 56 57 58 59 55 39 35 36 37 38 31 32 33 34 30  6  7  8  9  5  4  0  1  2  3 14 10 11 12 13 16 17 18 19 15 42 43 44 40 41 48 49 45 46 47
 23 24 20 21 22 27 28 29 25 26 49 45 46 47 48 41 42 43 44 40 13 14 10 11 12 17 18 19 15 16 31 32 33 34 30 39 35 36 37 38 56 57 58 59 55 54 50 51 52 53  1  2  3  4  0  9  5  6  7  8
 24 20 21 22 23 26 27 28 29 25  5  6  7  8  9  0  1  2  3  4 55 56 57 58 59 50 51 52 53 54 17 18 19 15 16 13 14 10 11 12 41 42 43 44 40 49 45 46 47 48 36 37 38 39 35 34 30 31 32 33
 25 26 27 28 29 20 21 22 23 24 44 40 41 42 43 46 47 48 49 45 31 32 33 34 30 39 35 36 37 38 13 14 10 11 12 17 18 19 15 16  7  8  9  5  6  3  4  0  1  2 52 53 54 50 51 58 59 55 56 57
 26 27 28 29 25 24 20 21 22 23 59 55 56 57 58 51 52 53 54 50  6  7  8  9  5  4  0  1  2  3 39 35 36 37 38 31 32 33 34 30 46 47 48 49 45 44 40 41 42 43 19 15 16 17 18 11 12 13 14 10
 27 28 29 25 26 23 24 20 21 22 12 13 14 10 11 18 19 15 16 17 45 46 47 48 49 40 41 42 43 44  4  0  1  2  3  6  7  8  9  5 51 52 53 54 50 59 55 56 57 58 33 34 30 31 32 37 38 39 35 36
 28 29 25 26 27 22 23 24 20 21 38 39 35 36 37 32 33 34 30 31 50 51 52 53 54 55 56 57 58 59 40 41 42 43 44 45 46 47 48 49 18 19 15 16 17 12 13 14 10 11  8  9  5  6  7  2  3  4  0  1
 29 25 26 27 28 21 22 23 24 20  3  4  0  1  2  7  8  9  5  6 17 18 19 15 16 13 14 10 11 12 55 56 57 58 59 50 51 52 53 54 32 33 34 30 31 38 39 35 36 37 47 48 49 45 46 43 44 40 41 42
 30 31 32 33 34 35 36 37 38 39 20 21 22 23 24 25 26 27 28 29 58 59 55 56 57 52 53 54 50 51 48 49 45 46 47 42 43 44 40 41  8  9  5  6  7  2  3  4  0  1 18 19 15 16 17 12 13 14 10 11
 31 32 33 34 30 39 35 36 37 38 13 14 10 11 12 17 18 19 15 16  7  8  9  5  6  3  4  0  1  2 52 53 54 50 51 58 59 55 56 57 25 26 27 28 29 20 21 22 23 24 44 40 41 42 43 46 47 48 49 45
 32 33 34 30 31 38 39 35 36 37 47 48 49 45 46 43 44 40 41 42 29 25 26 27 28 21 22 23 24 20  3  4  0  1  2  7  8  9  5  6 17 18 19 15 16 13 14 10 11 12 55 56 57 58 59 50 51 52 53 54
 33 34 30 31 32 37 38 39 35 36 51 52 53 54 50 59 55 56 57 58 16 17 18 19 15 14 10 11 12 13 21 22 23 24 20 29 25 26 27 28 43 44 40 41 42 47 48 49 45 46  9  5  6  7  8  1  2  3  4  0
 34 30 31 32 33 36 37 38 39 35  2  3  4  0  1  8  9  5  6  7 42 43 44 40 41 48 49 45 46 47 14 10 11 12 13 16 17 18 19 15 59 55 56 57 58 51 52 53 54 50 26 27 28 29 25 24 20 21 22 23
 35 36 37 38 39 30 31 32 33 34 57 58 59 55 56 53 54 50 51 52 21 22 23 24 20 29 25 26 27 28 16 17 18 19 15 14 10 11 12 13  4  0  1  2  3  6  7  8  9  5 45 46 47 48 49 40 41 42 43 44
 36 37 38 39 35 34 30 31 32 33 41 42 43 44 40 49 45 46 47 48  3  4  0  1  2  7  8  9  5  6 29 25 26 27 28 21 22 23 24 20 53 54 50 51 52 57 58 59 55 56 11 12 13 14 10 19 15 16 17 18
 37 38 39 35 36 33 34 30 31 32 15 16 17 18 19 10 11 12 13 14 52 53 54 50 51 58 59 55 56 57  7  8  9  5  6  3  4  0  1  2 49 45 46 47 48 41 42 43 44 40 23 24 20 21 22 27 28 29 25 26
 38 39 35 36 37 32 33 34 30 31 28 29 25 26 27 22 23 24 20 21 48 49 45 46 47 42 43 44 40 41 58 59 55 56 57 52 53 54 50 51 10 11 12 13 14 15 16 17 18 19  0  1  2  3  4  5  6  7  8  9
 39 35 36 37 38 31 32 33 34 30  6  7  8  9  5  4  0  1  2  3 14 10 11 12 13 16 17 18 19 15 42 43 44 40 41 48 49 45 46 47 22 23 24 20 21 28 29 25 26 27 54 50 51 52 53 56 57 58 59 55
 40 41 42 43 44 45 46 47 48 49 50 51 52 53 54 55 56 57 58 59  0  1  2  3  4  5  6  7  8  9 10 11 12 13 14 15 16 17 18 19 20 21 22 23 24 25 26 27 28 29 30 31 32 33 34 35 36 37 38 39
 41 42 43 44 40 49 45 46 47 48 36 37 38 39 35 34 30 31 32 33 24 20 21 22 23 26 27 28 29 25  5  6  7  8  9  0  1  2  3  4 55 56 57 58 59 50 51 52 53 54 17 18 19 15 16 13 14 10 11 12
 42 43 44 40 41 48 49 45 46 47 14 10 11 12 13 16 17 18 19 15 59 55 56 57 58 51 52 53 54 50 26 27 28 29 25 24 20 21 22 23 34 30 31 32 33 36 37 38 39 35  2  3  4  0  1  8  9  5  6  7
 43 44 40 41 42 47 48 49 45 46  9  5  6  7  8  1  2  3  4  0 33 34 30 31 32 37 38 39 35 36 51 52 53 54 50 59 55 56 57 58 16 17 18 19 15 14 10 11 12 13 21 22 23 24 20 29 25 26 27 28
 44 40 41 42 43 46 47 48 49 45 25 26 27 28 29 20 21 22 23 24 15 16 17 18 19 10 11 12 13 14 37 38 39 35 36 33 34 30 31 32  1  2  3  4  0  9  5  6  7  8 56 57 58 59 55 54 50 51 52 53
 45 46 47 48 49 40 41 42 43 44  4  0  1  2  3  6  7  8  9  5 51 52 53 54 50 59 55 56 57 58 33 34 30 31 32 37 38 39 35 36 27 28 29 25 26 23 24 20 21 22 12 13 14 10 11 18 19 15 16 17
 46 47 48 49 45 44 40 41 42 43 19 15 16 17 18 11 12 13 14 10 26 27 28 29 25 24 20 21 22 23 59 55 56 57 58 51 52 53 54 50  6  7  8  9  5  4  0  1  2  3 39 35 36 37 38 31 32 33 34 30
 47 48 49 45 46 43 44 40 41 42 32 33 34 30 31 38 39 35 36 37  5  6  7  8  9  0  1  2  3  4 24 20 21 22 23 26 27 28 29 25 11 12 13 14 10 19 15 16 17 18 53 54 50 51 52 57 58 59 55 56
 48 49 45 46 47 42 43 44 40 41 58 59 55 56 57 52 53 54 50 51 10 11 12 13 14 15 16 17 18 19  0  1  2  3  4  5  6  7  8  9 38 39 35 36 37 32 33 34 30 31 28 29 25 26 27 22 23 24 20 21
 49 45 46 47 48 41 42 43 44 40 23 24 20 21 22 27 28 29 25 26 37 38 39 35 36 33 34 30 31 32 15 16 17 18 19 10 11 12 13 14 52 53 54 50 51 58 59 55 56 57  7  8  9  5  6  3  4  0  1  2
 50 51 52 53 54 55 56 57 58 59 40 41 42 43 44 45 46 47 48 49 18 19 15 16 17 12 13 14 10 11  8  9  5  6  7  2  3  4  0  1 28 29 25 26 27 22 23 24 20 21 38 39 35 36 37 32 33 34 30 31
 51 52 53 54 50 59 55 56 57 58 33 34 30 31 32 37 38 39 35 36 27 28 29 25 26 23 24 20 21 22 12 13 14 10 11 18 19 15 16 17 45 46 47 48 49 40 41 42 43 44  4  0  1  2  3  6  7  8  9  5
 52 53 54 50 51 58 59 55 56 57  7  8  9  5  6  3  4  0  1  2 49 45 46 47 48 41 42 43 44 40 23 24 20 21 22 27 28 29 25 26 37 38 39 35 36 33 34 30 31 32 15 16 17 18 19 10 11 12 13 14
 53 54 50 51 52 57 58 59 55 56 11 12 13 14 10 19 15 16 17 18 36 37 38 39 35 34 30 31 32 33 41 42 43 44 40 49 45 46 47 48  3  4  0  1  2  7  8  9  5  6 29 25 26 27 28 21 22 23 24 20
 54 50 51 52 53 56 57 58 59 55 22 23 24 20 21 28 29 25 26 27  2  3  4  0  1  8  9  5  6  7 34 30 31 32 33 36 37 38 39 35 19 15 16 17 18 11 12 13 14 10 46 47 48 49 45 44 40 41 42 43
 55 56 57 58 59 50 51 52 53 54 17 18 19 15 16 13 14 10 11 12 41 42 43 44 40 49 45 46 47 48 36 37 38 39 35 34 30 31 32 33 24 20 21 22 23 26 27 28 29 25  5  6  7  8  9  0  1  2  3  4
 56 57 58 59 55 54 50 51 52 53  1  2  3  4  0  9  5  6  7  8 23 24 20 21 22 27 28 29 25 26 49 45 46 47 48 41 42 43 44 40 13 14 10 11 12 17 18 19 15 16 31 32 33 34 30 39 35 36 37 38
 57 58 59 55 56 53 54 50 51 52 35 36 37 38 39 30 31 32 33 34 12 13 14 10 11 18 19 15 16 17 27 28 29 25 26 23 24 20 21 22  9  5  6  7  8  1  2  3  4  0 43 44 40 41 42 47 48 49 45 46
 58 59 55 56 57 52 53 54 50 51 48 49 45 46 47 42 43 44 40 41  8  9  5  6  7  2  3  4  0  1 18 19 15 16 17 12 13 14 10 11 30 31 32 33 34 35 36 37 38 39 20 21 22 23 24 25 26 27 28 29
 59 55 56 57 58 51 52 53 54 50 26 27 28 29 25 24 20 21 22 23 34 30 31 32 33 36 37 38 39 35  2  3  4  0  1  8  9  5  6  7 42 43 44 40 41 48 49 45 46 47 14 10 11 12 13 16 17 18 19 15
mpltbl 2nd block
 60 61 62 63 64 65 66 67 68 69 70 71 72 73 74 75 76 77 78 79 80 81 82 83 84 85 86 87 88 89 90 91 92 93 94 95 96 97 98 99 100 101 102 103 104 105 106 107 108 109 110 111 112 113 114 115 116 117 118 119
 61 62 63 64 60 69 65 66 67 68 116 117 118 119 115 114 110 111 112 113 104 100 101 102 103 106 107 108 109 105 85 86 87 88 89 80 81 82 83 84 75 76 77 78 79 70 71 72 73 74 97 98 99 95 96 93 94 90 91 92
 62 63 64 60 61 68 69 65 66 67 94 90 91 92 93 96 97 98 99 95 79 75 76 77 78 71 72 73 74 70 106 107 108 109 105 104 100 101 102 103 114 110 111 112 113 116 117 118 119 115 82 83 84 80 81 88 89 85 86 87
 63 64 60 61 62 67 68 69 65 66 89 85 86 87 88 81 82 83 84 80 113 114 110 111 112 117 118 119 115 116 71 72 73 74 70 79 75 76 77 78 96 97 98 99 95 94 90 91 92 93 101 102 103 104 100 109 105 106 107 108
 64 60 61 62 63 66 67 68 69 65 105 106 107 108 109 100 101 102 103 104 95 96 97 98 99 90 91 92 93 94 117 118 119 115 116 113 114 110 111 112 81 82 83 84 80 89 85 86 87 88 76 77 78 79 75 74 70 71 72 73
 65 66 67 68 69 60 61 62 63 64 84 80 81 82 83 86 87 88 89 85 71 72 73 74 70 79 75 76 77 78 113 114 110 111 112 117 118 119 115 116 107 108 109 105 106 103 104 100 101 102 92 93 94 90 91 98 99 95 96 97
 66 67 68 69 65 64 60 61 62 63 99 95 96 97 98 91 92 93 94 90 106 107 108 109 105 104 100 101 102 103 79 75 76 77 78 71 72 73 74 70 86 87 88 89 85 84 80 81 82 83 119 115 116 117 118 111 112 113 114 110
 67 68 69 65 66 63 64 60 61 62 112 113 114 110 111 118 119 115 116 117 85 86 87 88 89 80 81 82 83 84 104 100 101 102 103 106 107 108 109 105 91 92 93 94 90 99 95 96 97 98 73 74 70 71 72 77 78 79 75 76
 68 69 65 66 67 62 63 64 60 61 78 79 75 76 77 72 73 74 70 71 90 91 92 93 94 95 96 97 98 99 80 81 82 83 84 85 86 87 88 89 118 119 115 116 117 112 113 114 110 111 108 109 105 106 107 102 103 104 100 101
 69 65 66 67 68 61 62 63 64 60 103 104 100 101 102 107 108 109 105 106 117 118 119 115 116 113 114 110 111 112 95 96 97 98 99 90 91 92 93 94 72 73 74 70 71 78 79 75 76 77 87 88 89 85 86 83 84 80 81 82
 70 71 72 73 74 75 76 77 78 79 60 61 62 63 64 65 66 67 68 69 98 99 95 96 97 92 93 94 90 91 88 89 85 86 87 82 83 84 80 81 108 109 105 106 107 102 103 104 100 101 118 119 115 116 117 112 113 114 110 111
 71 72 73 74 70 79 75 76 77 78 113 114 110 111 112 117 118 119 115 116 107 108 109 105 106 103 104 100 101 102 92 93 94 90 91 98 99 95 96 97 65 66 67 68 69 60 61 62 63 64 84 80 81 82 83 86 87 88 89 85
 72 73 74 70 71 78 79 75 76 77 87 88 89 85 86 83 84 80 81 82 69 65 66 67 68 61 62 63 64 60 103 104 100 101 102 107 108 109 105 106 117 118 119 115 116 113 114 110 111 112 95 96 97 98 99 90 91 92 93 94
 73 74 70 71 72 77 78 79 75 76 91 92 93 94 90 99 95 96 97 98 116 117 118 119 115 114 110 111 112 113 61 62 63 64 60 69 65 66 67 68 83 84 80 81 82 87 88 89 85 86 109 105 106 107 108 101 102 103 104 100
 74 70 71 72 73 76 77 78 79 75 102 103 104 100 101 108 109 105 106 107 82 83 84 80 81 88 89 85 86 87 114 110 111 112 113 116 117 118 119 115 99 95 96 97 98 91 92 93 94 90 66 67 68 69 65 64 60 61 62 63
 75 76 77 78 79 70 71 72 73 74 97 98 99 95 96 93 94 90 91 92 61 62 63 64 60 69 65 66 67 68 116 117 118 119 115 114 110 111 112 113 104 100 101 102 103 106 107 108 109 105 85 86 87 88 89 80 81 82 83 84
 76 77 78 79 75 74 70 71 72 73 81 82 83 84 80 89 85 86 87 88 103 104 100 101 102 107 108 109 105 106 69 65 66 67 68 61 62 63 64 60 93 94 90 91 92 97 98 99 95 96 111 112 113 114 110 119 115 116 117 118
 77 78 79 75 76 73 74 70 71 72 115 116 117 118 119 110 111 112 113 114 92 93 94 90 91 98 99 95 96 97 107 108 109 105 106 103 104 100 101 102 89 85 86 87 88 81 82 83 84 80 63 64 60 61 62 67 68 69 65 66
 78 79 75 76 77 72 73 74 70 71 68 69 65 66 67 62 63 64 60 61 88 89 85 86 87 82 83 84 80 81 98 99 95 96 97 92 93 94 90 91 110 111 112 113 114 115 116 117 118 119 100 101 102 103 104 105 106 107 108 109
 79 75 76 77 78 71 72 73 74 70 106 107 108 109 105 104 100 101 102 103 114 110 111 112 113 116 117 118 119 115 82 83 84 80 81 88 89 85 86 87 62 63 64 60 61 68 69 65 66 67 94 90 91 92 93 96 97 98 99 95
 80 81 82 83 84 85 86 87 88 89 90 91 92 93 94 95 96 97 98 99 100 101 102 103 104 105 106 107 108 109 110 111 112 113 114 115 116 117 118 119 60 61 62 63 64 65 66 67 68 69 70 71 72 73 74 75 76 77 78 79
 81 82 83 84 80 89 85 86 87 88 76 77 78 79 75 74 70 71 72 73 64 60 61 62 63 66 67 68 69 65 105 106 107 108 109 100 101 102 103 104 95 96 97 98 99 90 91 92 93 94 117 118 119 115 116 113 114 110 111 112
 82 83 84 80 81 88 89 85 86 87 114 110 111 112 113 116 117 118 119 115 99 95 96 97 98 91 92 93 94 90 66 67 68 69 65 64 60 61 62 63 74 70 71 72 73 76 77 78 79 75 102 103 104 100 101 108 109 105 106 107
 83 84 80 81 82 87 88 89 85 86 109 105 106 107 108 101 102 103 104 100 73 74 70 71 72 77 78 79 75 76 91 92 93 94 90 99 95 96 97 98 116 117 118 119 115 114 110 111 112 113 61 62 63 64 60 69 65 66 67 68
 84 80 81 82 83 86 87 88 89 85 65 66 67 68 69 60 61 62 63 64 115 116 117 118 119 110 111 112 113 114 77 78 79 75 76 73 74 70 71 72 101 102 103 104 100 109 105 106 107 108 96 97 98 99 95 94 90 91 92 93
 85 86 87 88 89 80 81 82 83 84 104 100 101 102 103 106 107 108 109 105 91 92 93 94 90 99 95 96 97 98 73 74 70 71 72 77 78 79 75 76 67 68 69 65 66 63 64 60 61 62 112 113 114 110 111 118 119 115 116 117
 86 87 88 89 85 84 80 81 82 83 119 115 116 117 118 111 112 113 114 110 66 67 68 69 65 64 60 61 62 63 99 95 96 97 98 91 92 93 94 90 106 107 108 109 105 104 100 101 102 103 79 75 76 77 78 71 72 73 74 70
 87 88 89 85 86 83 84 80 81 82 72 73 74 70 71 78 79 75 76 77 105 106 107 108 109 100 101 102 103 104 64 60 61 62 63 66 67 68 69 65 111 112 113 114 110 119 115 116 117 118 93 94 90 91 92 97 98 99 95 96
 88 89 85 86 87 82 83 84 80 81 98 99 95 96 97 92 93 94 90 91 110 111 112 113 114 115 116 117 118 119 100 101 102 103 104 105 106 107 108 109 78 79 75 76 77 72 73 74 70 71 68 69 65 66 67 62 63 64 60 61
 89 85 86 87 88 81 82 83 84 80 63 64 60 61 62 67 68 69 65 66 77 78 79 75 76 73 74 70 71 72 115 116 117 118 119 110 111 112 113 114 92 93 94 90 91 98 99 95 96 97 107 108 109 105 106 103 104 100 101 102
 90 91 92 93 94 95 96 97 98 99 80 81 82 83 84 85 86 87 88 89 118 119 115 116 117 112 113 114 110 111 108 109 105 106 107 102 103 104 100 101 68 69 65 66 67 62 63 64 60 61 78 79 75 76 77 72 73 74 70 71
 91 92 93 94 90 99 95 96 97 98 73 74 70 71 72 77 78 79 75 76 67 68 69 65 66 63 64 60 61 62 112 113 114 110 111 118 119 115 116 117 85 86 87 88 89 80 81 82 83 84 104 100 101 102 103 106 107 108 109 105
 92 93 94 90 91 98 99 95 96 97 107 108 109 105 106 103 104 100 101 102 89 85 86 87 88 81 82 83 84 80 63 64 60 61 62 67 68 69 65 66 77 78 79 75 76 73 74 70 71 72 115 116 117 118 119 110 111 112 113 114
 93 94 90 91 92 97 98 99 95 96 111 112 113 114 110 119 115 116 117 118 76 77 78 79 75 74 70 71 72 73 81 82 83 84 80 89 85 86 87 88 103 104 100 101 102 107 108 109 105 106 69 65 66 67 68 61 62 63 64 60
 94 90 91 92 93 96 97 98 99 95 62 63 64 60 61 68 69 65 66 67 102 103 104 100 101 108 109 105 106 107 74 70 71 72 73 76 77 78 79 75 119 115 116 117 118 111 112 113 114 110 86 87 88 89 85 84 80 81 82 83
 95 96 97 98 99 90 91 92 93 94 117 118 119 115 116 113 114 110 111 112 81 82 83 84 80 89 85 86 87 88 76 77 78 79 75 74 70 71 72 73 64 60 61 62 63 66 67 68 69 65 105 106 107 108 109 100 101 102 103 104
 96 97 98 99 95 94 90 91 92 93 101 102 103 104 100 109 105 106 107 108 63 64 60 61 62 67 68 69 65 66 89 85 86 87 88 81 82 83 84 80 113 114 110 111 112 117 118 119 115 116 71 72 73 74 70 79 75 76 77 78
 97 98 99 95 96 93 94 90 91 92 75 76 77 78 79 70 71 72 73 74 112 113 114 110 111 118 119 115 116 117 67 68 69 65 66 63 64 60 61 62 109 105 106 107 108 101 102 103 104 100 83 84 80 81 82 87 88 89 85 86
 98 99 95 96 97 92 93 94 90 91 88 89 85 86 87 82 83 84 80 81 108 109 105 106 107 102 103 104 100 101 118 119 115 116 117 112 113 114 110 111 70 71 72 73 74 75 76 77 78 79 60 61 62 63 64 65 66 67 68 69
 99 95 96 97 98 91 92 93 94 90 66 67 68 69 65 64 60 61 62 63 74 70 71 72 73 76 77 78 79 75 102 103 104 100 101 108 109 105 106 107 82 83 84 80 81 88 89 85 86 87 114 110 111 112 113 116 117 118 119 115
 100 101 102 103 104 105 106 107 108 109 110 111 112 113 114 115 116 117 118 119 60 61 62 63 64 65 66 67 68 69 70 71 72 73 74 75 76 77 78 79 80 81 82 83 84 85 86 87 88 89 90 91 92 93 94 95 96 97 98 99
 101 102 103 104 100 109 105 106 107 108 96 97 98 99 95 94 90 91 92 93 84 80 81 82 83 86 87 88 89 85 65 66 67 68 69 60 61 62 63 64 115 116 117 118 119 110 111 112 113 114 77 78 79 75 76 73 74 70 71 72
 102 103 104 100 101 108 109 105 106 107 74 70 71 72 73 76 77 78 79 75 119 115 116 117 118 111 112 113 114 110 86 87 88 89 85 84 80 81 82 83 94 90 91 92 93 96 97 98 99 95 62 63 64 60 61 68 69 65 66 67
 103 104 100 101 102 107 108 109 105 106 69 65 66 67 68 61 62 63 64 60 93 94 90 91 92 97 98 99 95 96 111 112 113 114 110 119 115 116 117 118 76 77 78 79 75 74 70 71 72 73 81 82 83 84 80 89 85 86 87 88
 104 100 101 102 103 106 107 108 109 105 85 86 87 88 89 80 81 82 83 84 75 76 77 78 79 70 71 72 73 74 97 98 99 95 96 93 94 90 91 92 61 62 63 64 60 69 65 66 67 68 116 117 118 119 115 114 110 111 112 113
 105 106 107 108 109 100 101 102 103 104 64 60 61 62 63 66 67 68 69 65 111 112 113 114 110 119 115 116 117 118 93 94 90 91 92 97 98 99 95 96 87 88 89 85 86 83 84 80 81 82 72 73 74 70 71 78 79 75 76 77
 106 107 108 109 105 104 100 101 102 103 79 75 76 77 78 71 72 73 74 70 86 87 88 89 85 84 80 81 82 83 119 115 116 117 118 111 112 113 114 110 66 67 68 69 65 64 60 61 62 63 99 95 96 97 98 91 92 93 94 90
 107 108 109 105 106 103 104 100 101 102 92 93 94 90 91 98 99 95 96 97 65 66 67 68 69 60 61 62 63 64 84 80 81 82 83 86 87 88 89 85 71 72 73 74 70 79 75 76 77 78 113 114 110 111 112 117 118 119 115 116
 108 109 105 106 107 102 103 104 100 101 118 119 115 116 117 112 113 114 110 111 70 71 72 73 74 75 76 77 78 79 60 61 62 63 64 65 66 67 68 69 98 99 95 96 97 92 93 94 90 91 88 89 85 86 87 82 83 84 80 81
 109 105 106 107 108 101 102 103 104 100 83 84 80 81 82 87 88 89 85 86 97 98 99 95 96 93 94 90 91 92 75 76 77 78 79 70 71 72 73 74 112 113 114 110 111 118 119 115 116 117 67 68 69 65 66 63 64 60 61 62
 110 111 112 113 114 115 116 117 118 119 100 101 102 103 104 105 106 107 108 109 78 79 75 76 77 72 73 74 70 71 68 69 65 66 67 62 63 64 60 61 88 89 85 86 87 82 83 84 80 81 98 99 95 96 97 92 93 94 90 91
 111 112 113 114 110 119 115 116 117 118 93 94 90 91 92 97 98 99 95 96 87 88 89 85 86 83 84 80 81 82 72 73 74 70 71 78 79 75 76 77 105 106 107 108 109 100 101 102 103 104 64 60 61 62 63 66 67 68 69 65
 112 113 114 110 111 118 119 115 116 117 67 68 69 65 66 63 64 60 61 62 109 105 106 107 108 101 102 103 104 100 83 84 80 81 82 87 88 89 85 86 97 98 99 95 96 93 94 90 91 92 75 76 77 78 79 70 71 72 73 74
 113 114 110 111 112 117 118 119 115 116 71 72 73 74 70 79 75 76 77 78 96 97 98 99 95 94 90 91 92 93 101 102 103 104 100 109 105 106 107 108 63 64 60 61 62 67 68 69 65 66 89 85 86 87 88 81 82 83 84 80
 114 110 111 112 113 116 117 118 119 115 82 83 84 80 81 88 89 85 86 87 62 63 64 60 61 68 69 65 66 67 94 90 91 92 93 96 97 98 99 95 79 75 76 77 78 71 72 73 74 70 106 107 108 109 105 104 100 101 102 103
 115 116 117 118 119 110 111 112 113 114 77 78 79 75 76 73 74 70 71 72 101 102 103 104 100 109 105 106 107 108 96 97 98 99 95 94 90 91 92 93 84 80 81 82 83 86 87 88 89 85 65 66 67 68 69 60 61 62 63 64
 116 117 118 119 115 114 110 111 112 113 61 62 63 64 60 69 65 66 67 68 83 84 80 81 82 87 88 89 85 86 109 105 106 107 108 101 102 103 104 100 73 74 70 71 72 77 78 79 75 76 91 92 93 94 90 99 95 96 97 98
 117 118 119 115 116 113 114 110 111 112 95 96 97 98 99 90 91 92 93 94 72 73 74 70 71 78 79 75 76 77 87 88 89 85 86 83 84 80 81 82 69 65 66 67 68 61 62 63 64 60 103 104 100 101 102 107 108 109 105 106
 118 119 115 116 117 112 113 114 110 111 108 109 105 106 107 102 103 104 100 101 68 69 65 66 67 62 63 64 60 61 78 79 75 76 77 72 73 74 70 71 90 91 92 93 94 95 96 97 98 99 80 81 82 83 84 85 86 87 88 89
 119 115 116 117 118 111 112 113 114 110 86 87 88 89 85 84 80 81 82 83 94 90 91 92 93 96 97 98 99 95 62 63 64 60 61 68 69 65 66 67 102 103 104 100 101 108 109 105 106 107 74 70 71 72 73 76 77 78 79 75
nr 120
Icos r_qn
r_qn[0]
[ [1 0 1] [0 0 1] [0 0 1] [0 0 1] [0 0 1] [0 0 1] ]
[ [0 0 1] [1 0 1] [0 0 1] [0 0 1] [0 0 1] [0 0 1] ]
[ [0 0 1] [0 0 1] [1 0 1] [0 0 1] [0 0 1] [0 0 1] ]
[ [0 0 1] [0 0 1] [0 0 1] [1 0 1] [0 0 1] [0 0 1] ]
[ [0 0 1] [0 0 1] [0 0 1] [0 0 1] [1 0 1] [0 0 1] ]
[ [0 0 1] [0 0 1] [0 0 1] [0 0 1] [0 0 1] [1 0 1] ]

r_qn[1]
[ [1 0 2] [-1  1  4] [-1 -1  4] [0 0 1] [0 0 1] [0 0 1] ]
[ [-1  1  4] [1 1 4] [1 0 2] [0 0 1] [0 0 1] [0 0 1] ]
[ [1 1 4] [-1  0  2] [-1  1  4] [0 0 1] [0 0 1] [0 0 1] ]
[ [0 0 1] [0 0 1] [0 0 1] [1 0 2] [-1 -1  4] [-1  1  4] ]
[ [0 0 1] [0 0 1] [0 0 1] [-1 -1  4] [ 1 -1  4] [1 0 2] ]
[ [0 0 1] [0 0 1] [0 0 1] [ 1 -1  4] [-1  0  2] [-1 -1  4] ]

r_qn[2]
[ [ 1 -1  4] [1 1 4] [-1  0  2] [0 0 1] [0 0 1] [0 0 1] ]
[ [1 1 4] [1 0 2] [-1  1  4] [0 0 1] [0 0 1] [0 0 1] ]
[ [1 0 2] [ 1 -1  4] [-1 -1  4] [0 0 1] [0 0 1] [0 0 1] ]
[ [0 0 1] [0 0 1] [0 0 1] [1 1 4] [ 1 -1  4] [-1  0  2] ]
[ [0 0 1] [0 0 1] [0 0 1] [ 1 -1  4] [1 0 2] [-1 -1  4] ]
[ [0 0 1] [0 0 1] [0 0 1] [1 0 2] [1 1 4] [-1  1  4] ]

r_qn[3]
[ [ 1 -1  4] [1 1 4] [1 0 2] [0 0 1] [0 0 1] [0 0 1] ]
[ [1 1 4] [1 0 2] [ 1 -1  4] [0 0 1] [0 0 1] [0 0 1] ]
[ [-1  0  2] [-1  1  4] [-1 -1  4] [0 0 1] [0 0 1] [0 0 1] ]
[ [0 0 1] [0 0 1] [0 0 1] [1 1 4] [ 1 -1  4] [1 0 2] ]
[ [0 0 1] [0 0 1] [0 0 1] [ 1 -1  4] [1 0 2] [1 1 4] ]
[ [0 0 1] [0 0 1] [0 0 1] [-1  0  2] [-1 -1  4] [-1  1  4] ]

r_qn[4]
[ [1 0 2] [-1  1  4] [1 1 4] [0 0 1] [0 0 1] [0 0 1] ]
[ [-1  1  4] [1 1 4] [-1  0  2] [0 0 1] [0 0 1] [0 0 1] ]
[ [-1 -1  4] [1 0 2] [-1  1  4] [0 0 1] [0 0 1] [0 0 1] ]
[ [0 0 1] [0 0 1] [0 0 1] [1 0 2] [-1 -1  4] [ 1 -1  4] ]
[ [0 0 1] [0 0 1] [0 0 1] [-1 -1  4] [ 1 -1  4] [-1  0  2] ]
[ [0 0 1] [0 0 1] [0 0 1] [-1  1  4] [1 0 2] [-1 -1  4] ]

r_qn[5]
[ [-1  0  2] [ 1 -1  4] [-1 -1  4] [0 0 1] [0 0 1] [0 0 1] ]
[ [ 1 -1  4] [-1 -1  4] [1 0 2] [0 0 1] [0 0 1] [0 0 1] ]
[ [-1 -1  4] [1 0 2] [-1  1  4] [0 0 1] [0 0 1] [0 0 1] ]
[ [0 0 1] [0 0 1] [0 0 1] [-1  0  2] [1 1 4] [-1  1  4] ]
[ [0 0 1] [0 0 1] [0 0 1] [1 1 4] [-1  1  4] [1 0 2] ]
[ [0 0 1] [0 0 1] [0 0 1] [-1  1  4] [1 0 2] [-1 -1  4] ]

r_qn[6]
[ [-1  0  1] [0 0 1] [0 0 1] [0 0 1] [0 0 1] [0 0 1] ]
[ [0 0 1] [-1  0  1] [0 0 1] [0 0 1] [0 0 1] [0 0 1] ]
[ [0 0 1] [0 0 1] [1 0 1] [0 0 1] [0 0 1] [0 0 1] ]
[ [0 0 1] [0 0 1] [0 0 1] [-1  0  1] [0 0 1] [0 0 1] ]
[ [0 0 1] [0 0 1] [0 0 1] [0 0 1] [-1  0  1] [0 0 1] ]
[ [0 0 1] [0 0 1] [0 0 1] [0 0 1] [0 0 1] [1 0 1] ]

r_qn[7]
[ [-1  0  2] [ 1 -1  4] [1 1 4] [0 0 1] [0 0 1] [0 0 1] ]
[ [ 1 -1  4] [-1 -1  4] [-1  0  2] [0 0 1] [0 0 1] [0 0 1] ]
[ [1 1 4] [-1  0  2] [-1  1  4] [0 0 1] [0 0 1] [0 0 1] ]
[ [0 0 1] [0 0 1] [0 0 1] [-1  0  2] [1 1 4] [ 1 -1  4] ]
[ [0 0 1] [0 0 1] [0 0 1] [1 1 4] [-1  1  4] [-1  0  2] ]
[ [0 0 1] [0 0 1] [0 0 1] [ 1 -1  4] [-1  0  2] [-1 -1  4] ]

r_qn[8]
[ [-1  1  4] [-1 -1  4] [1 0 2] [0 0 1] [0 0 1] [0 0 1] ]
[ [-1 -1  4] [-1  0  2] [ 1 -1  4] [0 0 1] [0 0 1] [0 0 1] ]
[ [1 0 2] [ 1 -1  4] [-1 -1  4] [0 0 1] [0 0 1] [0 0 1] ]
[ [0 0 1] [0 0 1] [0 0 1] [-1 -1  4] [-1  1  4] [1 0 2] ]
[ [0 0 1] [0 0 1] [0 0 1] [-1  1  4] [-1  0  2] [1 1 4] ]
[ [0 0 1] [0 0 1] [0 0 1] [1 0 2] [1 1 4] [-1  1  4] ]

r_qn[9]
[ [-1  1  4] [-1 -1  4] [-1  0  2] [0 0 1] [0 0 1] [0 0 1] ]
[ [-1 -1  4] [-1  0  2] [-1  1  4] [0 0 1] [0 0 1] [0 0 1] ]
[ [-1  0  2] [-1  1  4] [-1 -1  4] [0 0 1] [0 0 1] [0 0 1] ]
[ [0 0 1] [0 0 1] [0 0 1] [-1 -1  4] [-1  1  4] [-1  0  2] ]
[ [0 0 1] [0 0 1] [0 0 1] [-1  1  4] [-1  0  2] [-1 -1  4] ]
[ [0 0 1] [0 0 1] [0 0 1] [-1  0  2] [-1 -1  4] [-1  1  4] ]

r_qn[10]
[ [-1  0  2] [-1  1  4] [-1 -1  4] [0 0 1] [0 0 1] [0 0 1] ]
[ [-1  1  4] [-1 -1  4] [-1  0  2] [0 0 1] [0 0 1] [0 0 1] ]
[ [-1 -1  4] [-1  0  2] [-1  1  4] [0 0 1] [0 0 1] [0 0 1] ]
[ [0 0 1] [0 0 1] [0 0 1] [-1  0  2] [-1 -1  4] [-1  1  4] ]
[ [0 0 1] [0 0 1] [0 0 1] [-1 -1  4] [-1  1  4] [-1  0  2] ]
[ [0 0 1] [0 0 1] [0 0 1] [-1  1  4] [-1  0  2] [-1 -1  4] ]

r_qn[11]
[ [-1 -1  4] [1 0 2] [-1  1  4] [0 0 1] [0 0 1] [0 0 1] ]
[ [-1  0  2] [ 1 -1  4] [-1 -1  4] [0 0 1] [0 0 1] [0 0 1] ]
[ [ 1 -1  4] [-1 -1  4] [1 0 2] [0 0 1] [0 0 1] [0 0 1] ]
[ [0 0 1] [0 0 1] [0 0 1] [-1  1  4] [1 0 2] [-1 -1  4] ]
[ [0 0 1] [0 0 1] [0 0 1] [-1  0  2] [1 1 4] [-1  1  4] ]
[ [0 0 1] [0 0 1] [0 0 1] [1 1 4] [-1  1  4] [1 0 2] ]

r_qn[12]
[ [0 0 1] [0 0 1] [1 0 1] [0 0 1] [0 0 1] [0 0 1] ]
[ [-1  0  1] [0 0 1] [0 0 1] [0 0 1] [0 0 1] [0 0 1] ]
[ [0 0 1] [-1  0  1] [0 0 1] [0 0 1] [0 0 1] [0 0 1] ]
[ [0 0 1] [0 0 1] [0 0 1] [0 0 1] [0 0 1] [1 0 1] ]
[ [0 0 1] [0 0 1] [0 0 1] [-1  0  1] [0 0 1] [0 0 1] ]
[ [0 0 1] [0 0 1] [0 0 1] [0 0 1] [-1  0  1] [0 0 1] ]

r_qn[13]
[ [1 1 4] [-1  0  2] [-1  1  4] [0 0 1] [0 0 1] [0 0 1] ]
[ [-1  0  2] [ 1 -1  4] [1 1 4] [0 0 1] [0 0 1] [0 0 1] ]
[ [ 1 -1  4] [-1 -1  4] [-1  0  2] [0 0 1] [0 0 1] [0 0 1] ]
[ [0 0 1] [0 0 1] [0 0 1] [ 1 -1  4] [-1  0  2] [-1 -1  4] ]
[ [0 0 1] [0 0 1] [0 0 1] [-1  0  2] [1 1 4] [ 1 -1  4] ]
[ [0 0 1] [0 0 1] [0 0 1] [1 1 4] [-1  1  4] [-1  0  2] ]

r_qn[14]
[ [1 0 2] [ 1 -1  4] [-1 -1  4] [0 0 1] [0 0 1] [0 0 1] ]
[ [-1  1  4] [-1 -1  4] [1 0 2] [0 0 1] [0 0 1] [0 0 1] ]
[ [-1 -1  4] [-1  0  2] [ 1 -1  4] [0 0 1] [0 0 1] [0 0 1] ]
[ [0 0 1] [0 0 1] [0 0 1] [1 0 2] [1 1 4] [-1  1  4] ]
[ [0 0 1] [0 0 1] [0 0 1] [-1 -1  4] [-1  1  4] [1 0 2] ]
[ [0 0 1] [0 0 1] [0 0 1] [-1  1  4] [-1  0  2] [1 1 4] ]

r_qn[15]
[ [1 1 4] [-1  0  2] [-1  1  4] [0 0 1] [0 0 1] [0 0 1] ]
[ [1 0 2] [-1  1  4] [-1 -1  4] [0 0 1] [0 0 1] [0 0 1] ]
[ [-1  1  4] [1 1 4] [1 0 2] [0 0 1] [0 0 1] [0 0 1] ]
[ [0 0 1] [0 0 1] [0 0 1] [ 1 -1  4] [-1  0  2] [-1 -1  4] ]
[ [0 0 1] [0 0 1] [0 0 1] [1 0 2] [-1 -1  4] [-1  1  4] ]
[ [0 0 1] [0 0 1] [0 0 1] [-1 -1  4] [ 1 -1  4] [1 0 2] ]

r_qn[16]
[ [1 0 2] [ 1 -1  4] [-1 -1  4] [0 0 1] [0 0 1] [0 0 1] ]
[ [ 1 -1  4] [1 1 4] [-1  0  2] [0 0 1] [0 0 1] [0 0 1] ]
[ [1 1 4] [1 0 2] [-1  1  4] [0 0 1] [0 0 1] [0 0 1] ]
[ [0 0 1] [0 0 1] [0 0 1] [1 0 2] [1 1 4] [-1  1  4] ]
[ [0 0 1] [0 0 1] [0 0 1] [1 1 4] [ 1 -1  4] [-1  0  2] ]
[ [0 0 1] [0 0 1] [0 0 1] [ 1 -1  4] [1 0 2] [-1 -1  4] ]

r_qn[17]
[ [-1  0  2] [-1  1  4] [-1 -1  4] [0 0 1] [0 0 1] [0 0 1] ]
[ [ 1 -1  4] [1 1 4] [1 0 2] [0 0 1] [0 0 1] [0 0 1] ]
[ [1 1 4] [1 0 2] [ 1 -1  4] [0 0 1] [0 0 1] [0 0 1] ]
[ [0 0 1] [0 0 1] [0 0 1] [-1  0  2] [-1 -1  4] [-1  1  4] ]
[ [0 0 1] [0 0 1] [0 0 1] [1 1 4] [ 1 -1  4] [1 0 2] ]
[ [0 0 1] [0 0 1] [0 0 1] [ 1 -1  4] [1 0 2] [1 1 4] ]

r_qn[18]
[ [-1 -1  4] [1 0 2] [-1  1  4] [0 0 1] [0 0 1] [0 0 1] ]
[ [1 0 2] [-1  1  4] [1 1 4] [0 0 1] [0 0 1] [0 0 1] ]
[ [-1  1  4] [1 1 4] [-1  0  2] [0 0 1] [0 0 1] [0 0 1] ]
[ [0 0 1] [0 0 1] [0 0 1] [-1  1  4] [1 0 2] [-1 -1  4] ]
[ [0 0 1] [0 0 1] [0 0 1] [1 0 2] [-1 -1  4] [ 1 -1  4] ]
[ [0 0 1] [0 0 1] [0 0 1] [-1 -1  4] [ 1 -1  4] [-1  0  2] ]

r_qn[19]
[ [0 0 1] [0 0 1] [1 0 1] [0 0 1] [0 0 1] [0 0 1] ]
[ [1 0 1] [0 0 1] [0 0 1] [0 0 1] [0 0 1] [0 0 1] ]
[ [0 0 1] [1 0 1] [0 0 1] [0 0 1] [0 0 1] [0 0 1] ]
[ [0 0 1] [0 0 1] [0 0 1] [0 0 1] [0 0 1] [1 0 1] ]
[ [0 0 1] [0 0 1] [0 0 1] [1 0 1] [0 0 1] [0 0 1] ]
[ [0 0 1] [0 0 1] [0 0 1] [0 0 1] [1 0 1] [0 0 1] ]

r_qn[20]
[ [1 1 4] [1 0 2] [ 1 -1  4] [0 0 1] [0 0 1] [0 0 1] ]
[ [1 0 2] [ 1 -1  4] [1 1 4] [0 0 1] [0 0 1] [0 0 1] ]
[ [-1  1  4] [-1 -1  4] [-1  0  2] [0 0 1] [0 0 1] [0 0 1] ]
[ [0 0 1] [0 0 1] [0 0 1] [ 1 -1  4] [1 0 2] [1 1 4] ]
[ [0 0 1] [0 0 1] [0 0 1] [1 0 2] [1 1 4] [ 1 -1  4] ]
[ [0 0 1] [0 0 1] [0 0 1] [-1 -1  4] [-1  1  4] [-1  0  2] ]

r_qn[21]
[ [-1  1  4] [1 1 4] [-1  0  2] [0 0 1] [0 0 1] [0 0 1] ]
[ [1 1 4] [-1  0  2] [ 1 -1  4] [0 0 1] [0 0 1] [0 0 1] ]
[ [-1  0  2] [ 1 -1  4] [-1 -1  4] [0 0 1] [0 0 1] [0 0 1] ]
[ [0 0 1] [0 0 1] [0 0 1] [-1 -1  4] [ 1 -1  4] [-1  0  2] ]
[ [0 0 1] [0 0 1] [0 0 1] [ 1 -1  4] [-1  0  2] [1 1 4] ]
[ [0 0 1] [0 0 1] [0 0 1] [-1  0  2] [1 1 4] [-1  1  4] ]

r_qn[22]
[ [0 0 1] [1 0 1] [0 0 1] [0 0 1] [0 0 1] [0 0 1] ]
[ [0 0 1] [0 0 1] [-1  0  1] [0 0 1] [0 0 1] [0 0 1] ]
[ [-1  0  1] [0 0 1] [0 0 1] [0 0 1] [0 0 1] [0 0 1] ]
[ [0 0 1] [0 0 1] [0 0 1] [0 0 1] [1 0 1] [0 0 1] ]
[ [0 0 1] [0 0 1] [0 0 1] [0 0 1] [0 0 1] [-1  0  1] ]
[ [0 0 1] [0 0 1] [0 0 1] [-1  0  1] [0 0 1] [0 0 1] ]

r_qn[23]
[ [-1  1  4] [1 1 4] [1 0 2] [0 0 1] [0 0 1] [0 0 1] ]
[ [-1 -1  4] [1 0 2] [ 1 -1  4] [0 0 1] [0 0 1] [0 0 1] ]
[ [-1  0  2] [ 1 -1  4] [1 1 4] [0 0 1] [0 0 1] [0 0 1] ]
[ [0 0 1] [0 0 1] [0 0 1] [-1 -1  4] [ 1 -1  4] [1 0 2] ]
[ [0 0 1] [0 0 1] [0 0 1] [-1  1  4] [1 0 2] [1 1 4] ]
[ [0 0 1] [0 0 1] [0 0 1] [-1  0  2] [1 1 4] [ 1 -1  4] ]

r_qn[24]
[ [1 1 4] [1 0 2] [-1  1  4] [0 0 1] [0 0 1] [0 0 1] ]
[ [-1  0  2] [-1  1  4] [1 1 4] [0 0 1] [0 0 1] [0 0 1] ]
[ [-1  1  4] [-1 -1  4] [1 0 2] [0 0 1] [0 0 1] [0 0 1] ]
[ [0 0 1] [0 0 1] [0 0 1] [ 1 -1  4] [1 0 2] [-1 -1  4] ]
[ [0 0 1] [0 0 1] [0 0 1] [-1  0  2] [-1 -1  4] [ 1 -1  4] ]
[ [0 0 1] [0 0 1] [0 0 1] [-1 -1  4] [-1  1  4] [1 0 2] ]

r_qn[25]
[ [ 1 -1  4] [-1 -1  4] [-1  0  2] [0 0 1] [0 0 1] [0 0 1] ]
[ [-1 -1  4] [1 0 2] [ 1 -1  4] [0 0 1] [0 0 1] [0 0 1] ]
[ [1 0 2] [-1  1  4] [-1 -1  4] [0 0 1] [0 0 1] [0 0 1] ]
[ [0 0 1] [0 0 1] [0 0 1] [1 1 4] [-1  1  4] [-1  0  2] ]
[ [0 0 1] [0 0 1] [0 0 1] [-1  1  4] [1 0 2] [1 1 4] ]
[ [0 0 1] [0 0 1] [0 0 1] [1 0 2] [-1 -1  4] [-1  1  4] ]

r_qn[26]
[ [-1 -1  4] [-1  0  2] [ 1 -1  4] [0 0 1] [0 0 1] [0 0 1] ]
[ [-1  0  2] [-1  1  4] [1 1 4] [0 0 1] [0 0 1] [0 0 1] ]
[ [ 1 -1  4] [1 1 4] [-1  0  2] [0 0 1] [0 0 1] [0 0 1] ]
[ [0 0 1] [0 0 1] [0 0 1] [-1  1  4] [-1  0  2] [1 1 4] ]
[ [0 0 1] [0 0 1] [0 0 1] [-1  0  2] [-1 -1  4] [ 1 -1  4] ]
[ [0 0 1] [0 0 1] [0 0 1] [1 1 4] [ 1 -1  4] [-1  0  2] ]

r_qn[27]
[ [-1 -1  4] [-1  0  2] [-1  1  4] [0 0 1] [0 0 1] [0 0 1] ]
[ [1 0 2] [ 1 -1  4] [1 1 4] [0 0 1] [0 0 1] [0 0 1] ]
[ [ 1 -1  4] [1 1 4] [1 0 2] [0 0 1] [0 0 1] [0 0 1] ]
[ [0 0 1] [0 0 1] [0 0 1] [-1  1  4] [-1  0  2] [-1 -1  4] ]
[ [0 0 1] [0 0 1] [0 0 1] [1 0 2] [1 1 4] [ 1 -1  4] ]
[ [0 0 1] [0 0 1] [0 0 1] [1 1 4] [ 1 -1  4] [1 0 2] ]

r_qn[28]
[ [ 1 -1  4] [-1 -1  4] [1 0 2] [0 0 1] [0 0 1] [0 0 1] ]
[ [1 1 4] [-1  0  2] [ 1 -1  4] [0 0 1] [0 0 1] [0 0 1] ]
[ [1 0 2] [-1  1  4] [1 1 4] [0 0 1] [0 0 1] [0 0 1] ]
[ [0 0 1] [0 0 1] [0 0 1] [1 1 4] [-1  1  4] [1 0 2] ]
[ [0 0 1] [0 0 1] [0 0 1] [ 1 -1  4] [-1  0  2] [1 1 4] ]
[ [0 0 1] [0 0 1] [0 0 1] [1 0 2] [-1 -1  4] [ 1 -1  4] ]

r_qn[29]
[ [0 0 1] [-1  0  1] [0 0 1] [0 0 1] [0 0 1] [0 0 1] ]
[ [0 0 1] [0 0 1] [-1  0  1] [0 0 1] [0 0 1] [0 0 1] ]
[ [1 0 1] [0 0 1] [0 0 1] [0 0 1] [0 0 1] [0 0 1] ]
[ [0 0 1] [0 0 1] [0 0 1] [0 0 1] [-1  0  1] [0 0 1] ]
[ [0 0 1] [0 0 1] [0 0 1] [0 0 1] [0 0 1] [-1  0  1] ]
[ [0 0 1] [0 0 1] [0 0 1] [1 0 1] [0 0 1] [0 0 1] ]

r_qn[30]
[ [0 0 1] [0 0 1] [-1  0  1] [0 0 1] [0 0 1] [0 0 1] ]
[ [-1  0  1] [0 0 1] [0 0 1] [0 0 1] [0 0 1] [0 0 1] ]
[ [0 0 1] [1 0 1] [0 0 1] [0 0 1] [0 0 1] [0 0 1] ]
[ [0 0 1] [0 0 1] [0 0 1] [0 0 1] [0 0 1] [-1  0  1] ]
[ [0 0 1] [0 0 1] [0 0 1] [-1  0  1] [0 0 1] [0 0 1] ]
[ [0 0 1] [0 0 1] [0 0 1] [0 0 1] [1 0 1] [0 0 1] ]

r_qn[31]
[ [-1 -1  4] [1 0 2] [ 1 -1  4] [0 0 1] [0 0 1] [0 0 1] ]
[ [-1  0  2] [ 1 -1  4] [1 1 4] [0 0 1] [0 0 1] [0 0 1] ]
[ [-1  1  4] [1 1 4] [1 0 2] [0 0 1] [0 0 1] [0 0 1] ]
[ [0 0 1] [0 0 1] [0 0 1] [-1  1  4] [1 0 2] [1 1 4] ]
[ [0 0 1] [0 0 1] [0 0 1] [-1  0  2] [1 1 4] [ 1 -1  4] ]
[ [0 0 1] [0 0 1] [0 0 1] [-1 -1  4] [ 1 -1  4] [1 0 2] ]

r_qn[32]
[ [-1  0  2] [-1  1  4] [1 1 4] [0 0 1] [0 0 1] [0 0 1] ]
[ [-1  1  4] [-1 -1  4] [1 0 2] [0 0 1] [0 0 1] [0 0 1] ]
[ [1 1 4] [1 0 2] [-1  1  4] [0 0 1] [0 0 1] [0 0 1] ]
[ [0 0 1] [0 0 1] [0 0 1] [-1  0  2] [-1 -1  4] [ 1 -1  4] ]
[ [0 0 1] [0 0 1] [0 0 1] [-1 -1  4] [-1  1  4] [1 0 2] ]
[ [0 0 1] [0 0 1] [0 0 1] [ 1 -1  4] [1 0 2] [-1 -1  4] ]

r_qn[33]
[ [1 0 2] [ 1 -1  4] [1 1 4] [0 0 1] [0 0 1] [0 0 1] ]
[ [-1  1  4] [-1 -1  4] [-1  0  2] [0 0 1] [0 0 1] [0 0 1] ]
[ [1 1 4] [1 0 2] [ 1 -1  4] [0 0 1] [0 0 1] [0 0 1] ]
[ [0 0 1] [0 0 1] [0 0 1] [1 0 2] [1 1 4] [ 1 -1  4] ]
[ [0 0 1] [0 0 1] [0 0 1] [-1 -1  4] [-1  1  4] [-1  0  2] ]
[ [0 0 1] [0 0 1] [0 0 1] [ 1 -1  4] [1 0 2] [1 1 4] ]

r_qn[34]
[ [1 1 4] [-1  0  2] [ 1 -1  4] [0 0 1] [0 0 1] [0 0 1] ]
[ [-1  0  2] [ 1 -1  4] [-1 -1  4] [0 0 1] [0 0 1] [0 0 1] ]
[ [-1  1  4] [1 1 4] [-1  0  2] [0 0 1] [0 0 1] [0 0 1] ]
[ [0 0 1] [0 0 1] [0 0 1] [ 1 -1  4] [-1  0  2] [1 1 4] ]
[ [0 0 1] [0 0 1] [0 0 1] [-1  0  2] [1 1 4] [-1  1  4] ]
[ [0 0 1] [0 0 1] [0 0 1] [-1 -1  4] [ 1 -1  4] [-1  0  2] ]

r_qn[35]
[ [1 1 4] [-1  0  2] [ 1 -1  4] [0 0 1] [0 0 1] [0 0 1] ]
[ [1 0 2] [-1  1  4] [1 1 4] [0 0 1] [0 0 1] [0 0 1] ]
[ [ 1 -1  4] [-1 -1  4] [1 0 2] [0 0 1] [0 0 1] [0 0 1] ]
[ [0 0 1] [0 0 1] [0 0 1] [ 1 -1  4] [-1  0  2] [1 1 4] ]
[ [0 0 1] [0 0 1] [0 0 1] [1 0 2] [-1 -1  4] [ 1 -1  4] ]
[ [0 0 1] [0 0 1] [0 0 1] [1 1 4] [-1  1  4] [1 0 2] ]

r_qn[36]
[ [0 0 1] [0 0 1] [-1  0  1] [0 0 1] [0 0 1] [0 0 1] ]
[ [1 0 1] [0 0 1] [0 0 1] [0 0 1] [0 0 1] [0 0 1] ]
[ [0 0 1] [-1  0  1] [0 0 1] [0 0 1] [0 0 1] [0 0 1] ]
[ [0 0 1] [0 0 1] [0 0 1] [0 0 1] [0 0 1] [-1  0  1] ]
[ [0 0 1] [0 0 1] [0 0 1] [1 0 1] [0 0 1] [0 0 1] ]
[ [0 0 1] [0 0 1] [0 0 1] [0 0 1] [-1  0  1] [0 0 1] ]

r_qn[37]
[ [-1 -1  4] [1 0 2] [ 1 -1  4] [0 0 1] [0 0 1] [0 0 1] ]
[ [1 0 2] [-1  1  4] [-1 -1  4] [0 0 1] [0 0 1] [0 0 1] ]
[ [ 1 -1  4] [-1 -1  4] [-1  0  2] [0 0 1] [0 0 1] [0 0 1] ]
[ [0 0 1] [0 0 1] [0 0 1] [-1  1  4] [1 0 2] [1 1 4] ]
[ [0 0 1] [0 0 1] [0 0 1] [1 0 2] [-1 -1  4] [-1  1  4] ]
[ [0 0 1] [0 0 1] [0 0 1] [1 1 4] [-1  1  4] [-1  0  2] ]

r_qn[38]
[ [-1  0  2] [-1  1  4] [1 1 4] [0 0 1] [0 0 1] [0 0 1] ]
[ [ 1 -1  4] [1 1 4] [-1  0  2] [0 0 1] [0 0 1] [0 0 1] ]
[ [-1 -1  4] [-1  0  2] [ 1 -1  4] [0 0 1] [0 0 1] [0 0 1] ]
[ [0 0 1] [0 0 1] [0 0 1] [-1  0  2] [-1 -1  4] [ 1 -1  4] ]
[ [0 0 1] [0 0 1] [0 0 1] [1 1 4] [ 1 -1  4] [-1  0  2] ]
[ [0 0 1] [0 0 1] [0 0 1] [-1  1  4] [-1  0  2] [1 1 4] ]

r_qn[39]
[ [1 0 2] [ 1 -1  4] [1 1 4] [0 0 1] [0 0 1] [0 0 1] ]
[ [ 1 -1  4] [1 1 4] [1 0 2] [0 0 1] [0 0 1] [0 0 1] ]
[ [-1 -1  4] [-1  0  2] [-1  1  4] [0 0 1] [0 0 1] [0 0 1] ]
[ [0 0 1] [0 0 1] [0 0 1] [1 0 2] [1 1 4] [ 1 -1  4] ]
[ [0 0 1] [0 0 1] [0 0 1] [1 1 4] [ 1 -1  4] [1 0 2] ]
[ [0 0 1] [0 0 1] [0 0 1] [-1  1  4] [-1  0  2] [-1 -1  4] ]

r_qn[40]
[ [1 1 4] [1 0 2] [-1  1  4] [0 0 1] [0 0 1] [0 0 1] ]
[ [1 0 2] [ 1 -1  4] [-1 -1  4] [0 0 1] [0 0 1] [0 0 1] ]
[ [ 1 -1  4] [1 1 4] [-1  0  2] [0 0 1] [0 0 1] [0 0 1] ]
[ [0 0 1] [0 0 1] [0 0 1] [ 1 -1  4] [1 0 2] [-1 -1  4] ]
[ [0 0 1] [0 0 1] [0 0 1] [1 0 2] [1 1 4] [-1  1  4] ]
[ [0 0 1] [0 0 1] [0 0 1] [1 1 4] [ 1 -1  4] [-1  0  2] ]

r_qn[41]
[ [1 1 4] [1 0 2] [ 1 -1  4] [0 0 1] [0 0 1] [0 0 1] ]
[ [-1  0  2] [-1  1  4] [-1 -1  4] [0 0 1] [0 0 1] [0 0 1] ]
[ [ 1 -1  4] [1 1 4] [1 0 2] [0 0 1] [0 0 1] [0 0 1] ]
[ [0 0 1] [0 0 1] [0 0 1] [ 1 -1  4] [1 0 2] [1 1 4] ]
[ [0 0 1] [0 0 1] [0 0 1] [-1  0  2] [-1 -1  4] [-1  1  4] ]
[ [0 0 1] [0 0 1] [0 0 1] [1 1 4] [ 1 -1  4] [1 0 2] ]

r_qn[42]
[ [-1  1  4] [1 1 4] [-1  0  2] [0 0 1] [0 0 1] [0 0 1] ]
[ [-1 -1  4] [1 0 2] [-1  1  4] [0 0 1] [0 0 1] [0 0 1] ]
[ [1 0 2] [-1  1  4] [1 1 4] [0 0 1] [0 0 1] [0 0 1] ]
[ [0 0 1] [0 0 1] [0 0 1] [-1 -1  4] [ 1 -1  4] [-1  0  2] ]
[ [0 0 1] [0 0 1] [0 0 1] [-1  1  4] [1 0 2] [-1 -1  4] ]
[ [0 0 1] [0 0 1] [0 0 1] [1 0 2] [-1 -1  4] [ 1 -1  4] ]

r_qn[43]
[ [0 0 1] [1 0 1] [0 0 1] [0 0 1] [0 0 1] [0 0 1] ]
[ [0 0 1] [0 0 1] [1 0 1] [0 0 1] [0 0 1] [0 0 1] ]
[ [1 0 1] [0 0 1] [0 0 1] [0 0 1] [0 0 1] [0 0 1] ]
[ [0 0 1] [0 0 1] [0 0 1] [0 0 1] [1 0 1] [0 0 1] ]
[ [0 0 1] [0 0 1] [0 0 1] [0 0 1] [0 0 1] [1 0 1] ]
[ [0 0 1] [0 0 1] [0 0 1] [1 0 1] [0 0 1] [0 0 1] ]

r_qn[44]
[ [-1  1  4] [1 1 4] [1 0 2] [0 0 1] [0 0 1] [0 0 1] ]
[ [1 1 4] [-1  0  2] [-1  1  4] [0 0 1] [0 0 1] [0 0 1] ]
[ [1 0 2] [-1  1  4] [-1 -1  4] [0 0 1] [0 0 1] [0 0 1] ]
[ [0 0 1] [0 0 1] [0 0 1] [-1 -1  4] [ 1 -1  4] [1 0 2] ]
[ [0 0 1] [0 0 1] [0 0 1] [ 1 -1  4] [-1  0  2] [-1 -1  4] ]
[ [0 0 1] [0 0 1] [0 0 1] [1 0 2] [-1 -1  4] [-1  1  4] ]

r_qn[45]
[ [-1 -1  4] [-1  0  2] [ 1 -1  4] [0 0 1] [0 0 1] [0 0 1] ]
[ [1 0 2] [ 1 -1  4] [-1 -1  4] [0 0 1] [0 0 1] [0 0 1] ]
[ [-1  1  4] [-1 -1  4] [1 0 2] [0 0 1] [0 0 1] [0 0 1] ]
[ [0 0 1] [0 0 1] [0 0 1] [-1  1  4] [-1  0  2] [1 1 4] ]
[ [0 0 1] [0 0 1] [0 0 1] [1 0 2] [1 1 4] [-1  1  4] ]
[ [0 0 1] [0 0 1] [0 0 1] [-1 -1  4] [-1  1  4] [1 0 2] ]

r_qn[46]
[ [-1 -1  4] [-1  0  2] [-1  1  4] [0 0 1] [0 0 1] [0 0 1] ]
[ [-1  0  2] [-1  1  4] [-1 -1  4] [0 0 1] [0 0 1] [0 0 1] ]
[ [-1  1  4] [-1 -1  4] [-1  0  2] [0 0 1] [0 0 1] [0 0 1] ]
[ [0 0 1] [0 0 1] [0 0 1] [-1  1  4] [-1  0  2] [-1 -1  4] ]
[ [0 0 1] [0 0 1] [0 0 1] [-1  0  2] [-1 -1  4] [-1  1  4] ]
[ [0 0 1] [0 0 1] [0 0 1] [-1 -1  4] [-1  1  4] [-1  0  2] ]

r_qn[47]
[ [ 1 -1  4] [-1 -1  4] [1 0 2] [0 0 1] [0 0 1] [0 0 1] ]
[ [-1 -1  4] [1 0 2] [-1  1  4] [0 0 1] [0 0 1] [0 0 1] ]
[ [-1  0  2] [ 1 -1  4] [-1 -1  4] [0 0 1] [0 0 1] [0 0 1] ]
[ [0 0 1] [0 0 1] [0 0 1] [1 1 4] [-1  1  4] [1 0 2] ]
[ [0 0 1] [0 0 1] [0 0 1] [-1  1  4] [1 0 2] [-1 -1  4] ]
[ [0 0 1] [0 0 1] [0 0 1] [-1  0  2] [1 1 4] [-1  1  4] ]

r_qn[48]
[ [0 0 1] [-1  0  1] [0 0 1] [0 0 1] [0 0 1] [0 0 1] ]
[ [0 0 1] [0 0 1] [1 0 1] [0 0 1] [0 0 1] [0 0 1] ]
[ [-1  0  1] [0 0 1] [0 0 1] [0 0 1] [0 0 1] [0 0 1] ]
[ [0 0 1] [0 0 1] [0 0 1] [0 0 1] [-1  0  1] [0 0 1] ]
[ [0 0 1] [0 0 1] [0 0 1] [0 0 1] [0 0 1] [1 0 1] ]
[ [0 0 1] [0 0 1] [0 0 1] [-1  0  1] [0 0 1] [0 0 1] ]

r_qn[49]
[ [ 1 -1  4] [-1 -1  4] [-1  0  2] [0 0 1] [0 0 1] [0 0 1] ]
[ [1 1 4] [-1  0  2] [-1  1  4] [0 0 1] [0 0 1] [0 0 1] ]
[ [-1  0  2] [ 1 -1  4] [1 1 4] [0 0 1] [0 0 1] [0 0 1] ]
[ [0 0 1] [0 0 1] [0 0 1] [1 1 4] [-1  1  4] [-1  0  2] ]
[ [0 0 1] [0 0 1] [0 0 1] [ 1 -1  4] [-1  0  2] [-1 -1  4] ]
[ [0 0 1] [0 0 1] [0 0 1] [-1  0  2] [1 1 4] [ 1 -1  4] ]

r_qn[50]
[ [-1  0  2] [ 1 -1  4] [-1 -1  4] [0 0 1] [0 0 1] [0 0 1] ]
[ [-1  1  4] [1 1 4] [-1  0  2] [0 0 1] [0 0 1] [0 0 1] ]
[ [1 1 4] [-1  0  2] [ 1 -1  4] [0 0 1] [0 0 1] [0 0 1] ]
[ [0 0 1] [0 0 1] [0 0 1] [-1  0  2] [1 1 4] [-1  1  4] ]
[ [0 0 1] [0 0 1] [0 0 1] [-1 -1  4] [ 1 -1  4] [-1  0  2] ]
[ [0 0 1] [0 0 1] [0 0 1] [ 1 -1  4] [-1  0  2] [1 1 4] ]

r_qn[51]
[ [-1  0  1] [0 0 1] [0 0 1] [0 0 1] [0 0 1] [0 0 1] ]
[ [0 0 1] [1 0 1] [0 0 1] [0 0 1] [0 0 1] [0 0 1] ]
[ [0 0 1] [0 0 1] [-1  0  1] [0 0 1] [0 0 1] [0 0 1] ]
[ [0 0 1] [0 0 1] [0 0 1] [-1  0  1] [0 0 1] [0 0 1] ]
[ [0 0 1] [0 0 1] [0 0 1] [0 0 1] [1 0 1] [0 0 1] ]
[ [0 0 1] [0 0 1] [0 0 1] [0 0 1] [0 0 1] [-1  0  1] ]

r_qn[52]
[ [-1  0  2] [ 1 -1  4] [1 1 4] [0 0 1] [0 0 1] [0 0 1] ]
[ [-1  1  4] [1 1 4] [1 0 2] [0 0 1] [0 0 1] [0 0 1] ]
[ [-1 -1  4] [1 0 2] [ 1 -1  4] [0 0 1] [0 0 1] [0 0 1] ]
[ [0 0 1] [0 0 1] [0 0 1] [-1  0  2] [1 1 4] [ 1 -1  4] ]
[ [0 0 1] [0 0 1] [0 0 1] [-1 -1  4] [ 1 -1  4] [1 0 2] ]
[ [0 0 1] [0 0 1] [0 0 1] [-1  1  4] [1 0 2] [1 1 4] ]

r_qn[53]
[ [-1  1  4] [-1 -1  4] [1 0 2] [0 0 1] [0 0 1] [0 0 1] ]
[ [1 1 4] [1 0 2] [-1  1  4] [0 0 1] [0 0 1] [0 0 1] ]
[ [-1  0  2] [-1  1  4] [1 1 4] [0 0 1] [0 0 1] [0 0 1] ]
[ [0 0 1] [0 0 1] [0 0 1] [-1 -1  4] [-1  1  4] [1 0 2] ]
[ [0 0 1] [0 0 1] [0 0 1] [ 1 -1  4] [1 0 2] [-1 -1  4] ]
[ [0 0 1] [0 0 1] [0 0 1] [-1  0  2] [-1 -1  4] [ 1 -1  4] ]

r_qn[54]
[ [-1  1  4] [-1 -1  4] [-1  0  2] [0 0 1] [0 0 1] [0 0 1] ]
[ [1 1 4] [1 0 2] [ 1 -1  4] [0 0 1] [0 0 1] [0 0 1] ]
[ [1 0 2] [ 1 -1  4] [1 1 4] [0 0 1] [0 0 1] [0 0 1] ]
[ [0 0 1] [0 0 1] [0 0 1] [-1 -1  4] [-1  1  4] [-1  0  2] ]
[ [0 0 1] [0 0 1] [0 0 1] [ 1 -1  4] [1 0 2] [1 1 4] ]
[ [0 0 1] [0 0 1] [0 0 1] [1 0 2] [1 1 4] [ 1 -1  4] ]

r_qn[55]
[ [1 0 1] [0 0 1] [0 0 1] [0 0 1] [0 0 1] [0 0 1] ]
[ [0 0 1] [-1  0  1] [0 0 1] [0 0 1] [0 0 1] [0 0 1] ]
[ [0 0 1] [0 0 1] [-1  0  1] [0 0 1] [0 0 1] [0 0 1] ]
[ [0 0 1] [0 0 1] [0 0 1] [1 0 1] [0 0 1] [0 0 1] ]
[ [0 0 1] [0 0 1] [0 0 1] [0 0 1] [-1  0  1] [0 0 1] ]
[ [0 0 1] [0 0 1] [0 0 1] [0 0 1] [0 0 1] [-1  0  1] ]

r_qn[56]
[ [1 0 2] [-1  1  4] [-1 -1  4] [0 0 1] [0 0 1] [0 0 1] ]
[ [ 1 -1  4] [-1 -1  4] [-1  0  2] [0 0 1] [0 0 1] [0 0 1] ]
[ [-1 -1  4] [1 0 2] [ 1 -1  4] [0 0 1] [0 0 1] [0 0 1] ]
[ [0 0 1] [0 0 1] [0 0 1] [1 0 2] [-1 -1  4] [-1  1  4] ]
[ [0 0 1] [0 0 1] [0 0 1] [1 1 4] [-1  1  4] [-1  0  2] ]
[ [0 0 1] [0 0 1] [0 0 1] [-1  1  4] [1 0 2] [1 1 4] ]

r_qn[57]
[ [ 1 -1  4] [1 1 4] [-1  0  2] [0 0 1] [0 0 1] [0 0 1] ]
[ [-1 -1  4] [-1  0  2] [ 1 -1  4] [0 0 1] [0 0 1] [0 0 1] ]
[ [-1  0  2] [-1  1  4] [1 1 4] [0 0 1] [0 0 1] [0 0 1] ]
[ [0 0 1] [0 0 1] [0 0 1] [1 1 4] [ 1 -1  4] [-1  0  2] ]
[ [0 0 1] [0 0 1] [0 0 1] [-1  1  4] [-1  0  2] [1 1 4] ]
[ [0 0 1] [0 0 1] [0 0 1] [-1  0  2] [-1 -1  4] [ 1 -1  4] ]

r_qn[58]
[ [ 1 -1  4] [1 1 4] [1 0 2] [0 0 1] [0 0 1] [0 0 1] ]
[ [-1 -1  4] [-1  0  2] [-1  1  4] [0 0 1] [0 0 1] [0 0 1] ]
[ [1 0 2] [ 1 -1  4] [1 1 4] [0 0 1] [0 0 1] [0 0 1] ]
[ [0 0 1] [0 0 1] [0 0 1] [1 1 4] [ 1 -1  4] [1 0 2] ]
[ [0 0 1] [0 0 1] [0 0 1] [-1  1  4] [-1  0  2] [-1 -1  4] ]
[ [0 0 1] [0 0 1] [0 0 1] [1 0 2] [1 1 4] [ 1 -1  4] ]

r_qn[59]
[ [1 0 2] [-1  1  4] [1 1 4] [0 0 1] [0 0 1] [0 0 1] ]
[ [ 1 -1  4] [-1 -1  4] [1 0 2] [0 0 1] [0 0 1] [0 0 1] ]
[ [1 1 4] [-1  0  2] [ 1 -1  4] [0 0 1] [0 0 1] [0 0 1] ]
[ [0 0 1] [0 0 1] [0 0 1] [1 0 2] [-1 -1  4] [ 1 -1  4] ]
[ [0 0 1] [0 0 1] [0 0 1] [1 1 4] [-1  1  4] [1 0 2] ]
[ [0 0 1] [0 0 1] [0 0 1] [ 1 -1  4] [-1  0  2] [1 1 4] ]

r_qn[60]
[ [-1  0  1] [0 0 1] [0 0 1] [0 0 1] [0 0 1] [0 0 1] ]
[ [0 0 1] [-1  0  1] [0 0 1] [0 0 1] [0 0 1] [0 0 1] ]
[ [0 0 1] [0 0 1] [-1  0  1] [0 0 1] [0 0 1] [0 0 1] ]
[ [0 0 1] [0 0 1] [0 0 1] [-1  0  1] [0 0 1] [0 0 1] ]
[ [0 0 1] [0 0 1] [0 0 1] [0 0 1] [-1  0  1] [0 0 1] ]
[ [0 0 1] [0 0 1] [0 0 1] [0 0 1] [0 0 1] [-1  0  1] ]

r_qn[61]
[ [-1  0  2] [ 1 -1  4] [1 1 4] [0 0 1] [0 0 1] [0 0 1] ]
[ [ 1 -1  4] [-1 -1  4] [-1  0  2] [0 0 1] [0 0 1] [0 0 1] ]
[ [-1 -1  4] [1 0 2] [ 1 -1  4] [0 0 1] [0 0 1] [0 0 1] ]
[ [0 0 1] [0 0 1] [0 0 1] [-1  0  2] [1 1 4] [ 1 -1  4] ]
[ [0 0 1] [0 0 1] [0 0 1] [1 1 4] [-1  1  4] [-1  0  2] ]
[ [0 0 1] [0 0 1] [0 0 1] [-1  1  4] [1 0 2] [1 1 4] ]

r_qn[62]
[ [-1  1  4] [-1 -1  4] [1 0 2] [0 0 1] [0 0 1] [0 0 1] ]
[ [-1 -1  4] [-1  0  2] [ 1 -1  4] [0 0 1] [0 0 1] [0 0 1] ]
[ [-1  0  2] [-1  1  4] [1 1 4] [0 0 1] [0 0 1] [0 0 1] ]
[ [0 0 1] [0 0 1] [0 0 1] [-1 -1  4] [-1  1  4] [1 0 2] ]
[ [0 0 1] [0 0 1] [0 0 1] [-1  1  4] [-1  0  2] [1 1 4] ]
[ [0 0 1] [0 0 1] [0 0 1] [-1  0  2] [-1 -1  4] [ 1 -1  4] ]

r_qn[63]
[ [-1  1  4] [-1 -1  4] [-1  0  2] [0 0 1] [0 0 1] [0 0 1] ]
[ [-1 -1  4] [-1  0  2] [-1  1  4] [0 0 1] [0 0 1] [0 0 1] ]
[ [1 0 2] [ 1 -1  4] [1 1 4] [0 0 1] [0 0 1] [0 0 1] ]
[ [0 0 1] [0 0 1] [0 0 1] [-1 -1  4] [-1  1  4] [-1  0  2] ]
[ [0 0 1] [0 0 1] [0 0 1] [-1  1  4] [-1  0  2] [-1 -1  4] ]
[ [0 0 1] [0 0 1] [0 0 1] [1 0 2] [1 1 4] [ 1 -1  4] ]

r_qn[64]
[ [-1  0  2] [ 1 -1  4] [-1 -1  4] [0 0 1] [0 0 1] [0 0 1] ]
[ [ 1 -1  4] [-1 -1  4] [1 0 2] [0 0 1] [0 0 1] [0 0 1] ]
[ [1 1 4] [-1  0  2] [ 1 -1  4] [0 0 1] [0 0 1] [0 0 1] ]
[ [0 0 1] [0 0 1] [0 0 1] [-1  0  2] [1 1 4] [-1  1  4] ]
[ [0 0 1] [0 0 1] [0 0 1] [1 1 4] [-1  1  4] [1 0 2] ]
[ [0 0 1] [0 0 1] [0 0 1] [ 1 -1  4] [-1  0  2] [1 1 4] ]

r_qn[65]
[ [1 0 2] [-1  1  4] [1 1 4] [0 0 1] [0 0 1] [0 0 1] ]
[ [-1  1  4] [1 1 4] [-1  0  2] [0 0 1] [0 0 1] [0 0 1] ]
[ [1 1 4] [-1  0  2] [ 1 -1  4] [0 0 1] [0 0 1] [0 0 1] ]
[ [0 0 1] [0 0 1] [0 0 1] [1 0 2] [-1 -1  4] [ 1 -1  4] ]
[ [0 0 1] [0 0 1] [0 0 1] [-1 -1  4] [ 1 -1  4] [-1  0  2] ]
[ [0 0 1] [0 0 1] [0 0 1] [ 1 -1  4] [-1  0  2] [1 1 4] ]

r_qn[66]
[ [1 0 1] [0 0 1] [0 0 1] [0 0 1] [0 0 1] [0 0 1] ]
[ [0 0 1] [1 0 1] [0 0 1] [0 0 1] [0 0 1] [0 0 1] ]
[ [0 0 1] [0 0 1] [-1  0  1] [0 0 1] [0 0 1] [0 0 1] ]
[ [0 0 1] [0 0 1] [0 0 1] [1 0 1] [0 0 1] [0 0 1] ]
[ [0 0 1] [0 0 1] [0 0 1] [0 0 1] [1 0 1] [0 0 1] ]
[ [0 0 1] [0 0 1] [0 0 1] [0 0 1] [0 0 1] [-1  0  1] ]

r_qn[67]
[ [1 0 2] [-1  1  4] [-1 -1  4] [0 0 1] [0 0 1] [0 0 1] ]
[ [-1  1  4] [1 1 4] [1 0 2] [0 0 1] [0 0 1] [0 0 1] ]
[ [-1 -1  4] [1 0 2] [ 1 -1  4] [0 0 1] [0 0 1] [0 0 1] ]
[ [0 0 1] [0 0 1] [0 0 1] [1 0 2] [-1 -1  4] [-1  1  4] ]
[ [0 0 1] [0 0 1] [0 0 1] [-1 -1  4] [ 1 -1  4] [1 0 2] ]
[ [0 0 1] [0 0 1] [0 0 1] [-1  1  4] [1 0 2] [1 1 4] ]

r_qn[68]
[ [ 1 -1  4] [1 1 4] [-1  0  2] [0 0 1] [0 0 1] [0 0 1] ]
[ [1 1 4] [1 0 2] [-1  1  4] [0 0 1] [0 0 1] [0 0 1] ]
[ [-1  0  2] [-1  1  4] [1 1 4] [0 0 1] [0 0 1] [0 0 1] ]
[ [0 0 1] [0 0 1] [0 0 1] [1 1 4] [ 1 -1  4] [-1  0  2] ]
[ [0 0 1] [0 0 1] [0 0 1] [ 1 -1  4] [1 0 2] [-1 -1  4] ]
[ [0 0 1] [0 0 1] [0 0 1] [-1  0  2] [-1 -1  4] [ 1 -1  4] ]

r_qn[69]
[ [ 1 -1  4] [1 1 4] [1 0 2] [0 0 1] [0 0 1] [0 0 1] ]
[ [1 1 4] [1 0 2] [ 1 -1  4] [0 0 1] [0 0 1] [0 0 1] ]
[ [1 0 2] [ 1 -1  4] [1 1 4] [0 0 1] [0 0 1] [0 0 1] ]
[ [0 0 1] [0 0 1] [0 0 1] [1 1 4] [ 1 -1  4] [1 0 2] ]
[ [0 0 1] [0 0 1] [0 0 1] [ 1 -1  4] [1 0 2] [1 1 4] ]
[ [0 0 1] [0 0 1] [0 0 1] [1 0 2] [1 1 4] [ 1 -1  4] ]

r_qn[70]
[ [1 0 2] [ 1 -1  4] [1 1 4] [0 0 1] [0 0 1] [0 0 1] ]
[ [ 1 -1  4] [1 1 4] [1 0 2] [0 0 1] [0 0 1] [0 0 1] ]
[ [1 1 4] [1 0 2] [ 1 -1  4] [0 0 1] [0 0 1] [0 0 1] ]
[ [0 0 1] [0 0 1] [0 0 1] [1 0 2] [1 1 4] [ 1 -1  4] ]
[ [0 0 1] [0 0 1] [0 0 1] [1 1 4] [ 1 -1  4] [1 0 2] ]
[ [0 0 1] [0 0 1] [0 0 1] [ 1 -1  4] [1 0 2] [1 1 4] ]

r_qn[71]
[ [1 1 4] [-1  0  2] [ 1 -1  4] [0 0 1] [0 0 1] [0 0 1] ]
[ [1 0 2] [-1  1  4] [1 1 4] [0 0 1] [0 0 1] [0 0 1] ]
[ [-1  1  4] [1 1 4] [-1  0  2] [0 0 1] [0 0 1] [0 0 1] ]
[ [0 0 1] [0 0 1] [0 0 1] [ 1 -1  4] [-1  0  2] [1 1 4] ]
[ [0 0 1] [0 0 1] [0 0 1] [1 0 2] [-1 -1  4] [ 1 -1  4] ]
[ [0 0 1] [0 0 1] [0 0 1] [-1 -1  4] [ 1 -1  4] [-1  0  2] ]

r_qn[72]
[ [0 0 1] [0 0 1] [-1  0  1] [0 0 1] [0 0 1] [0 0 1] ]
[ [1 0 1] [0 0 1] [0 0 1] [0 0 1] [0 0 1] [0 0 1] ]
[ [0 0 1] [1 0 1] [0 0 1] [0 0 1] [0 0 1] [0 0 1] ]
[ [0 0 1] [0 0 1] [0 0 1] [0 0 1] [0 0 1] [-1  0  1] ]
[ [0 0 1] [0 0 1] [0 0 1] [1 0 1] [0 0 1] [0 0 1] ]
[ [0 0 1] [0 0 1] [0 0 1] [0 0 1] [1 0 1] [0 0 1] ]

r_qn[73]
[ [-1 -1  4] [1 0 2] [ 1 -1  4] [0 0 1] [0 0 1] [0 0 1] ]
[ [1 0 2] [-1  1  4] [-1 -1  4] [0 0 1] [0 0 1] [0 0 1] ]
[ [-1  1  4] [1 1 4] [1 0 2] [0 0 1] [0 0 1] [0 0 1] ]
[ [0 0 1] [0 0 1] [0 0 1] [-1  1  4] [1 0 2] [1 1 4] ]
[ [0 0 1] [0 0 1] [0 0 1] [1 0 2] [-1 -1  4] [-1  1  4] ]
[ [0 0 1] [0 0 1] [0 0 1] [-1 -1  4] [ 1 -1  4] [1 0 2] ]

r_qn[74]
[ [-1  0  2] [-1  1  4] [1 1 4] [0 0 1] [0 0 1] [0 0 1] ]
[ [ 1 -1  4] [1 1 4] [-1  0  2] [0 0 1] [0 0 1] [0 0 1] ]
[ [1 1 4] [1 0 2] [-1  1  4] [0 0 1] [0 0 1] [0 0 1] ]
[ [0 0 1] [0 0 1] [0 0 1] [-1  0  2] [-1 -1  4] [ 1 -1  4] ]
[ [0 0 1] [0 0 1] [0 0 1] [1 1 4] [ 1 -1  4] [-1  0  2] ]
[ [0 0 1] [0 0 1] [0 0 1] [ 1 -1  4] [1 0 2] [-1 -1  4] ]

r_qn[75]
[ [-1 -1  4] [1 0 2] [ 1 -1  4] [0 0 1] [0 0 1] [0 0 1] ]
[ [-1  0  2] [ 1 -1  4] [1 1 4] [0 0 1] [0 0 1] [0 0 1] ]
[ [ 1 -1  4] [-1 -1  4] [-1  0  2] [0 0 1] [0 0 1] [0 0 1] ]
[ [0 0 1] [0 0 1] [0 0 1] [-1  1  4] [1 0 2] [1 1 4] ]
[ [0 0 1] [0 0 1] [0 0 1] [-1  0  2] [1 1 4] [ 1 -1  4] ]
[ [0 0 1] [0 0 1] [0 0 1] [1 1 4] [-1  1  4] [-1  0  2] ]

r_qn[76]
[ [-1  0  2] [-1  1  4] [1 1 4] [0 0 1] [0 0 1] [0 0 1] ]
[ [-1  1  4] [-1 -1  4] [1 0 2] [0 0 1] [0 0 1] [0 0 1] ]
[ [-1 -1  4] [-1  0  2] [ 1 -1  4] [0 0 1] [0 0 1] [0 0 1] ]
[ [0 0 1] [0 0 1] [0 0 1] [-1  0  2] [-1 -1  4] [ 1 -1  4] ]
[ [0 0 1] [0 0 1] [0 0 1] [-1 -1  4] [-1  1  4] [1 0 2] ]
[ [0 0 1] [0 0 1] [0 0 1] [-1  1  4] [-1  0  2] [1 1 4] ]

r_qn[77]
[ [1 0 2] [ 1 -1  4] [1 1 4] [0 0 1] [0 0 1] [0 0 1] ]
[ [-1  1  4] [-1 -1  4] [-1  0  2] [0 0 1] [0 0 1] [0 0 1] ]
[ [-1 -1  4] [-1  0  2] [-1  1  4] [0 0 1] [0 0 1] [0 0 1] ]
[ [0 0 1] [0 0 1] [0 0 1] [1 0 2] [1 1 4] [ 1 -1  4] ]
[ [0 0 1] [0 0 1] [0 0 1] [-1 -1  4] [-1  1  4] [-1  0  2] ]
[ [0 0 1] [0 0 1] [0 0 1] [-1  1  4] [-1  0  2] [-1 -1  4] ]

r_qn[78]
[ [1 1 4] [-1  0  2] [ 1 -1  4] [0 0 1] [0 0 1] [0 0 1] ]
[ [-1  0  2] [ 1 -1  4] [-1 -1  4] [0 0 1] [0 0 1] [0 0 1] ]
[ [ 1 -1  4] [-1 -1  4] [1 0 2] [0 0 1] [0 0 1] [0 0 1] ]
[ [0 0 1] [0 0 1] [0 0 1] [ 1 -1  4] [-1  0  2] [1 1 4] ]
[ [0 0 1] [0 0 1] [0 0 1] [-1  0  2] [1 1 4] [-1  1  4] ]
[ [0 0 1] [0 0 1] [0 0 1] [1 1 4] [-1  1  4] [1 0 2] ]

r_qn[79]
[ [0 0 1] [0 0 1] [-1  0  1] [0 0 1] [0 0 1] [0 0 1] ]
[ [-1  0  1] [0 0 1] [0 0 1] [0 0 1] [0 0 1] [0 0 1] ]
[ [0 0 1] [-1  0  1] [0 0 1] [0 0 1] [0 0 1] [0 0 1] ]
[ [0 0 1] [0 0 1] [0 0 1] [0 0 1] [0 0 1] [-1  0  1] ]
[ [0 0 1] [0 0 1] [0 0 1] [-1  0  1] [0 0 1] [0 0 1] ]
[ [0 0 1] [0 0 1] [0 0 1] [0 0 1] [-1  0  1] [0 0 1] ]

r_qn[80]
[ [-1 -1  4] [-1  0  2] [-1  1  4] [0 0 1] [0 0 1] [0 0 1] ]
[ [-1  0  2] [-1  1  4] [-1 -1  4] [0 0 1] [0 0 1] [0 0 1] ]
[ [ 1 -1  4] [1 1 4] [1 0 2] [0 0 1] [0 0 1] [0 0 1] ]
[ [0 0 1] [0 0 1] [0 0 1] [-1  1  4] [-1  0  2] [-1 -1  4] ]
[ [0 0 1] [0 0 1] [0 0 1] [-1  0  2] [-1 -1  4] [-1  1  4] ]
[ [0 0 1] [0 0 1] [0 0 1] [1 1 4] [ 1 -1  4] [1 0 2] ]

r_qn[81]
[ [ 1 -1  4] [-1 -1  4] [1 0 2] [0 0 1] [0 0 1] [0 0 1] ]
[ [-1 -1  4] [1 0 2] [-1  1  4] [0 0 1] [0 0 1] [0 0 1] ]
[ [1 0 2] [-1  1  4] [1 1 4] [0 0 1] [0 0 1] [0 0 1] ]
[ [0 0 1] [0 0 1] [0 0 1] [1 1 4] [-1  1  4] [1 0 2] ]
[ [0 0 1] [0 0 1] [0 0 1] [-1  1  4] [1 0 2] [-1 -1  4] ]
[ [0 0 1] [0 0 1] [0 0 1] [1 0 2] [-1 -1  4] [ 1 -1  4] ]

r_qn[82]
[ [0 0 1] [-1  0  1] [0 0 1] [0 0 1] [0 0 1] [0 0 1] ]
[ [0 0 1] [0 0 1] [1 0 1] [0 0 1] [0 0 1] [0 0 1] ]
[ [1 0 1] [0 0 1] [0 0 1] [0 0 1] [0 0 1] [0 0 1] ]
[ [0 0 1] [0 0 1] [0 0 1] [0 0 1] [-1  0  1] [0 0 1] ]
[ [0 0 1] [0 0 1] [0 0 1] [0 0 1] [0 0 1] [1 0 1] ]
[ [0 0 1] [0 0 1] [0 0 1] [1 0 1] [0 0 1] [0 0 1] ]

r_qn[83]
[ [ 1 -1  4] [-1 -1  4] [-1  0  2] [0 0 1] [0 0 1] [0 0 1] ]
[ [1 1 4] [-1  0  2] [-1  1  4] [0 0 1] [0 0 1] [0 0 1] ]
[ [1 0 2] [-1  1  4] [-1 -1  4] [0 0 1] [0 0 1] [0 0 1] ]
[ [0 0 1] [0 0 1] [0 0 1] [1 1 4] [-1  1  4] [-1  0  2] ]
[ [0 0 1] [0 0 1] [0 0 1] [ 1 -1  4] [-1  0  2] [-1 -1  4] ]
[ [0 0 1] [0 0 1] [0 0 1] [1 0 2] [-1 -1  4] [-1  1  4] ]

r_qn[84]
[ [-1 -1  4] [-1  0  2] [ 1 -1  4] [0 0 1] [0 0 1] [0 0 1] ]
[ [1 0 2] [ 1 -1  4] [-1 -1  4] [0 0 1] [0 0 1] [0 0 1] ]
[ [ 1 -1  4] [1 1 4] [-1  0  2] [0 0 1] [0 0 1] [0 0 1] ]
[ [0 0 1] [0 0 1] [0 0 1] [-1  1  4] [-1  0  2] [1 1 4] ]
[ [0 0 1] [0 0 1] [0 0 1] [1 0 2] [1 1 4] [-1  1  4] ]
[ [0 0 1] [0 0 1] [0 0 1] [1 1 4] [ 1 -1  4] [-1  0  2] ]

r_qn[85]
[ [-1  1  4] [1 1 4] [1 0 2] [0 0 1] [0 0 1] [0 0 1] ]
[ [1 1 4] [-1  0  2] [-1  1  4] [0 0 1] [0 0 1] [0 0 1] ]
[ [-1  0  2] [ 1 -1  4] [1 1 4] [0 0 1] [0 0 1] [0 0 1] ]
[ [0 0 1] [0 0 1] [0 0 1] [-1 -1  4] [ 1 -1  4] [1 0 2] ]
[ [0 0 1] [0 0 1] [0 0 1] [ 1 -1  4] [-1  0  2] [-1 -1  4] ]
[ [0 0 1] [0 0 1] [0 0 1] [-1  0  2] [1 1 4] [ 1 -1  4] ]

r_qn[86]
[ [1 1 4] [1 0 2] [-1  1  4] [0 0 1] [0 0 1] [0 0 1] ]
[ [1 0 2] [ 1 -1  4] [-1 -1  4] [0 0 1] [0 0 1] [0 0 1] ]
[ [-1  1  4] [-1 -1  4] [1 0 2] [0 0 1] [0 0 1] [0 0 1] ]
[ [0 0 1] [0 0 1] [0 0 1] [ 1 -1  4] [1 0 2] [-1 -1  4] ]
[ [0 0 1] [0 0 1] [0 0 1] [1 0 2] [1 1 4] [-1  1  4] ]
[ [0 0 1] [0 0 1] [0 0 1] [-1 -1  4] [-1  1  4] [1 0 2] ]

r_qn[87]
[ [1 1 4] [1 0 2] [ 1 -1  4] [0 0 1] [0 0 1] [0 0 1] ]
[ [-1  0  2] [-1  1  4] [-1 -1  4] [0 0 1] [0 0 1] [0 0 1] ]
[ [-1  1  4] [-1 -1  4] [-1  0  2] [0 0 1] [0 0 1] [0 0 1] ]
[ [0 0 1] [0 0 1] [0 0 1] [ 1 -1  4] [1 0 2] [1 1 4] ]
[ [0 0 1] [0 0 1] [0 0 1] [-1  0  2] [-1 -1  4] [-1  1  4] ]
[ [0 0 1] [0 0 1] [0 0 1] [-1 -1  4] [-1  1  4] [-1  0  2] ]

r_qn[88]
[ [-1  1  4] [1 1 4] [-1  0  2] [0 0 1] [0 0 1] [0 0 1] ]
[ [-1 -1  4] [1 0 2] [-1  1  4] [0 0 1] [0 0 1] [0 0 1] ]
[ [-1  0  2] [ 1 -1  4] [-1 -1  4] [0 0 1] [0 0 1] [0 0 1] ]
[ [0 0 1] [0 0 1] [0 0 1] [-1 -1  4] [ 1 -1  4] [-1  0  2] ]
[ [0 0 1] [0 0 1] [0 0 1] [-1  1  4] [1 0 2] [-1 -1  4] ]
[ [0 0 1] [0 0 1] [0 0 1] [-1  0  2] [1 1 4] [-1  1  4] ]

r_qn[89]
[ [0 0 1] [1 0 1] [0 0 1] [0 0 1] [0 0 1] [0 0 1] ]
[ [0 0 1] [0 0 1] [1 0 1] [0 0 1] [0 0 1] [0 0 1] ]
[ [-1  0  1] [0 0 1] [0 0 1] [0 0 1] [0 0 1] [0 0 1] ]
[ [0 0 1] [0 0 1] [0 0 1] [0 0 1] [1 0 1] [0 0 1] ]
[ [0 0 1] [0 0 1] [0 0 1] [0 0 1] [0 0 1] [1 0 1] ]
[ [0 0 1] [0 0 1] [0 0 1] [-1  0  1] [0 0 1] [0 0 1] ]

r_qn[90]
[ [0 0 1] [0 0 1] [1 0 1] [0 0 1] [0 0 1] [0 0 1] ]
[ [1 0 1] [0 0 1] [0 0 1] [0 0 1] [0 0 1] [0 0 1] ]
[ [0 0 1] [-1  0  1] [0 0 1] [0 0 1] [0 0 1] [0 0 1] ]
[ [0 0 1] [0 0 1] [0 0 1] [0 0 1] [0 0 1] [1 0 1] ]
[ [0 0 1] [0 0 1] [0 0 1] [1 0 1] [0 0 1] [0 0 1] ]
[ [0 0 1] [0 0 1] [0 0 1] [0 0 1] [-1  0  1] [0 0 1] ]

r_qn[91]
[ [1 1 4] [-1  0  2] [-1  1  4] [0 0 1] [0 0 1] [0 0 1] ]
[ [1 0 2] [-1  1  4] [-1 -1  4] [0 0 1] [0 0 1] [0 0 1] ]
[ [ 1 -1  4] [-1 -1  4] [-1  0  2] [0 0 1] [0 0 1] [0 0 1] ]
[ [0 0 1] [0 0 1] [0 0 1] [ 1 -1  4] [-1  0  2] [-1 -1  4] ]
[ [0 0 1] [0 0 1] [0 0 1] [1 0 2] [-1 -1  4] [-1  1  4] ]
[ [0 0 1] [0 0 1] [0 0 1] [1 1 4] [-1  1  4] [-1  0  2] ]

r_qn[92]
[ [1 0 2] [ 1 -1  4] [-1 -1  4] [0 0 1] [0 0 1] [0 0 1] ]
[ [ 1 -1  4] [1 1 4] [-1  0  2] [0 0 1] [0 0 1] [0 0 1] ]
[ [-1 -1  4] [-1  0  2] [ 1 -1  4] [0 0 1] [0 0 1] [0 0 1] ]
[ [0 0 1] [0 0 1] [0 0 1] [1 0 2] [1 1 4] [-1  1  4] ]
[ [0 0 1] [0 0 1] [0 0 1] [1 1 4] [ 1 -1  4] [-1  0  2] ]
[ [0 0 1] [0 0 1] [0 0 1] [-1  1  4] [-1  0  2] [1 1 4] ]

r_qn[93]
[ [-1  0  2] [-1  1  4] [-1 -1  4] [0 0 1] [0 0 1] [0 0 1] ]
[ [ 1 -1  4] [1 1 4] [1 0 2] [0 0 1] [0 0 1] [0 0 1] ]
[ [-1 -1  4] [-1  0  2] [-1  1  4] [0 0 1] [0 0 1] [0 0 1] ]
[ [0 0 1] [0 0 1] [0 0 1] [-1  0  2] [-1 -1  4] [-1  1  4] ]
[ [0 0 1] [0 0 1] [0 0 1] [1 1 4] [ 1 -1  4] [1 0 2] ]
[ [0 0 1] [0 0 1] [0 0 1] [-1  1  4] [-1  0  2] [-1 -1  4] ]

r_qn[94]
[ [-1 -1  4] [1 0 2] [-1  1  4] [0 0 1] [0 0 1] [0 0 1] ]
[ [1 0 2] [-1  1  4] [1 1 4] [0 0 1] [0 0 1] [0 0 1] ]
[ [ 1 -1  4] [-1 -1  4] [1 0 2] [0 0 1] [0 0 1] [0 0 1] ]
[ [0 0 1] [0 0 1] [0 0 1] [-1  1  4] [1 0 2] [-1 -1  4] ]
[ [0 0 1] [0 0 1] [0 0 1] [1 0 2] [-1 -1  4] [ 1 -1  4] ]
[ [0 0 1] [0 0 1] [0 0 1] [1 1 4] [-1  1  4] [1 0 2] ]

r_qn[95]
[ [-1 -1  4] [1 0 2] [-1  1  4] [0 0 1] [0 0 1] [0 0 1] ]
[ [-1  0  2] [ 1 -1  4] [-1 -1  4] [0 0 1] [0 0 1] [0 0 1] ]
[ [-1  1  4] [1 1 4] [-1  0  2] [0 0 1] [0 0 1] [0 0 1] ]
[ [0 0 1] [0 0 1] [0 0 1] [-1  1  4] [1 0 2] [-1 -1  4] ]
[ [0 0 1] [0 0 1] [0 0 1] [-1  0  2] [1 1 4] [-1  1  4] ]
[ [0 0 1] [0 0 1] [0 0 1] [-1 -1  4] [ 1 -1  4] [-1  0  2] ]

r_qn[96]
[ [0 0 1] [0 0 1] [1 0 1] [0 0 1] [0 0 1] [0 0 1] ]
[ [-1  0  1] [0 0 1] [0 0 1] [0 0 1] [0 0 1] [0 0 1] ]
[ [0 0 1] [1 0 1] [0 0 1] [0 0 1] [0 0 1] [0 0 1] ]
[ [0 0 1] [0 0 1] [0 0 1] [0 0 1] [0 0 1] [1 0 1] ]
[ [0 0 1] [0 0 1] [0 0 1] [-1  0  1] [0 0 1] [0 0 1] ]
[ [0 0 1] [0 0 1] [0 0 1] [0 0 1] [1 0 1] [0 0 1] ]

r_qn[97]
[ [1 1 4] [-1  0  2] [-1  1  4] [0 0 1] [0 0 1] [0 0 1] ]
[ [-1  0  2] [ 1 -1  4] [1 1 4] [0 0 1] [0 0 1] [0 0 1] ]
[ [-1  1  4] [1 1 4] [1 0 2] [0 0 1] [0 0 1] [0 0 1] ]
[ [0 0 1] [0 0 1] [0 0 1] [ 1 -1  4] [-1  0  2] [-1 -1  4] ]
[ [0 0 1] [0 0 1] [0 0 1] [-1  0  2] [1 1 4] [ 1 -1  4] ]
[ [0 0 1] [0 0 1] [0 0 1] [-1 -1  4] [ 1 -1  4] [1 0 2] ]

r_qn[98]
[ [1 0 2] [ 1 -1  4] [-1 -1  4] [0 0 1] [0 0 1] [0 0 1] ]
[ [-1  1  4] [-1 -1  4] [1 0 2] [0 0 1] [0 0 1] [0 0 1] ]
[ [1 1 4] [1 0 2] [-1  1  4] [0 0 1] [0 0 1] [0 0 1] ]
[ [0 0 1] [0 0 1] [0 0 1] [1 0 2] [1 1 4] [-1  1  4] ]
[ [0 0 1] [0 0 1] [0 0 1] [-1 -1  4] [-1  1  4] [1 0 2] ]
[ [0 0 1] [0 0 1] [0 0 1] [ 1 -1  4] [1 0 2] [-1 -1  4] ]

r_qn[99]
[ [-1  0  2] [-1  1  4] [-1 -1  4] [0 0 1] [0 0 1] [0 0 1] ]
[ [-1  1  4] [-1 -1  4] [-1  0  2] [0 0 1] [0 0 1] [0 0 1] ]
[ [1 1 4] [1 0 2] [ 1 -1  4] [0 0 1] [0 0 1] [0 0 1] ]
[ [0 0 1] [0 0 1] [0 0 1] [-1  0  2] [-1 -1  4] [-1  1  4] ]
[ [0 0 1] [0 0 1] [0 0 1] [-1 -1  4] [-1  1  4] [-1  0  2] ]
[ [0 0 1] [0 0 1] [0 0 1] [ 1 -1  4] [1 0 2] [1 1 4] ]

r_qn[100]
[ [-1 -1  4] [-1  0  2] [ 1 -1  4] [0 0 1] [0 0 1] [0 0 1] ]
[ [-1  0  2] [-1  1  4] [1 1 4] [0 0 1] [0 0 1] [0 0 1] ]
[ [-1  1  4] [-1 -1  4] [1 0 2] [0 0 1] [0 0 1] [0 0 1] ]
[ [0 0 1] [0 0 1] [0 0 1] [-1  1  4] [-1  0  2] [1 1 4] ]
[ [0 0 1] [0 0 1] [0 0 1] [-1  0  2] [-1 -1  4] [ 1 -1  4] ]
[ [0 0 1] [0 0 1] [0 0 1] [-1 -1  4] [-1  1  4] [1 0 2] ]

r_qn[101]
[ [-1 -1  4] [-1  0  2] [-1  1  4] [0 0 1] [0 0 1] [0 0 1] ]
[ [1 0 2] [ 1 -1  4] [1 1 4] [0 0 1] [0 0 1] [0 0 1] ]
[ [-1  1  4] [-1 -1  4] [-1  0  2] [0 0 1] [0 0 1] [0 0 1] ]
[ [0 0 1] [0 0 1] [0 0 1] [-1  1  4] [-1  0  2] [-1 -1  4] ]
[ [0 0 1] [0 0 1] [0 0 1] [1 0 2] [1 1 4] [ 1 -1  4] ]
[ [0 0 1] [0 0 1] [0 0 1] [-1 -1  4] [-1  1  4] [-1  0  2] ]

r_qn[102]
[ [ 1 -1  4] [-1 -1  4] [1 0 2] [0 0 1] [0 0 1] [0 0 1] ]
[ [1 1 4] [-1  0  2] [ 1 -1  4] [0 0 1] [0 0 1] [0 0 1] ]
[ [-1  0  2] [ 1 -1  4] [-1 -1  4] [0 0 1] [0 0 1] [0 0 1] ]
[ [0 0 1] [0 0 1] [0 0 1] [1 1 4] [-1  1  4] [1 0 2] ]
[ [0 0 1] [0 0 1] [0 0 1] [ 1 -1  4] [-1  0  2] [1 1 4] ]
[ [0 0 1] [0 0 1] [0 0 1] [-1  0  2] [1 1 4] [-1  1  4] ]

r_qn[103]
[ [0 0 1] [-1  0  1] [0 0 1] [0 0 1] [0 0 1] [0 0 1] ]
[ [0 0 1] [0 0 1] [-1  0  1] [0 0 1] [0 0 1] [0 0 1] ]
[ [-1  0  1] [0 0 1] [0 0 1] [0 0 1] [0 0 1] [0 0 1] ]
[ [0 0 1] [0 0 1] [0 0 1] [0 0 1] [-1  0  1] [0 0 1] ]
[ [0 0 1] [0 0 1] [0 0 1] [0 0 1] [0 0 1] [-1  0  1] ]
[ [0 0 1] [0 0 1] [0 0 1] [-1  0  1] [0 0 1] [0 0 1] ]

r_qn[104]
[ [ 1 -1  4] [-1 -1  4] [-1  0  2] [0 0 1] [0 0 1] [0 0 1] ]
[ [-1 -1  4] [1 0 2] [ 1 -1  4] [0 0 1] [0 0 1] [0 0 1] ]
[ [-1  0  2] [ 1 -1  4] [1 1 4] [0 0 1] [0 0 1] [0 0 1] ]
[ [0 0 1] [0 0 1] [0 0 1] [1 1 4] [-1  1  4] [-1  0  2] ]
[ [0 0 1] [0 0 1] [0 0 1] [-1  1  4] [1 0 2] [1 1 4] ]
[ [0 0 1] [0 0 1] [0 0 1] [-1  0  2] [1 1 4] [ 1 -1  4] ]

r_qn[105]
[ [1 1 4] [1 0 2] [-1  1  4] [0 0 1] [0 0 1] [0 0 1] ]
[ [-1  0  2] [-1  1  4] [1 1 4] [0 0 1] [0 0 1] [0 0 1] ]
[ [ 1 -1  4] [1 1 4] [-1  0  2] [0 0 1] [0 0 1] [0 0 1] ]
[ [0 0 1] [0 0 1] [0 0 1] [ 1 -1  4] [1 0 2] [-1 -1  4] ]
[ [0 0 1] [0 0 1] [0 0 1] [-1  0  2] [-1 -1  4] [ 1 -1  4] ]
[ [0 0 1] [0 0 1] [0 0 1] [1 1 4] [ 1 -1  4] [-1  0  2] ]

r_qn[106]
[ [1 1 4] [1 0 2] [ 1 -1  4] [0 0 1] [0 0 1] [0 0 1] ]
[ [1 0 2] [ 1 -1  4] [1 1 4] [0 0 1] [0 0 1] [0 0 1] ]
[ [ 1 -1  4] [1 1 4] [1 0 2] [0 0 1] [0 0 1] [0 0 1] ]
[ [0 0 1] [0 0 1] [0 0 1] [ 1 -1  4] [1 0 2] [1 1 4] ]
[ [0 0 1] [0 0 1] [0 0 1] [1 0 2] [1 1 4] [ 1 -1  4] ]
[ [0 0 1] [0 0 1] [0 0 1] [1 1 4] [ 1 -1  4] [1 0 2] ]

r_qn[107]
[ [-1  1  4] [1 1 4] [-1  0  2] [0 0 1] [0 0 1] [0 0 1] ]
[ [1 1 4] [-1  0  2] [ 1 -1  4] [0 0 1] [0 0 1] [0 0 1] ]
[ [1 0 2] [-1  1  4] [1 1 4] [0 0 1] [0 0 1] [0 0 1] ]
[ [0 0 1] [0 0 1] [0 0 1] [-1 -1  4] [ 1 -1  4] [-1  0  2] ]
[ [0 0 1] [0 0 1] [0 0 1] [ 1 -1  4] [-1  0  2] [1 1 4] ]
[ [0 0 1] [0 0 1] [0 0 1] [1 0 2] [-1 -1  4] [ 1 -1  4] ]

r_qn[108]
[ [0 0 1] [1 0 1] [0 0 1] [0 0 1] [0 0 1] [0 0 1] ]
[ [0 0 1] [0 0 1] [-1  0  1] [0 0 1] [0 0 1] [0 0 1] ]
[ [1 0 1] [0 0 1] [0 0 1] [0 0 1] [0 0 1] [0 0 1] ]
[ [0 0 1] [0 0 1] [0 0 1] [0 0 1] [1 0 1] [0 0 1] ]
[ [0 0 1] [0 0 1] [0 0 1] [0 0 1] [0 0 1] [-1  0  1] ]
[ [0 0 1] [0 0 1] [0 0 1] [1 0 1] [0 0 1] [0 0 1] ]

r_qn[109]
[ [-1  1  4] [1 1 4] [1 0 2] [0 0 1] [0 0 1] [0 0 1] ]
[ [-1 -1  4] [1 0 2] [ 1 -1  4] [0 0 1] [0 0 1] [0 0 1] ]
[ [1 0 2] [-1  1  4] [-1 -1  4] [0 0 1] [0 0 1] [0 0 1] ]
[ [0 0 1] [0 0 1] [0 0 1] [-1 -1  4] [ 1 -1  4] [1 0 2] ]
[ [0 0 1] [0 0 1] [0 0 1] [-1  1  4] [1 0 2] [1 1 4] ]
[ [0 0 1] [0 0 1] [0 0 1] [1 0 2] [-1 -1  4] [-1  1  4] ]

r_qn[110]
[ [1 0 2] [-1  1  4] [1 1 4] [0 0 1] [0 0 1] [0 0 1] ]
[ [ 1 -1  4] [-1 -1  4] [1 0 2] [0 0 1] [0 0 1] [0 0 1] ]
[ [-1 -1  4] [1 0 2] [-1  1  4] [0 0 1] [0 0 1] [0 0 1] ]
[ [0 0 1] [0 0 1] [0 0 1] [1 0 2] [-1 -1  4] [ 1 -1  4] ]
[ [0 0 1] [0 0 1] [0 0 1] [1 1 4] [-1  1  4] [1 0 2] ]
[ [0 0 1] [0 0 1] [0 0 1] [-1  1  4] [1 0 2] [-1 -1  4] ]

r_qn[111]
[ [1 0 1] [0 0 1] [0 0 1] [0 0 1] [0 0 1] [0 0 1] ]
[ [0 0 1] [-1  0  1] [0 0 1] [0 0 1] [0 0 1] [0 0 1] ]
[ [0 0 1] [0 0 1] [1 0 1] [0 0 1] [0 0 1] [0 0 1] ]
[ [0 0 1] [0 0 1] [0 0 1] [1 0 1] [0 0 1] [0 0 1] ]
[ [0 0 1] [0 0 1] [0 0 1] [0 0 1] [-1  0  1] [0 0 1] ]
[ [0 0 1] [0 0 1] [0 0 1] [0 0 1] [0 0 1] [1 0 1] ]

r_qn[112]
[ [1 0 2] [-1  1  4] [-1 -1  4] [0 0 1] [0 0 1] [0 0 1] ]
[ [ 1 -1  4] [-1 -1  4] [-1  0  2] [0 0 1] [0 0 1] [0 0 1] ]
[ [1 1 4] [-1  0  2] [-1  1  4] [0 0 1] [0 0 1] [0 0 1] ]
[ [0 0 1] [0 0 1] [0 0 1] [1 0 2] [-1 -1  4] [-1  1  4] ]
[ [0 0 1] [0 0 1] [0 0 1] [1 1 4] [-1  1  4] [-1  0  2] ]
[ [0 0 1] [0 0 1] [0 0 1] [ 1 -1  4] [-1  0  2] [-1 -1  4] ]

r_qn[113]
[ [ 1 -1  4] [1 1 4] [-1  0  2] [0 0 1] [0 0 1] [0 0 1] ]
[ [-1 -1  4] [-1  0  2] [ 1 -1  4] [0 0 1] [0 0 1] [0 0 1] ]
[ [1 0 2] [ 1 -1  4] [-1 -1  4] [0 0 1] [0 0 1] [0 0 1] ]
[ [0 0 1] [0 0 1] [0 0 1] [1 1 4] [ 1 -1  4] [-1  0  2] ]
[ [0 0 1] [0 0 1] [0 0 1] [-1  1  4] [-1  0  2] [1 1 4] ]
[ [0 0 1] [0 0 1] [0 0 1] [1 0 2] [1 1 4] [-1  1  4] ]

r_qn[114]
[ [ 1 -1  4] [1 1 4] [1 0 2] [0 0 1] [0 0 1] [0 0 1] ]
[ [-1 -1  4] [-1  0  2] [-1  1  4] [0 0 1] [0 0 1] [0 0 1] ]
[ [-1  0  2] [-1  1  4] [-1 -1  4] [0 0 1] [0 0 1] [0 0 1] ]
[ [0 0 1] [0 0 1] [0 0 1] [1 1 4] [ 1 -1  4] [1 0 2] ]
[ [0 0 1] [0 0 1] [0 0 1] [-1  1  4] [-1  0  2] [-1 -1  4] ]
[ [0 0 1] [0 0 1] [0 0 1] [-1  0  2] [-1 -1  4] [-1  1  4] ]

r_qn[115]
[ [-1  0  1] [0 0 1] [0 0 1] [0 0 1] [0 0 1] [0 0 1] ]
[ [0 0 1] [1 0 1] [0 0 1] [0 0 1] [0 0 1] [0 0 1] ]
[ [0 0 1] [0 0 1] [1 0 1] [0 0 1] [0 0 1] [0 0 1] ]
[ [0 0 1] [0 0 1] [0 0 1] [-1  0  1] [0 0 1] [0 0 1] ]
[ [0 0 1] [0 0 1] [0 0 1] [0 0 1] [1 0 1] [0 0 1] ]
[ [0 0 1] [0 0 1] [0 0 1] [0 0 1] [0 0 1] [1 0 1] ]

r_qn[116]
[ [-1  0  2] [ 1 -1  4] [1 1 4] [0 0 1] [0 0 1] [0 0 1] ]
[ [-1  1  4] [1 1 4] [1 0 2] [0 0 1] [0 0 1] [0 0 1] ]
[ [1 1 4] [-1  0  2] [-1  1  4] [0 0 1] [0 0 1] [0 0 1] ]
[ [0 0 1] [0 0 1] [0 0 1] [-1  0  2] [1 1 4] [ 1 -1  4] ]
[ [0 0 1] [0 0 1] [0 0 1] [-1 -1  4] [ 1 -1  4] [1 0 2] ]
[ [0 0 1] [0 0 1] [0 0 1] [ 1 -1  4] [-1  0  2] [-1 -1  4] ]

r_qn[117]
[ [-1  1  4] [-1 -1  4] [1 0 2] [0 0 1] [0 0 1] [0 0 1] ]
[ [1 1 4] [1 0 2] [-1  1  4] [0 0 1] [0 0 1] [0 0 1] ]
[ [1 0 2] [ 1 -1  4] [-1 -1  4] [0 0 1] [0 0 1] [0 0 1] ]
[ [0 0 1] [0 0 1] [0 0 1] [-1 -1  4] [-1  1  4] [1 0 2] ]
[ [0 0 1] [0 0 1] [0 0 1] [ 1 -1  4] [1 0 2] [-1 -1  4] ]
[ [0 0 1] [0 0 1] [0 0 1] [1 0 2] [1 1 4] [-1  1  4] ]

r_qn[118]
[ [-1  1  4] [-1 -1  4] [-1  0  2] [0 0 1] [0 0 1] [0 0 1] ]
[ [1 1 4] [1 0 2] [ 1 -1  4] [0 0 1] [0 0 1] [0 0 1] ]
[ [-1  0  2] [-1  1  4] [-1 -1  4] [0 0 1] [0 0 1] [0 0 1] ]
[ [0 0 1] [0 0 1] [0 0 1] [-1 -1  4] [-1  1  4] [-1  0  2] ]
[ [0 0 1] [0 0 1] [0 0 1] [ 1 -1  4] [1 0 2] [1 1 4] ]
[ [0 0 1] [0 0 1] [0 0 1] [-1  0  2] [-1 -1  4] [-1  1  4] ]

r_qn[119]
[ [-1  0  2] [ 1 -1  4] [-1 -1  4] [0 0 1] [0 0 1] [0 0 1] ]
[ [-1  1  4] [1 1 4] [-1  0  2] [0 0 1] [0 0 1] [0 0 1] ]
[ [-1 -1  4] [1 0 2] [-1  1  4] [0 0 1] [0 0 1] [0 0 1] ]
[ [0 0 1] [0 0 1] [0 0 1] [-1  0  2] [1 1 4] [-1  1  4] ]
[ [0 0 1] [0 0 1] [0 0 1] [-1 -1  4] [ 1 -1  4] [-1  0  2] ]
[ [0 0 1] [0 0 1] [0 0 1] [-1  1  4] [1 0 2] [-1 -1  4] ]

