Qnprj_Octa prj
[ [1 0 1] [0 0 1] [1 0 1] [0 0 1] [0 0 1] ]
[ [0 1 2] [0 1 2] [ 0 -1  2] [0 1 2] [0 0 1] ]
[ [0 0 1] [1 0 1] [0 0 1] [-1  0  1] [0 0 1] ]
[ [ 0 -1  2] [0 1 2] [0 1 2] [0 1 2] [0 0 1] ]
[ [0 0 1] [0 0 1] [0 0 1] [0 0 1] [1 0 1] ]

Qnprj_Octa prj
[ [1 0 1] [0 0 1] [1 0 1] [0 0 1] [0 0 1] ]
[ [0 1 2] [0 1 2] [ 0 -1  2] [0 1 2] [0 0 1] ]
[ [0 0 1] [1 0 1] [0 0 1] [-1  0  1] [0 0 1] ]
[ [ 0 -1  2] [0 1 2] [0 1 2] [0 1 2] [0 0 1] ]
[ [0 0 1] [0 0 1] [0 0 1] [0 0 1] [1 0 1] ]

# 1
[  0 1 0 0 0 ]
[  0 0 1 0 0 ]
[  0 0 0 1 0 ]
[  -1 0 0 0 0 ]
[  0 0 0 0 1 ]
 
# 2
[  0 0 0 1 0 ]
[  0 0 1 0 0 ]
[  0 1 0 0 0 ]
[  1 0 0 0 0 ]
[  0 0 0 0 1 ]
 
# 3
[  -1 0 0 0 0 ]
[  0 -1 0 0 0 ]
[  0 0 -1 0 0 ]
[  0 0 0 -1 0 ]
[  0 0 0 0 -1 ]
 
# 1
[  1 0 0 0 0 ]
[  0 1 0 0 0 ]
[  0 0 1 0 0 ]
[  0 0 0 1 0 ]
[  0 0 0 0 1 ]
 
# 2
[  0 1 0 0 0 ]
[  0 0 1 0 0 ]
[  0 0 0 1 0 ]
[  -1 0 0 0 0 ]
[  0 0 0 0 1 ]
 
# 3
[  0 0 1 0 0 ]
[  0 0 0 1 0 ]
[  -1 0 0 0 0 ]
[  0 -1 0 0 0 ]
[  0 0 0 0 1 ]
 
# 4
[  0 0 0 1 0 ]
[  -1 0 0 0 0 ]
[  0 -1 0 0 0 ]
[  0 0 -1 0 0 ]
[  0 0 0 0 1 ]
 
# 5
[  -1 0 0 0 0 ]
[  0 -1 0 0 0 ]
[  0 0 -1 0 0 ]
[  0 0 0 -1 0 ]
[  0 0 0 0 1 ]
 
# 6
[  0 -1 0 0 0 ]
[  0 0 -1 0 0 ]
[  0 0 0 -1 0 ]
[  1 0 0 0 0 ]
[  0 0 0 0 1 ]
 
# 7
[  0 0 -1 0 0 ]
[  0 0 0 -1 0 ]
[  1 0 0 0 0 ]
[  0 1 0 0 0 ]
[  0 0 0 0 1 ]
 
# 8
[  0 0 0 -1 0 ]
[  1 0 0 0 0 ]
[  0 1 0 0 0 ]
[  0 0 1 0 0 ]
[  0 0 0 0 1 ]
 
# 9
[  0 0 0 1 0 ]
[  0 0 1 0 0 ]
[  0 1 0 0 0 ]
[  1 0 0 0 0 ]
[  0 0 0 0 1 ]
 
# 10
[  -1 0 0 0 0 ]
[  0 0 0 1 0 ]
[  0 0 1 0 0 ]
[  0 1 0 0 0 ]
[  0 0 0 0 1 ]
 
# 11
[  0 -1 0 0 0 ]
[  -1 0 0 0 0 ]
[  0 0 0 1 0 ]
[  0 0 1 0 0 ]
[  0 0 0 0 1 ]
 
# 12
[  0 0 -1 0 0 ]
[  0 -1 0 0 0 ]
[  -1 0 0 0 0 ]
[  0 0 0 1 0 ]
[  0 0 0 0 1 ]
 
# 13
[  0 0 0 -1 0 ]
[  0 0 -1 0 0 ]
[  0 -1 0 0 0 ]
[  -1 0 0 0 0 ]
[  0 0 0 0 1 ]
 
# 14
[  1 0 0 0 0 ]
[  0 0 0 -1 0 ]
[  0 0 -1 0 0 ]
[  0 -1 0 0 0 ]
[  0 0 0 0 1 ]
 
# 15
[  0 1 0 0 0 ]
[  1 0 0 0 0 ]
[  0 0 0 -1 0 ]
[  0 0 -1 0 0 ]
[  0 0 0 0 1 ]
 
# 16
[  0 0 1 0 0 ]
[  0 1 0 0 0 ]
[  1 0 0 0 0 ]
[  0 0 0 -1 0 ]
[  0 0 0 0 1 ]
 
# 17
[  -1 0 0 0 0 ]
[  0 -1 0 0 0 ]
[  0 0 -1 0 0 ]
[  0 0 0 -1 0 ]
[  0 0 0 0 -1 ]
 
# 18
[  0 -1 0 0 0 ]
[  0 0 -1 0 0 ]
[  0 0 0 -1 0 ]
[  1 0 0 0 0 ]
[  0 0 0 0 -1 ]
 
# 19
[  0 0 -1 0 0 ]
[  0 0 0 -1 0 ]
[  1 0 0 0 0 ]
[  0 1 0 0 0 ]
[  0 0 0 0 -1 ]
 
# 20
[  0 0 0 -1 0 ]
[  1 0 0 0 0 ]
[  0 1 0 0 0 ]
[  0 0 1 0 0 ]
[  0 0 0 0 -1 ]
 
# 21
[  1 0 0 0 0 ]
[  0 1 0 0 0 ]
[  0 0 1 0 0 ]
[  0 0 0 1 0 ]
[  0 0 0 0 -1 ]
 
# 22
[  0 1 0 0 0 ]
[  0 0 1 0 0 ]
[  0 0 0 1 0 ]
[  -1 0 0 0 0 ]
[  0 0 0 0 -1 ]
 
# 23
[  0 0 1 0 0 ]
[  0 0 0 1 0 ]
[  -1 0 0 0 0 ]
[  0 -1 0 0 0 ]
[  0 0 0 0 -1 ]
 
# 24
[  0 0 0 1 0 ]
[  -1 0 0 0 0 ]
[  0 -1 0 0 0 ]
[  0 0 -1 0 0 ]
[  0 0 0 0 -1 ]
 
# 25
[  0 0 0 -1 0 ]
[  0 0 -1 0 0 ]
[  0 -1 0 0 0 ]
[  -1 0 0 0 0 ]
[  0 0 0 0 -1 ]
 
# 26
[  1 0 0 0 0 ]
[  0 0 0 -1 0 ]
[  0 0 -1 0 0 ]
[  0 -1 0 0 0 ]
[  0 0 0 0 -1 ]
 
# 27
[  0 1 0 0 0 ]
[  1 0 0 0 0 ]
[  0 0 0 -1 0 ]
[  0 0 -1 0 0 ]
[  0 0 0 0 -1 ]
 
# 28
[  0 0 1 0 0 ]
[  0 1 0 0 0 ]
[  1 0 0 0 0 ]
[  0 0 0 -1 0 ]
[  0 0 0 0 -1 ]
 
# 29
[  0 0 0 1 0 ]
[  0 0 1 0 0 ]
[  0 1 0 0 0 ]
[  1 0 0 0 0 ]
[  0 0 0 0 -1 ]
 
# 30
[  -1 0 0 0 0 ]
[  0 0 0 1 0 ]
[  0 0 1 0 0 ]
[  0 1 0 0 0 ]
[  0 0 0 0 -1 ]
 
# 31
[  0 -1 0 0 0 ]
[  -1 0 0 0 0 ]
[  0 0 0 1 0 ]
[  0 0 1 0 0 ]
[  0 0 0 0 -1 ]
 
# 32
[  0 0 -1 0 0 ]
[  0 -1 0 0 0 ]
[  -1 0 0 0 0 ]
[  0 0 0 1 0 ]
[  0 0 0 0 -1 ]
 
qn0 [ 0 0 1 ]
# 1
[ [1 0 1] [0 0 1] [0 0 1] [0 0 1] [0 0 1] ]
[ [0 0 1] [1 0 1] [0 0 1] [0 0 1] [0 0 1] ]
[ [0 0 1] [0 0 1] [1 0 1] [0 0 1] [0 0 1] ]
[ [0 0 1] [0 0 1] [0 0 1] [1 0 1] [0 0 1] ]
[ [0 0 1] [0 0 1] [0 0 1] [0 0 1] [1 0 1] ]

# 2
[ [0 1 2] [0 1 2] [0 0 1] [0 0 1] [0 0 1] ]
[ [ 0 -1  2] [0 1 2] [0 0 1] [0 0 1] [0 0 1] ]
[ [0 0 1] [0 0 1] [ 0 -1  2] [0 1 2] [0 0 1] ]
[ [0 0 1] [0 0 1] [ 0 -1  2] [ 0 -1  2] [0 0 1] ]
[ [0 0 1] [0 0 1] [0 0 1] [0 0 1] [1 0 1] ]

# 3
[ [0 0 1] [1 0 1] [0 0 1] [0 0 1] [0 0 1] ]
[ [-1  0  1] [0 0 1] [0 0 1] [0 0 1] [0 0 1] ]
[ [0 0 1] [0 0 1] [0 0 1] [-1  0  1] [0 0 1] ]
[ [0 0 1] [0 0 1] [1 0 1] [0 0 1] [0 0 1] ]
[ [0 0 1] [0 0 1] [0 0 1] [0 0 1] [1 0 1] ]

# 4
[ [ 0 -1  2] [0 1 2] [0 0 1] [0 0 1] [0 0 1] ]
[ [ 0 -1  2] [ 0 -1  2] [0 0 1] [0 0 1] [0 0 1] ]
[ [0 0 1] [0 0 1] [0 1 2] [0 1 2] [0 0 1] ]
[ [0 0 1] [0 0 1] [ 0 -1  2] [0 1 2] [0 0 1] ]
[ [0 0 1] [0 0 1] [0 0 1] [0 0 1] [1 0 1] ]

# 5
[ [-1  0  1] [0 0 1] [0 0 1] [0 0 1] [0 0 1] ]
[ [0 0 1] [-1  0  1] [0 0 1] [0 0 1] [0 0 1] ]
[ [0 0 1] [0 0 1] [-1  0  1] [0 0 1] [0 0 1] ]
[ [0 0 1] [0 0 1] [0 0 1] [-1  0  1] [0 0 1] ]
[ [0 0 1] [0 0 1] [0 0 1] [0 0 1] [1 0 1] ]

# 6
[ [ 0 -1  2] [ 0 -1  2] [0 0 1] [0 0 1] [0 0 1] ]
[ [0 1 2] [ 0 -1  2] [0 0 1] [0 0 1] [0 0 1] ]
[ [0 0 1] [0 0 1] [0 1 2] [ 0 -1  2] [0 0 1] ]
[ [0 0 1] [0 0 1] [0 1 2] [0 1 2] [0 0 1] ]
[ [0 0 1] [0 0 1] [0 0 1] [0 0 1] [1 0 1] ]

# 7
[ [0 0 1] [-1  0  1] [0 0 1] [0 0 1] [0 0 1] ]
[ [1 0 1] [0 0 1] [0 0 1] [0 0 1] [0 0 1] ]
[ [0 0 1] [0 0 1] [0 0 1] [1 0 1] [0 0 1] ]
[ [0 0 1] [0 0 1] [-1  0  1] [0 0 1] [0 0 1] ]
[ [0 0 1] [0 0 1] [0 0 1] [0 0 1] [1 0 1] ]

# 8
[ [0 1 2] [ 0 -1  2] [0 0 1] [0 0 1] [0 0 1] ]
[ [0 1 2] [0 1 2] [0 0 1] [0 0 1] [0 0 1] ]
[ [0 0 1] [0 0 1] [ 0 -1  2] [ 0 -1  2] [0 0 1] ]
[ [0 0 1] [0 0 1] [0 1 2] [ 0 -1  2] [0 0 1] ]
[ [0 0 1] [0 0 1] [0 0 1] [0 0 1] [1 0 1] ]

# 9
[ [ 0 -1  2] [0 1 2] [0 0 1] [0 0 1] [0 0 1] ]
[ [0 1 2] [0 1 2] [0 0 1] [0 0 1] [0 0 1] ]
[ [0 0 1] [0 0 1] [0 1 2] [0 1 2] [0 0 1] ]
[ [0 0 1] [0 0 1] [0 1 2] [ 0 -1  2] [0 0 1] ]
[ [0 0 1] [0 0 1] [0 0 1] [0 0 1] [1 0 1] ]

# 10
[ [-1  0  1] [0 0 1] [0 0 1] [0 0 1] [0 0 1] ]
[ [0 0 1] [1 0 1] [0 0 1] [0 0 1] [0 0 1] ]
[ [0 0 1] [0 0 1] [-1  0  1] [0 0 1] [0 0 1] ]
[ [0 0 1] [0 0 1] [0 0 1] [1 0 1] [0 0 1] ]
[ [0 0 1] [0 0 1] [0 0 1] [0 0 1] [1 0 1] ]

# 11
[ [ 0 -1  2] [ 0 -1  2] [0 0 1] [0 0 1] [0 0 1] ]
[ [ 0 -1  2] [0 1 2] [0 0 1] [0 0 1] [0 0 1] ]
[ [0 0 1] [0 0 1] [0 1 2] [ 0 -1  2] [0 0 1] ]
[ [0 0 1] [0 0 1] [ 0 -1  2] [ 0 -1  2] [0 0 1] ]
[ [0 0 1] [0 0 1] [0 0 1] [0 0 1] [1 0 1] ]

# 12
[ [0 0 1] [-1  0  1] [0 0 1] [0 0 1] [0 0 1] ]
[ [-1  0  1] [0 0 1] [0 0 1] [0 0 1] [0 0 1] ]
[ [0 0 1] [0 0 1] [0 0 1] [1 0 1] [0 0 1] ]
[ [0 0 1] [0 0 1] [1 0 1] [0 0 1] [0 0 1] ]
[ [0 0 1] [0 0 1] [0 0 1] [0 0 1] [1 0 1] ]

# 13
[ [0 1 2] [ 0 -1  2] [0 0 1] [0 0 1] [0 0 1] ]
[ [ 0 -1  2] [ 0 -1  2] [0 0 1] [0 0 1] [0 0 1] ]
[ [0 0 1] [0 0 1] [ 0 -1  2] [ 0 -1  2] [0 0 1] ]
[ [0 0 1] [0 0 1] [ 0 -1  2] [0 1 2] [0 0 1] ]
[ [0 0 1] [0 0 1] [0 0 1] [0 0 1] [1 0 1] ]

# 14
[ [1 0 1] [0 0 1] [0 0 1] [0 0 1] [0 0 1] ]
[ [0 0 1] [-1  0  1] [0 0 1] [0 0 1] [0 0 1] ]
[ [0 0 1] [0 0 1] [1 0 1] [0 0 1] [0 0 1] ]
[ [0 0 1] [0 0 1] [0 0 1] [-1  0  1] [0 0 1] ]
[ [0 0 1] [0 0 1] [0 0 1] [0 0 1] [1 0 1] ]

# 15
[ [0 1 2] [0 1 2] [0 0 1] [0 0 1] [0 0 1] ]
[ [0 1 2] [ 0 -1  2] [0 0 1] [0 0 1] [0 0 1] ]
[ [0 0 1] [0 0 1] [ 0 -1  2] [0 1 2] [0 0 1] ]
[ [0 0 1] [0 0 1] [0 1 2] [0 1 2] [0 0 1] ]
[ [0 0 1] [0 0 1] [0 0 1] [0 0 1] [1 0 1] ]

# 16
[ [0 0 1] [1 0 1] [0 0 1] [0 0 1] [0 0 1] ]
[ [1 0 1] [0 0 1] [0 0 1] [0 0 1] [0 0 1] ]
[ [0 0 1] [0 0 1] [0 0 1] [-1  0  1] [0 0 1] ]
[ [0 0 1] [0 0 1] [-1  0  1] [0 0 1] [0 0 1] ]
[ [0 0 1] [0 0 1] [0 0 1] [0 0 1] [1 0 1] ]

# 17
[ [-1  0  1] [0 0 1] [0 0 1] [0 0 1] [0 0 1] ]
[ [0 0 1] [-1  0  1] [0 0 1] [0 0 1] [0 0 1] ]
[ [0 0 1] [0 0 1] [-1  0  1] [0 0 1] [0 0 1] ]
[ [0 0 1] [0 0 1] [0 0 1] [-1  0  1] [0 0 1] ]
[ [0 0 1] [0 0 1] [0 0 1] [0 0 1] [-1  0  1] ]

# 18
[ [ 0 -1  2] [ 0 -1  2] [0 0 1] [0 0 1] [0 0 1] ]
[ [0 1 2] [ 0 -1  2] [0 0 1] [0 0 1] [0 0 1] ]
[ [0 0 1] [0 0 1] [0 1 2] [ 0 -1  2] [0 0 1] ]
[ [0 0 1] [0 0 1] [0 1 2] [0 1 2] [0 0 1] ]
[ [0 0 1] [0 0 1] [0 0 1] [0 0 1] [-1  0  1] ]

# 19
[ [0 0 1] [-1  0  1] [0 0 1] [0 0 1] [0 0 1] ]
[ [1 0 1] [0 0 1] [0 0 1] [0 0 1] [0 0 1] ]
[ [0 0 1] [0 0 1] [0 0 1] [1 0 1] [0 0 1] ]
[ [0 0 1] [0 0 1] [-1  0  1] [0 0 1] [0 0 1] ]
[ [0 0 1] [0 0 1] [0 0 1] [0 0 1] [-1  0  1] ]

# 20
[ [0 1 2] [ 0 -1  2] [0 0 1] [0 0 1] [0 0 1] ]
[ [0 1 2] [0 1 2] [0 0 1] [0 0 1] [0 0 1] ]
[ [0 0 1] [0 0 1] [ 0 -1  2] [ 0 -1  2] [0 0 1] ]
[ [0 0 1] [0 0 1] [0 1 2] [ 0 -1  2] [0 0 1] ]
[ [0 0 1] [0 0 1] [0 0 1] [0 0 1] [-1  0  1] ]

# 21
[ [1 0 1] [0 0 1] [0 0 1] [0 0 1] [0 0 1] ]
[ [0 0 1] [1 0 1] [0 0 1] [0 0 1] [0 0 1] ]
[ [0 0 1] [0 0 1] [1 0 1] [0 0 1] [0 0 1] ]
[ [0 0 1] [0 0 1] [0 0 1] [1 0 1] [0 0 1] ]
[ [0 0 1] [0 0 1] [0 0 1] [0 0 1] [-1  0  1] ]

# 22
[ [0 1 2] [0 1 2] [0 0 1] [0 0 1] [0 0 1] ]
[ [ 0 -1  2] [0 1 2] [0 0 1] [0 0 1] [0 0 1] ]
[ [0 0 1] [0 0 1] [ 0 -1  2] [0 1 2] [0 0 1] ]
[ [0 0 1] [0 0 1] [ 0 -1  2] [ 0 -1  2] [0 0 1] ]
[ [0 0 1] [0 0 1] [0 0 1] [0 0 1] [-1  0  1] ]

# 23
[ [0 0 1] [1 0 1] [0 0 1] [0 0 1] [0 0 1] ]
[ [-1  0  1] [0 0 1] [0 0 1] [0 0 1] [0 0 1] ]
[ [0 0 1] [0 0 1] [0 0 1] [-1  0  1] [0 0 1] ]
[ [0 0 1] [0 0 1] [1 0 1] [0 0 1] [0 0 1] ]
[ [0 0 1] [0 0 1] [0 0 1] [0 0 1] [-1  0  1] ]

# 24
[ [ 0 -1  2] [0 1 2] [0 0 1] [0 0 1] [0 0 1] ]
[ [ 0 -1  2] [ 0 -1  2] [0 0 1] [0 0 1] [0 0 1] ]
[ [0 0 1] [0 0 1] [0 1 2] [0 1 2] [0 0 1] ]
[ [0 0 1] [0 0 1] [ 0 -1  2] [0 1 2] [0 0 1] ]
[ [0 0 1] [0 0 1] [0 0 1] [0 0 1] [-1  0  1] ]

# 25
[ [0 1 2] [ 0 -1  2] [0 0 1] [0 0 1] [0 0 1] ]
[ [ 0 -1  2] [ 0 -1  2] [0 0 1] [0 0 1] [0 0 1] ]
[ [0 0 1] [0 0 1] [ 0 -1  2] [ 0 -1  2] [0 0 1] ]
[ [0 0 1] [0 0 1] [ 0 -1  2] [0 1 2] [0 0 1] ]
[ [0 0 1] [0 0 1] [0 0 1] [0 0 1] [-1  0  1] ]

# 26
[ [1 0 1] [0 0 1] [0 0 1] [0 0 1] [0 0 1] ]
[ [0 0 1] [-1  0  1] [0 0 1] [0 0 1] [0 0 1] ]
[ [0 0 1] [0 0 1] [1 0 1] [0 0 1] [0 0 1] ]
[ [0 0 1] [0 0 1] [0 0 1] [-1  0  1] [0 0 1] ]
[ [0 0 1] [0 0 1] [0 0 1] [0 0 1] [-1  0  1] ]

# 27
[ [0 1 2] [0 1 2] [0 0 1] [0 0 1] [0 0 1] ]
[ [0 1 2] [ 0 -1  2] [0 0 1] [0 0 1] [0 0 1] ]
[ [0 0 1] [0 0 1] [ 0 -1  2] [0 1 2] [0 0 1] ]
[ [0 0 1] [0 0 1] [0 1 2] [0 1 2] [0 0 1] ]
[ [0 0 1] [0 0 1] [0 0 1] [0 0 1] [-1  0  1] ]

# 28
[ [0 0 1] [1 0 1] [0 0 1] [0 0 1] [0 0 1] ]
[ [1 0 1] [0 0 1] [0 0 1] [0 0 1] [0 0 1] ]
[ [0 0 1] [0 0 1] [0 0 1] [-1  0  1] [0 0 1] ]
[ [0 0 1] [0 0 1] [-1  0  1] [0 0 1] [0 0 1] ]
[ [0 0 1] [0 0 1] [0 0 1] [0 0 1] [-1  0  1] ]

# 29
[ [ 0 -1  2] [0 1 2] [0 0 1] [0 0 1] [0 0 1] ]
[ [0 1 2] [0 1 2] [0 0 1] [0 0 1] [0 0 1] ]
[ [0 0 1] [0 0 1] [0 1 2] [0 1 2] [0 0 1] ]
[ [0 0 1] [0 0 1] [0 1 2] [ 0 -1  2] [0 0 1] ]
[ [0 0 1] [0 0 1] [0 0 1] [0 0 1] [-1  0  1] ]

# 30
[ [-1  0  1] [0 0 1] [0 0 1] [0 0 1] [0 0 1] ]
[ [0 0 1] [1 0 1] [0 0 1] [0 0 1] [0 0 1] ]
[ [0 0 1] [0 0 1] [-1  0  1] [0 0 1] [0 0 1] ]
[ [0 0 1] [0 0 1] [0 0 1] [1 0 1] [0 0 1] ]
[ [0 0 1] [0 0 1] [0 0 1] [0 0 1] [-1  0  1] ]

# 31
[ [ 0 -1  2] [ 0 -1  2] [0 0 1] [0 0 1] [0 0 1] ]
[ [ 0 -1  2] [0 1 2] [0 0 1] [0 0 1] [0 0 1] ]
[ [0 0 1] [0 0 1] [0 1 2] [ 0 -1  2] [0 0 1] ]
[ [0 0 1] [0 0 1] [ 0 -1  2] [ 0 -1  2] [0 0 1] ]
[ [0 0 1] [0 0 1] [0 0 1] [0 0 1] [-1  0  1] ]

# 32
[ [0 0 1] [-1  0  1] [0 0 1] [0 0 1] [0 0 1] ]
[ [-1  0  1] [0 0 1] [0 0 1] [0 0 1] [0 0 1] ]
[ [0 0 1] [0 0 1] [0 0 1] [1 0 1] [0 0 1] ]
[ [0 0 1] [0 0 1] [1 0 1] [0 0 1] [0 0 1] ]
[ [0 0 1] [0 0 1] [0 0 1] [0 0 1] [-1  0  1] ]

mpltbl [[ 0  1  2 ... 29 30 31]
 [ 1  2  3 ... 28 29 30]
 [ 2  3  4 ... 27 28 29]
 ...
 [29 30 31 ...  0  1  2]
 [30 31 24 ...  7  0  1]
 [31 24 25 ...  6  7  0]]
nr 32
Octa
qnr[i]
[ [1 0 1] [0 0 1] [0 0 1] [0 0 1] [0 0 1] ]
[ [0 0 1] [1 0 1] [0 0 1] [0 0 1] [0 0 1] ]
[ [0 0 1] [0 0 1] [1 0 1] [0 0 1] [0 0 1] ]
[ [0 0 1] [0 0 1] [0 0 1] [1 0 1] [0 0 1] ]
[ [0 0 1] [0 0 1] [0 0 1] [0 0 1] [1 0 1] ]

qnr[i]
[ [0 1 2] [0 1 2] [0 0 1] [0 0 1] [0 0 1] ]
[ [ 0 -1  2] [0 1 2] [0 0 1] [0 0 1] [0 0 1] ]
[ [0 0 1] [0 0 1] [ 0 -1  2] [0 1 2] [0 0 1] ]
[ [0 0 1] [0 0 1] [ 0 -1  2] [ 0 -1  2] [0 0 1] ]
[ [0 0 1] [0 0 1] [0 0 1] [0 0 1] [1 0 1] ]

qnr[i]
[ [0 0 1] [1 0 1] [0 0 1] [0 0 1] [0 0 1] ]
[ [-1  0  1] [0 0 1] [0 0 1] [0 0 1] [0 0 1] ]
[ [0 0 1] [0 0 1] [0 0 1] [-1  0  1] [0 0 1] ]
[ [0 0 1] [0 0 1] [1 0 1] [0 0 1] [0 0 1] ]
[ [0 0 1] [0 0 1] [0 0 1] [0 0 1] [1 0 1] ]

qnr[i]
[ [ 0 -1  2] [0 1 2] [0 0 1] [0 0 1] [0 0 1] ]
[ [ 0 -1  2] [ 0 -1  2] [0 0 1] [0 0 1] [0 0 1] ]
[ [0 0 1] [0 0 1] [0 1 2] [0 1 2] [0 0 1] ]
[ [0 0 1] [0 0 1] [ 0 -1  2] [0 1 2] [0 0 1] ]
[ [0 0 1] [0 0 1] [0 0 1] [0 0 1] [1 0 1] ]

qnr[i]
[ [-1  0  1] [0 0 1] [0 0 1] [0 0 1] [0 0 1] ]
[ [0 0 1] [-1  0  1] [0 0 1] [0 0 1] [0 0 1] ]
[ [0 0 1] [0 0 1] [-1  0  1] [0 0 1] [0 0 1] ]
[ [0 0 1] [0 0 1] [0 0 1] [-1  0  1] [0 0 1] ]
[ [0 0 1] [0 0 1] [0 0 1] [0 0 1] [1 0 1] ]

qnr[i]
[ [ 0 -1  2] [ 0 -1  2] [0 0 1] [0 0 1] [0 0 1] ]
[ [0 1 2] [ 0 -1  2] [0 0 1] [0 0 1] [0 0 1] ]
[ [0 0 1] [0 0 1] [0 1 2] [ 0 -1  2] [0 0 1] ]
[ [0 0 1] [0 0 1] [0 1 2] [0 1 2] [0 0 1] ]
[ [0 0 1] [0 0 1] [0 0 1] [0 0 1] [1 0 1] ]

qnr[i]
[ [0 0 1] [-1  0  1] [0 0 1] [0 0 1] [0 0 1] ]
[ [1 0 1] [0 0 1] [0 0 1] [0 0 1] [0 0 1] ]
[ [0 0 1] [0 0 1] [0 0 1] [1 0 1] [0 0 1] ]
[ [0 0 1] [0 0 1] [-1  0  1] [0 0 1] [0 0 1] ]
[ [0 0 1] [0 0 1] [0 0 1] [0 0 1] [1 0 1] ]

qnr[i]
[ [0 1 2] [ 0 -1  2] [0 0 1] [0 0 1] [0 0 1] ]
[ [0 1 2] [0 1 2] [0 0 1] [0 0 1] [0 0 1] ]
[ [0 0 1] [0 0 1] [ 0 -1  2] [ 0 -1  2] [0 0 1] ]
[ [0 0 1] [0 0 1] [0 1 2] [ 0 -1  2] [0 0 1] ]
[ [0 0 1] [0 0 1] [0 0 1] [0 0 1] [1 0 1] ]

qnr[i]
[ [ 0 -1  2] [0 1 2] [0 0 1] [0 0 1] [0 0 1] ]
[ [0 1 2] [0 1 2] [0 0 1] [0 0 1] [0 0 1] ]
[ [0 0 1] [0 0 1] [0 1 2] [0 1 2] [0 0 1] ]
[ [0 0 1] [0 0 1] [0 1 2] [ 0 -1  2] [0 0 1] ]
[ [0 0 1] [0 0 1] [0 0 1] [0 0 1] [1 0 1] ]

qnr[i]
[ [-1  0  1] [0 0 1] [0 0 1] [0 0 1] [0 0 1] ]
[ [0 0 1] [1 0 1] [0 0 1] [0 0 1] [0 0 1] ]
[ [0 0 1] [0 0 1] [-1  0  1] [0 0 1] [0 0 1] ]
[ [0 0 1] [0 0 1] [0 0 1] [1 0 1] [0 0 1] ]
[ [0 0 1] [0 0 1] [0 0 1] [0 0 1] [1 0 1] ]

qnr[i]
[ [ 0 -1  2] [ 0 -1  2] [0 0 1] [0 0 1] [0 0 1] ]
[ [ 0 -1  2] [0 1 2] [0 0 1] [0 0 1] [0 0 1] ]
[ [0 0 1] [0 0 1] [0 1 2] [ 0 -1  2] [0 0 1] ]
[ [0 0 1] [0 0 1] [ 0 -1  2] [ 0 -1  2] [0 0 1] ]
[ [0 0 1] [0 0 1] [0 0 1] [0 0 1] [1 0 1] ]

qnr[i]
[ [0 0 1] [-1  0  1] [0 0 1] [0 0 1] [0 0 1] ]
[ [-1  0  1] [0 0 1] [0 0 1] [0 0 1] [0 0 1] ]
[ [0 0 1] [0 0 1] [0 0 1] [1 0 1] [0 0 1] ]
[ [0 0 1] [0 0 1] [1 0 1] [0 0 1] [0 0 1] ]
[ [0 0 1] [0 0 1] [0 0 1] [0 0 1] [1 0 1] ]

qnr[i]
[ [0 1 2] [ 0 -1  2] [0 0 1] [0 0 1] [0 0 1] ]
[ [ 0 -1  2] [ 0 -1  2] [0 0 1] [0 0 1] [0 0 1] ]
[ [0 0 1] [0 0 1] [ 0 -1  2] [ 0 -1  2] [0 0 1] ]
[ [0 0 1] [0 0 1] [ 0 -1  2] [0 1 2] [0 0 1] ]
[ [0 0 1] [0 0 1] [0 0 1] [0 0 1] [1 0 1] ]

qnr[i]
[ [1 0 1] [0 0 1] [0 0 1] [0 0 1] [0 0 1] ]
[ [0 0 1] [-1  0  1] [0 0 1] [0 0 1] [0 0 1] ]
[ [0 0 1] [0 0 1] [1 0 1] [0 0 1] [0 0 1] ]
[ [0 0 1] [0 0 1] [0 0 1] [-1  0  1] [0 0 1] ]
[ [0 0 1] [0 0 1] [0 0 1] [0 0 1] [1 0 1] ]

qnr[i]
[ [0 1 2] [0 1 2] [0 0 1] [0 0 1] [0 0 1] ]
[ [0 1 2] [ 0 -1  2] [0 0 1] [0 0 1] [0 0 1] ]
[ [0 0 1] [0 0 1] [ 0 -1  2] [0 1 2] [0 0 1] ]
[ [0 0 1] [0 0 1] [0 1 2] [0 1 2] [0 0 1] ]
[ [0 0 1] [0 0 1] [0 0 1] [0 0 1] [1 0 1] ]

qnr[i]
[ [0 0 1] [1 0 1] [0 0 1] [0 0 1] [0 0 1] ]
[ [1 0 1] [0 0 1] [0 0 1] [0 0 1] [0 0 1] ]
[ [0 0 1] [0 0 1] [0 0 1] [-1  0  1] [0 0 1] ]
[ [0 0 1] [0 0 1] [-1  0  1] [0 0 1] [0 0 1] ]
[ [0 0 1] [0 0 1] [0 0 1] [0 0 1] [1 0 1] ]

qnr[i]
[ [-1  0  1] [0 0 1] [0 0 1] [0 0 1] [0 0 1] ]
[ [0 0 1] [-1  0  1] [0 0 1] [0 0 1] [0 0 1] ]
[ [0 0 1] [0 0 1] [-1  0  1] [0 0 1] [0 0 1] ]
[ [0 0 1] [0 0 1] [0 0 1] [-1  0  1] [0 0 1] ]
[ [0 0 1] [0 0 1] [0 0 1] [0 0 1] [-1  0  1] ]

qnr[i]
[ [ 0 -1  2] [ 0 -1  2] [0 0 1] [0 0 1] [0 0 1] ]
[ [0 1 2] [ 0 -1  2] [0 0 1] [0 0 1] [0 0 1] ]
[ [0 0 1] [0 0 1] [0 1 2] [ 0 -1  2] [0 0 1] ]
[ [0 0 1] [0 0 1] [0 1 2] [0 1 2] [0 0 1] ]
[ [0 0 1] [0 0 1] [0 0 1] [0 0 1] [-1  0  1] ]

qnr[i]
[ [0 0 1] [-1  0  1] [0 0 1] [0 0 1] [0 0 1] ]
[ [1 0 1] [0 0 1] [0 0 1] [0 0 1] [0 0 1] ]
[ [0 0 1] [0 0 1] [0 0 1] [1 0 1] [0 0 1] ]
[ [0 0 1] [0 0 1] [-1  0  1] [0 0 1] [0 0 1] ]
[ [0 0 1] [0 0 1] [0 0 1] [0 0 1] [-1  0  1] ]

qnr[i]
[ [0 1 2] [ 0 -1  2] [0 0 1] [0 0 1] [0 0 1] ]
[ [0 1 2] [0 1 2] [0 0 1] [0 0 1] [0 0 1] ]
[ [0 0 1] [0 0 1] [ 0 -1  2] [ 0 -1  2] [0 0 1] ]
[ [0 0 1] [0 0 1] [0 1 2] [ 0 -1  2] [0 0 1] ]
[ [0 0 1] [0 0 1] [0 0 1] [0 0 1] [-1  0  1] ]

qnr[i]
[ [1 0 1] [0 0 1] [0 0 1] [0 0 1] [0 0 1] ]
[ [0 0 1] [1 0 1] [0 0 1] [0 0 1] [0 0 1] ]
[ [0 0 1] [0 0 1] [1 0 1] [0 0 1] [0 0 1] ]
[ [0 0 1] [0 0 1] [0 0 1] [1 0 1] [0 0 1] ]
[ [0 0 1] [0 0 1] [0 0 1] [0 0 1] [-1  0  1] ]

qnr[i]
[ [0 1 2] [0 1 2] [0 0 1] [0 0 1] [0 0 1] ]
[ [ 0 -1  2] [0 1 2] [0 0 1] [0 0 1] [0 0 1] ]
[ [0 0 1] [0 0 1] [ 0 -1  2] [0 1 2] [0 0 1] ]
[ [0 0 1] [0 0 1] [ 0 -1  2] [ 0 -1  2] [0 0 1] ]
[ [0 0 1] [0 0 1] [0 0 1] [0 0 1] [-1  0  1] ]

qnr[i]
[ [0 0 1] [1 0 1] [0 0 1] [0 0 1] [0 0 1] ]
[ [-1  0  1] [0 0 1] [0 0 1] [0 0 1] [0 0 1] ]
[ [0 0 1] [0 0 1] [0 0 1] [-1  0  1] [0 0 1] ]
[ [0 0 1] [0 0 1] [1 0 1] [0 0 1] [0 0 1] ]
[ [0 0 1] [0 0 1] [0 0 1] [0 0 1] [-1  0  1] ]

qnr[i]
[ [ 0 -1  2] [0 1 2] [0 0 1] [0 0 1] [0 0 1] ]
[ [ 0 -1  2] [ 0 -1  2] [0 0 1] [0 0 1] [0 0 1] ]
[ [0 0 1] [0 0 1] [0 1 2] [0 1 2] [0 0 1] ]
[ [0 0 1] [0 0 1] [ 0 -1  2] [0 1 2] [0 0 1] ]
[ [0 0 1] [0 0 1] [0 0 1] [0 0 1] [-1  0  1] ]

qnr[i]
[ [0 1 2] [ 0 -1  2] [0 0 1] [0 0 1] [0 0 1] ]
[ [ 0 -1  2] [ 0 -1  2] [0 0 1] [0 0 1] [0 0 1] ]
[ [0 0 1] [0 0 1] [ 0 -1  2] [ 0 -1  2] [0 0 1] ]
[ [0 0 1] [0 0 1] [ 0 -1  2] [0 1 2] [0 0 1] ]
[ [0 0 1] [0 0 1] [0 0 1] [0 0 1] [-1  0  1] ]

qnr[i]
[ [1 0 1] [0 0 1] [0 0 1] [0 0 1] [0 0 1] ]
[ [0 0 1] [-1  0  1] [0 0 1] [0 0 1] [0 0 1] ]
[ [0 0 1] [0 0 1] [1 0 1] [0 0 1] [0 0 1] ]
[ [0 0 1] [0 0 1] [0 0 1] [-1  0  1] [0 0 1] ]
[ [0 0 1] [0 0 1] [0 0 1] [0 0 1] [-1  0  1] ]

qnr[i]
[ [0 1 2] [0 1 2] [0 0 1] [0 0 1] [0 0 1] ]
[ [0 1 2] [ 0 -1  2] [0 0 1] [0 0 1] [0 0 1] ]
[ [0 0 1] [0 0 1] [ 0 -1  2] [0 1 2] [0 0 1] ]
[ [0 0 1] [0 0 1] [0 1 2] [0 1 2] [0 0 1] ]
[ [0 0 1] [0 0 1] [0 0 1] [0 0 1] [-1  0  1] ]

qnr[i]
[ [0 0 1] [1 0 1] [0 0 1] [0 0 1] [0 0 1] ]
[ [1 0 1] [0 0 1] [0 0 1] [0 0 1] [0 0 1] ]
[ [0 0 1] [0 0 1] [0 0 1] [-1  0  1] [0 0 1] ]
[ [0 0 1] [0 0 1] [-1  0  1] [0 0 1] [0 0 1] ]
[ [0 0 1] [0 0 1] [0 0 1] [0 0 1] [-1  0  1] ]

qnr[i]
[ [ 0 -1  2] [0 1 2] [0 0 1] [0 0 1] [0 0 1] ]
[ [0 1 2] [0 1 2] [0 0 1] [0 0 1] [0 0 1] ]
[ [0 0 1] [0 0 1] [0 1 2] [0 1 2] [0 0 1] ]
[ [0 0 1] [0 0 1] [0 1 2] [ 0 -1  2] [0 0 1] ]
[ [0 0 1] [0 0 1] [0 0 1] [0 0 1] [-1  0  1] ]

qnr[i]
[ [-1  0  1] [0 0 1] [0 0 1] [0 0 1] [0 0 1] ]
[ [0 0 1] [1 0 1] [0 0 1] [0 0 1] [0 0 1] ]
[ [0 0 1] [0 0 1] [-1  0  1] [0 0 1] [0 0 1] ]
[ [0 0 1] [0 0 1] [0 0 1] [1 0 1] [0 0 1] ]
[ [0 0 1] [0 0 1] [0 0 1] [0 0 1] [-1  0  1] ]

qnr[i]
[ [ 0 -1  2] [ 0 -1  2] [0 0 1] [0 0 1] [0 0 1] ]
[ [ 0 -1  2] [0 1 2] [0 0 1] [0 0 1] [0 0 1] ]
[ [0 0 1] [0 0 1] [0 1 2] [ 0 -1  2] [0 0 1] ]
[ [0 0 1] [0 0 1] [ 0 -1  2] [ 0 -1  2] [0 0 1] ]
[ [0 0 1] [0 0 1] [0 0 1] [0 0 1] [-1  0  1] ]

qnr[i]
[ [0 0 1] [-1  0  1] [0 0 1] [0 0 1] [0 0 1] ]
[ [-1  0  1] [0 0 1] [0 0 1] [0 0 1] [0 0 1] ]
[ [0 0 1] [0 0 1] [0 0 1] [1 0 1] [0 0 1] ]
[ [0 0 1] [0 0 1] [1 0 1] [0 0 1] [0 0 1] ]
[ [0 0 1] [0 0 1] [0 0 1] [0 0 1] [-1  0  1] ]

Qnprj_Deca prj
[ [-5  1  2] [-1  1  2] [-5 -1  2] [ 3 -1  2] [0 0 1] ]
[ [-5 -1  2] [ 3 -1  2] [-5  1  2] [ 1 -1  2] [0 0 1] ]
[ [-5 -1  2] [-3  1  2] [-5  1  2] [-1  1  2] [0 0 1] ]
[ [-5  1  2] [ 1 -1  2] [-5 -1  2] [-3  1  2] [0 0 1] ]
[ [0 0 1] [0 0 1] [0 0 1] [0 0 1] [1 0 1] ]

Qnprj_Deca prj
[ [-5  1  2] [-1  1  2] [-5 -1  2] [ 3 -1  2] [0 0 1] ]
[ [-5 -1  2] [ 3 -1  2] [-5  1  2] [ 1 -1  2] [0 0 1] ]
[ [-5 -1  2] [-3  1  2] [-5  1  2] [-1  1  2] [0 0 1] ]
[ [-5  1  2] [ 1 -1  2] [-5 -1  2] [-3  1  2] [0 0 1] ]
[ [0 0 1] [0 0 1] [0 0 1] [0 0 1] [1 0 1] ]

# 1
[  0 0 0 -1 0 ]
[  1 1 1 1 0 ]
[  -1 0 0 0 0 ]
[  0 -1 0 0 0 ]
[  0 0 0 0 1 ]
 
# 2
[  0 0 0 1 0 ]
[  0 0 1 0 0 ]
[  0 1 0 0 0 ]
[  1 0 0 0 0 ]
[  0 0 0 0 1 ]
 
# 3
[  -1 0 0 0 0 ]
[  0 -1 0 0 0 ]
[  0 0 -1 0 0 ]
[  0 0 0 -1 0 ]
[  0 0 0 0 -1 ]
 
shape (40, 5, 5)
# 1
[  1 0 0 0 0 ]
[  0 1 0 0 0 ]
[  0 0 1 0 0 ]
[  0 0 0 1 0 ]
[  0 0 0 0 1 ]
 
# 2
[  0 0 0 -1 0 ]
[  1 1 1 1 0 ]
[  -1 0 0 0 0 ]
[  0 -1 0 0 0 ]
[  0 0 0 0 1 ]
 
# 3
[  0 1 0 0 0 ]
[  0 0 1 0 0 ]
[  0 0 0 1 0 ]
[  -1 -1 -1 -1 0 ]
[  0 0 0 0 1 ]
 
# 4
[  1 1 1 1 0 ]
[  -1 0 0 0 0 ]
[  0 -1 0 0 0 ]
[  0 0 -1 0 0 ]
[  0 0 0 0 1 ]
 
# 5
[  0 0 1 0 0 ]
[  0 0 0 1 0 ]
[  -1 -1 -1 -1 0 ]
[  1 0 0 0 0 ]
[  0 0 0 0 1 ]
 
# 6
[  -1 0 0 0 0 ]
[  0 -1 0 0 0 ]
[  0 0 -1 0 0 ]
[  0 0 0 -1 0 ]
[  0 0 0 0 1 ]
 
# 7
[  0 0 0 1 0 ]
[  -1 -1 -1 -1 0 ]
[  1 0 0 0 0 ]
[  0 1 0 0 0 ]
[  0 0 0 0 1 ]
 
# 8
[  0 -1 0 0 0 ]
[  0 0 -1 0 0 ]
[  0 0 0 -1 0 ]
[  1 1 1 1 0 ]
[  0 0 0 0 1 ]
 
# 9
[  -1 -1 -1 -1 0 ]
[  1 0 0 0 0 ]
[  0 1 0 0 0 ]
[  0 0 1 0 0 ]
[  0 0 0 0 1 ]
 
# 10
[  0 0 -1 0 0 ]
[  0 0 0 -1 0 ]
[  1 1 1 1 0 ]
[  -1 0 0 0 0 ]
[  0 0 0 0 1 ]
 
# 11
[  0 0 0 1 0 ]
[  0 0 1 0 0 ]
[  0 1 0 0 0 ]
[  1 0 0 0 0 ]
[  0 0 0 0 1 ]
 
# 12
[  0 -1 0 0 0 ]
[  -1 0 0 0 0 ]
[  1 1 1 1 0 ]
[  0 0 0 -1 0 ]
[  0 0 0 0 1 ]
 
# 13
[  -1 -1 -1 -1 0 ]
[  0 0 0 1 0 ]
[  0 0 1 0 0 ]
[  0 1 0 0 0 ]
[  0 0 0 0 1 ]
 
# 14
[  0 0 -1 0 0 ]
[  0 -1 0 0 0 ]
[  -1 0 0 0 0 ]
[  1 1 1 1 0 ]
[  0 0 0 0 1 ]
 
# 15
[  1 0 0 0 0 ]
[  -1 -1 -1 -1 0 ]
[  0 0 0 1 0 ]
[  0 0 1 0 0 ]
[  0 0 0 0 1 ]
 
# 16
[  0 0 0 -1 0 ]
[  0 0 -1 0 0 ]
[  0 -1 0 0 0 ]
[  -1 0 0 0 0 ]
[  0 0 0 0 1 ]
 
# 17
[  0 1 0 0 0 ]
[  1 0 0 0 0 ]
[  -1 -1 -1 -1 0 ]
[  0 0 0 1 0 ]
[  0 0 0 0 1 ]
 
# 18
[  1 1 1 1 0 ]
[  0 0 0 -1 0 ]
[  0 0 -1 0 0 ]
[  0 -1 0 0 0 ]
[  0 0 0 0 1 ]
 
# 19
[  0 0 1 0 0 ]
[  0 1 0 0 0 ]
[  1 0 0 0 0 ]
[  -1 -1 -1 -1 0 ]
[  0 0 0 0 1 ]
 
# 20
[  -1 0 0 0 0 ]
[  1 1 1 1 0 ]
[  0 0 0 -1 0 ]
[  0 0 -1 0 0 ]
[  0 0 0 0 1 ]
 
# 21
[  -1 0 0 0 0 ]
[  0 -1 0 0 0 ]
[  0 0 -1 0 0 ]
[  0 0 0 -1 0 ]
[  0 0 0 0 -1 ]
 
# 22
[  0 0 0 1 0 ]
[  -1 -1 -1 -1 0 ]
[  1 0 0 0 0 ]
[  0 1 0 0 0 ]
[  0 0 0 0 -1 ]
 
# 23
[  0 -1 0 0 0 ]
[  0 0 -1 0 0 ]
[  0 0 0 -1 0 ]
[  1 1 1 1 0 ]
[  0 0 0 0 -1 ]
 
# 24
[  -1 -1 -1 -1 0 ]
[  1 0 0 0 0 ]
[  0 1 0 0 0 ]
[  0 0 1 0 0 ]
[  0 0 0 0 -1 ]
 
# 25
[  0 0 -1 0 0 ]
[  0 0 0 -1 0 ]
[  1 1 1 1 0 ]
[  -1 0 0 0 0 ]
[  0 0 0 0 -1 ]
 
# 26
[  1 0 0 0 0 ]
[  0 1 0 0 0 ]
[  0 0 1 0 0 ]
[  0 0 0 1 0 ]
[  0 0 0 0 -1 ]
 
# 27
[  0 0 0 -1 0 ]
[  1 1 1 1 0 ]
[  -1 0 0 0 0 ]
[  0 -1 0 0 0 ]
[  0 0 0 0 -1 ]
 
# 28
[  0 1 0 0 0 ]
[  0 0 1 0 0 ]
[  0 0 0 1 0 ]
[  -1 -1 -1 -1 0 ]
[  0 0 0 0 -1 ]
 
# 29
[  1 1 1 1 0 ]
[  -1 0 0 0 0 ]
[  0 -1 0 0 0 ]
[  0 0 -1 0 0 ]
[  0 0 0 0 -1 ]
 
# 30
[  0 0 1 0 0 ]
[  0 0 0 1 0 ]
[  -1 -1 -1 -1 0 ]
[  1 0 0 0 0 ]
[  0 0 0 0 -1 ]
 
# 31
[  0 0 0 -1 0 ]
[  0 0 -1 0 0 ]
[  0 -1 0 0 0 ]
[  -1 0 0 0 0 ]
[  0 0 0 0 -1 ]
 
# 32
[  0 1 0 0 0 ]
[  1 0 0 0 0 ]
[  -1 -1 -1 -1 0 ]
[  0 0 0 1 0 ]
[  0 0 0 0 -1 ]
 
# 33
[  1 1 1 1 0 ]
[  0 0 0 -1 0 ]
[  0 0 -1 0 0 ]
[  0 -1 0 0 0 ]
[  0 0 0 0 -1 ]
 
# 34
[  0 0 1 0 0 ]
[  0 1 0 0 0 ]
[  1 0 0 0 0 ]
[  -1 -1 -1 -1 0 ]
[  0 0 0 0 -1 ]
 
# 35
[  -1 0 0 0 0 ]
[  1 1 1 1 0 ]
[  0 0 0 -1 0 ]
[  0 0 -1 0 0 ]
[  0 0 0 0 -1 ]
 
# 36
[  0 0 0 1 0 ]
[  0 0 1 0 0 ]
[  0 1 0 0 0 ]
[  1 0 0 0 0 ]
[  0 0 0 0 -1 ]
 
# 37
[  0 -1 0 0 0 ]
[  -1 0 0 0 0 ]
[  1 1 1 1 0 ]
[  0 0 0 -1 0 ]
[  0 0 0 0 -1 ]
 
# 38
[  -1 -1 -1 -1 0 ]
[  0 0 0 1 0 ]
[  0 0 1 0 0 ]
[  0 1 0 0 0 ]
[  0 0 0 0 -1 ]
 
# 39
[  0 0 -1 0 0 ]
[  0 -1 0 0 0 ]
[  -1 0 0 0 0 ]
[  1 1 1 1 0 ]
[  0 0 0 0 -1 ]
 
# 40
[  1 0 0 0 0 ]
[  -1 -1 -1 -1 0 ]
[  0 0 0 1 0 ]
[  0 0 1 0 0 ]
[  0 0 0 0 -1 ]
 
qn0 [ 0 0 1 ]
# 1
[ [1 0 1] [0 0 1] [0 0 1] [0 0 1] [0 0 1] ]
[ [0 0 1] [1 0 1] [0 0 1] [0 0 1] [0 0 1] ]
[ [0 0 1] [0 0 1] [1 0 1] [0 0 1] [0 0 1] ]
[ [0 0 1] [0 0 1] [0 0 1] [1 0 1] [0 0 1] ]
[ [0 0 1] [0 0 1] [0 0 1] [0 0 1] [1 0 1] ]

# 2
[ [1 1 4] [5 1 4] [0 0 1] [0 0 1] [0 0 1] ]
[ [-3  1  4] [1 1 4] [0 0 1] [0 0 1] [0 0 1] ]
[ [0 0 1] [0 0 1] [ 1 -1  4] [-5 -3  4] [0 0 1] ]
[ [0 0 1] [0 0 1] [-1  1  4] [ 1 -1  4] [0 0 1] ]
[ [0 0 1] [0 0 1] [0 0 1] [0 0 1] [1 0 1] ]

# 3
[ [-1  1  4] [5 3 4] [0 0 1] [0 0 1] [0 0 1] ]
[ [ 1 -1  4] [-1  1  4] [0 0 1] [0 0 1] [0 0 1] ]
[ [0 0 1] [0 0 1] [-1 -1  4] [5 1 4] [0 0 1] ]
[ [0 0 1] [0 0 1] [-3  1  4] [-1 -1  4] [0 0 1] ]
[ [0 0 1] [0 0 1] [0 0 1] [0 0 1] [1 0 1] ]

# 4
[ [ 1 -1  4] [5 3 4] [0 0 1] [0 0 1] [0 0 1] ]
[ [ 1 -1  4] [ 1 -1  4] [0 0 1] [0 0 1] [0 0 1] ]
[ [0 0 1] [0 0 1] [1 1 4] [5 1 4] [0 0 1] ]
[ [0 0 1] [0 0 1] [-3  1  4] [1 1 4] [0 0 1] ]
[ [0 0 1] [0 0 1] [0 0 1] [0 0 1] [1 0 1] ]

# 5
[ [-1 -1  4] [5 1 4] [0 0 1] [0 0 1] [0 0 1] ]
[ [-3  1  4] [-1 -1  4] [0 0 1] [0 0 1] [0 0 1] ]
[ [0 0 1] [0 0 1] [-1  1  4] [-5 -3  4] [0 0 1] ]
[ [0 0 1] [0 0 1] [-1  1  4] [-1  1  4] [0 0 1] ]
[ [0 0 1] [0 0 1] [0 0 1] [0 0 1] [1 0 1] ]

# 6
[ [-1  0  1] [0 0 1] [0 0 1] [0 0 1] [0 0 1] ]
[ [0 0 1] [-1  0  1] [0 0 1] [0 0 1] [0 0 1] ]
[ [0 0 1] [0 0 1] [-1  0  1] [0 0 1] [0 0 1] ]
[ [0 0 1] [0 0 1] [0 0 1] [-1  0  1] [0 0 1] ]
[ [0 0 1] [0 0 1] [0 0 1] [0 0 1] [1 0 1] ]

# 7
[ [-1 -1  4] [-5 -1  4] [0 0 1] [0 0 1] [0 0 1] ]
[ [ 3 -1  4] [-1 -1  4] [0 0 1] [0 0 1] [0 0 1] ]
[ [0 0 1] [0 0 1] [-1  1  4] [5 3 4] [0 0 1] ]
[ [0 0 1] [0 0 1] [ 1 -1  4] [-1  1  4] [0 0 1] ]
[ [0 0 1] [0 0 1] [0 0 1] [0 0 1] [1 0 1] ]

# 8
[ [ 1 -1  4] [-5 -3  4] [0 0 1] [0 0 1] [0 0 1] ]
[ [-1  1  4] [ 1 -1  4] [0 0 1] [0 0 1] [0 0 1] ]
[ [0 0 1] [0 0 1] [1 1 4] [-5 -1  4] [0 0 1] ]
[ [0 0 1] [0 0 1] [ 3 -1  4] [1 1 4] [0 0 1] ]
[ [0 0 1] [0 0 1] [0 0 1] [0 0 1] [1 0 1] ]

# 9
[ [-1  1  4] [-5 -3  4] [0 0 1] [0 0 1] [0 0 1] ]
[ [-1  1  4] [-1  1  4] [0 0 1] [0 0 1] [0 0 1] ]
[ [0 0 1] [0 0 1] [-1 -1  4] [-5 -1  4] [0 0 1] ]
[ [0 0 1] [0 0 1] [ 3 -1  4] [-1 -1  4] [0 0 1] ]
[ [0 0 1] [0 0 1] [0 0 1] [0 0 1] [1 0 1] ]

# 10
[ [1 1 4] [-5 -1  4] [0 0 1] [0 0 1] [0 0 1] ]
[ [ 3 -1  4] [1 1 4] [0 0 1] [0 0 1] [0 0 1] ]
[ [0 0 1] [0 0 1] [ 1 -1  4] [5 3 4] [0 0 1] ]
[ [0 0 1] [0 0 1] [ 1 -1  4] [ 1 -1  4] [0 0 1] ]
[ [0 0 1] [0 0 1] [0 0 1] [0 0 1] [1 0 1] ]

# 11
[ [1 0 1] [0 0 1] [0 0 1] [0 0 1] [0 0 1] ]
[ [0 0 1] [-1  0  1] [0 0 1] [0 0 1] [0 0 1] ]
[ [0 0 1] [0 0 1] [1 0 1] [0 0 1] [0 0 1] ]
[ [0 0 1] [0 0 1] [0 0 1] [-1  0  1] [0 0 1] ]
[ [0 0 1] [0 0 1] [0 0 1] [0 0 1] [1 0 1] ]

# 12
[ [1 1 4] [5 1 4] [0 0 1] [0 0 1] [0 0 1] ]
[ [ 3 -1  4] [-1 -1  4] [0 0 1] [0 0 1] [0 0 1] ]
[ [0 0 1] [0 0 1] [ 1 -1  4] [-5 -3  4] [0 0 1] ]
[ [0 0 1] [0 0 1] [ 1 -1  4] [-1  1  4] [0 0 1] ]
[ [0 0 1] [0 0 1] [0 0 1] [0 0 1] [1 0 1] ]

# 13
[ [-1  1  4] [5 3 4] [0 0 1] [0 0 1] [0 0 1] ]
[ [-1  1  4] [ 1 -1  4] [0 0 1] [0 0 1] [0 0 1] ]
[ [0 0 1] [0 0 1] [-1 -1  4] [5 1 4] [0 0 1] ]
[ [0 0 1] [0 0 1] [ 3 -1  4] [1 1 4] [0 0 1] ]
[ [0 0 1] [0 0 1] [0 0 1] [0 0 1] [1 0 1] ]

# 14
[ [ 1 -1  4] [5 3 4] [0 0 1] [0 0 1] [0 0 1] ]
[ [-1  1  4] [-1  1  4] [0 0 1] [0 0 1] [0 0 1] ]
[ [0 0 1] [0 0 1] [1 1 4] [5 1 4] [0 0 1] ]
[ [0 0 1] [0 0 1] [ 3 -1  4] [-1 -1  4] [0 0 1] ]
[ [0 0 1] [0 0 1] [0 0 1] [0 0 1] [1 0 1] ]

# 15
[ [-1 -1  4] [5 1 4] [0 0 1] [0 0 1] [0 0 1] ]
[ [ 3 -1  4] [1 1 4] [0 0 1] [0 0 1] [0 0 1] ]
[ [0 0 1] [0 0 1] [-1  1  4] [-5 -3  4] [0 0 1] ]
[ [0 0 1] [0 0 1] [ 1 -1  4] [ 1 -1  4] [0 0 1] ]
[ [0 0 1] [0 0 1] [0 0 1] [0 0 1] [1 0 1] ]

# 16
[ [-1  0  1] [0 0 1] [0 0 1] [0 0 1] [0 0 1] ]
[ [0 0 1] [1 0 1] [0 0 1] [0 0 1] [0 0 1] ]
[ [0 0 1] [0 0 1] [-1  0  1] [0 0 1] [0 0 1] ]
[ [0 0 1] [0 0 1] [0 0 1] [1 0 1] [0 0 1] ]
[ [0 0 1] [0 0 1] [0 0 1] [0 0 1] [1 0 1] ]

# 17
[ [-1 -1  4] [-5 -1  4] [0 0 1] [0 0 1] [0 0 1] ]
[ [-3  1  4] [1 1 4] [0 0 1] [0 0 1] [0 0 1] ]
[ [0 0 1] [0 0 1] [-1  1  4] [5 3 4] [0 0 1] ]
[ [0 0 1] [0 0 1] [-1  1  4] [ 1 -1  4] [0 0 1] ]
[ [0 0 1] [0 0 1] [0 0 1] [0 0 1] [1 0 1] ]

# 18
[ [ 1 -1  4] [-5 -3  4] [0 0 1] [0 0 1] [0 0 1] ]
[ [ 1 -1  4] [-1  1  4] [0 0 1] [0 0 1] [0 0 1] ]
[ [0 0 1] [0 0 1] [1 1 4] [-5 -1  4] [0 0 1] ]
[ [0 0 1] [0 0 1] [-3  1  4] [-1 -1  4] [0 0 1] ]
[ [0 0 1] [0 0 1] [0 0 1] [0 0 1] [1 0 1] ]

# 19
[ [-1  1  4] [-5 -3  4] [0 0 1] [0 0 1] [0 0 1] ]
[ [ 1 -1  4] [ 1 -1  4] [0 0 1] [0 0 1] [0 0 1] ]
[ [0 0 1] [0 0 1] [-1 -1  4] [-5 -1  4] [0 0 1] ]
[ [0 0 1] [0 0 1] [-3  1  4] [1 1 4] [0 0 1] ]
[ [0 0 1] [0 0 1] [0 0 1] [0 0 1] [1 0 1] ]

# 20
[ [1 1 4] [-5 -1  4] [0 0 1] [0 0 1] [0 0 1] ]
[ [-3  1  4] [-1 -1  4] [0 0 1] [0 0 1] [0 0 1] ]
[ [0 0 1] [0 0 1] [ 1 -1  4] [5 3 4] [0 0 1] ]
[ [0 0 1] [0 0 1] [-1  1  4] [-1  1  4] [0 0 1] ]
[ [0 0 1] [0 0 1] [0 0 1] [0 0 1] [1 0 1] ]

# 21
[ [-1  0  1] [0 0 1] [0 0 1] [0 0 1] [0 0 1] ]
[ [0 0 1] [-1  0  1] [0 0 1] [0 0 1] [0 0 1] ]
[ [0 0 1] [0 0 1] [-1  0  1] [0 0 1] [0 0 1] ]
[ [0 0 1] [0 0 1] [0 0 1] [-1  0  1] [0 0 1] ]
[ [0 0 1] [0 0 1] [0 0 1] [0 0 1] [-1  0  1] ]

# 22
[ [-1 -1  4] [-5 -1  4] [0 0 1] [0 0 1] [0 0 1] ]
[ [ 3 -1  4] [-1 -1  4] [0 0 1] [0 0 1] [0 0 1] ]
[ [0 0 1] [0 0 1] [-1  1  4] [5 3 4] [0 0 1] ]
[ [0 0 1] [0 0 1] [ 1 -1  4] [-1  1  4] [0 0 1] ]
[ [0 0 1] [0 0 1] [0 0 1] [0 0 1] [-1  0  1] ]

# 23
[ [ 1 -1  4] [-5 -3  4] [0 0 1] [0 0 1] [0 0 1] ]
[ [-1  1  4] [ 1 -1  4] [0 0 1] [0 0 1] [0 0 1] ]
[ [0 0 1] [0 0 1] [1 1 4] [-5 -1  4] [0 0 1] ]
[ [0 0 1] [0 0 1] [ 3 -1  4] [1 1 4] [0 0 1] ]
[ [0 0 1] [0 0 1] [0 0 1] [0 0 1] [-1  0  1] ]

# 24
[ [-1  1  4] [-5 -3  4] [0 0 1] [0 0 1] [0 0 1] ]
[ [-1  1  4] [-1  1  4] [0 0 1] [0 0 1] [0 0 1] ]
[ [0 0 1] [0 0 1] [-1 -1  4] [-5 -1  4] [0 0 1] ]
[ [0 0 1] [0 0 1] [ 3 -1  4] [-1 -1  4] [0 0 1] ]
[ [0 0 1] [0 0 1] [0 0 1] [0 0 1] [-1  0  1] ]

# 25
[ [1 1 4] [-5 -1  4] [0 0 1] [0 0 1] [0 0 1] ]
[ [ 3 -1  4] [1 1 4] [0 0 1] [0 0 1] [0 0 1] ]
[ [0 0 1] [0 0 1] [ 1 -1  4] [5 3 4] [0 0 1] ]
[ [0 0 1] [0 0 1] [ 1 -1  4] [ 1 -1  4] [0 0 1] ]
[ [0 0 1] [0 0 1] [0 0 1] [0 0 1] [-1  0  1] ]

# 26
[ [1 0 1] [0 0 1] [0 0 1] [0 0 1] [0 0 1] ]
[ [0 0 1] [1 0 1] [0 0 1] [0 0 1] [0 0 1] ]
[ [0 0 1] [0 0 1] [1 0 1] [0 0 1] [0 0 1] ]
[ [0 0 1] [0 0 1] [0 0 1] [1 0 1] [0 0 1] ]
[ [0 0 1] [0 0 1] [0 0 1] [0 0 1] [-1  0  1] ]

# 27
[ [1 1 4] [5 1 4] [0 0 1] [0 0 1] [0 0 1] ]
[ [-3  1  4] [1 1 4] [0 0 1] [0 0 1] [0 0 1] ]
[ [0 0 1] [0 0 1] [ 1 -1  4] [-5 -3  4] [0 0 1] ]
[ [0 0 1] [0 0 1] [-1  1  4] [ 1 -1  4] [0 0 1] ]
[ [0 0 1] [0 0 1] [0 0 1] [0 0 1] [-1  0  1] ]

# 28
[ [-1  1  4] [5 3 4] [0 0 1] [0 0 1] [0 0 1] ]
[ [ 1 -1  4] [-1  1  4] [0 0 1] [0 0 1] [0 0 1] ]
[ [0 0 1] [0 0 1] [-1 -1  4] [5 1 4] [0 0 1] ]
[ [0 0 1] [0 0 1] [-3  1  4] [-1 -1  4] [0 0 1] ]
[ [0 0 1] [0 0 1] [0 0 1] [0 0 1] [-1  0  1] ]

# 29
[ [ 1 -1  4] [5 3 4] [0 0 1] [0 0 1] [0 0 1] ]
[ [ 1 -1  4] [ 1 -1  4] [0 0 1] [0 0 1] [0 0 1] ]
[ [0 0 1] [0 0 1] [1 1 4] [5 1 4] [0 0 1] ]
[ [0 0 1] [0 0 1] [-3  1  4] [1 1 4] [0 0 1] ]
[ [0 0 1] [0 0 1] [0 0 1] [0 0 1] [-1  0  1] ]

# 30
[ [-1 -1  4] [5 1 4] [0 0 1] [0 0 1] [0 0 1] ]
[ [-3  1  4] [-1 -1  4] [0 0 1] [0 0 1] [0 0 1] ]
[ [0 0 1] [0 0 1] [-1  1  4] [-5 -3  4] [0 0 1] ]
[ [0 0 1] [0 0 1] [-1  1  4] [-1  1  4] [0 0 1] ]
[ [0 0 1] [0 0 1] [0 0 1] [0 0 1] [-1  0  1] ]

# 31
[ [-1  0  1] [0 0 1] [0 0 1] [0 0 1] [0 0 1] ]
[ [0 0 1] [1 0 1] [0 0 1] [0 0 1] [0 0 1] ]
[ [0 0 1] [0 0 1] [-1  0  1] [0 0 1] [0 0 1] ]
[ [0 0 1] [0 0 1] [0 0 1] [1 0 1] [0 0 1] ]
[ [0 0 1] [0 0 1] [0 0 1] [0 0 1] [-1  0  1] ]

# 32
[ [-1 -1  4] [-5 -1  4] [0 0 1] [0 0 1] [0 0 1] ]
[ [-3  1  4] [1 1 4] [0 0 1] [0 0 1] [0 0 1] ]
[ [0 0 1] [0 0 1] [-1  1  4] [5 3 4] [0 0 1] ]
[ [0 0 1] [0 0 1] [-1  1  4] [ 1 -1  4] [0 0 1] ]
[ [0 0 1] [0 0 1] [0 0 1] [0 0 1] [-1  0  1] ]

# 33
[ [ 1 -1  4] [-5 -3  4] [0 0 1] [0 0 1] [0 0 1] ]
[ [ 1 -1  4] [-1  1  4] [0 0 1] [0 0 1] [0 0 1] ]
[ [0 0 1] [0 0 1] [1 1 4] [-5 -1  4] [0 0 1] ]
[ [0 0 1] [0 0 1] [-3  1  4] [-1 -1  4] [0 0 1] ]
[ [0 0 1] [0 0 1] [0 0 1] [0 0 1] [-1  0  1] ]

# 34
[ [-1  1  4] [-5 -3  4] [0 0 1] [0 0 1] [0 0 1] ]
[ [ 1 -1  4] [ 1 -1  4] [0 0 1] [0 0 1] [0 0 1] ]
[ [0 0 1] [0 0 1] [-1 -1  4] [-5 -1  4] [0 0 1] ]
[ [0 0 1] [0 0 1] [-3  1  4] [1 1 4] [0 0 1] ]
[ [0 0 1] [0 0 1] [0 0 1] [0 0 1] [-1  0  1] ]

# 35
[ [1 1 4] [-5 -1  4] [0 0 1] [0 0 1] [0 0 1] ]
[ [-3  1  4] [-1 -1  4] [0 0 1] [0 0 1] [0 0 1] ]
[ [0 0 1] [0 0 1] [ 1 -1  4] [5 3 4] [0 0 1] ]
[ [0 0 1] [0 0 1] [-1  1  4] [-1  1  4] [0 0 1] ]
[ [0 0 1] [0 0 1] [0 0 1] [0 0 1] [-1  0  1] ]

# 36
[ [1 0 1] [0 0 1] [0 0 1] [0 0 1] [0 0 1] ]
[ [0 0 1] [-1  0  1] [0 0 1] [0 0 1] [0 0 1] ]
[ [0 0 1] [0 0 1] [1 0 1] [0 0 1] [0 0 1] ]
[ [0 0 1] [0 0 1] [0 0 1] [-1  0  1] [0 0 1] ]
[ [0 0 1] [0 0 1] [0 0 1] [0 0 1] [-1  0  1] ]

# 37
[ [1 1 4] [5 1 4] [0 0 1] [0 0 1] [0 0 1] ]
[ [ 3 -1  4] [-1 -1  4] [0 0 1] [0 0 1] [0 0 1] ]
[ [0 0 1] [0 0 1] [ 1 -1  4] [-5 -3  4] [0 0 1] ]
[ [0 0 1] [0 0 1] [ 1 -1  4] [-1  1  4] [0 0 1] ]
[ [0 0 1] [0 0 1] [0 0 1] [0 0 1] [-1  0  1] ]

# 38
[ [-1  1  4] [5 3 4] [0 0 1] [0 0 1] [0 0 1] ]
[ [-1  1  4] [ 1 -1  4] [0 0 1] [0 0 1] [0 0 1] ]
[ [0 0 1] [0 0 1] [-1 -1  4] [5 1 4] [0 0 1] ]
[ [0 0 1] [0 0 1] [ 3 -1  4] [1 1 4] [0 0 1] ]
[ [0 0 1] [0 0 1] [0 0 1] [0 0 1] [-1  0  1] ]

# 39
[ [ 1 -1  4] [5 3 4] [0 0 1] [0 0 1] [0 0 1] ]
[ [-1  1  4] [-1  1  4] [0 0 1] [0 0 1] [0 0 1] ]
[ [0 0 1] [0 0 1] [1 1 4] [5 1 4] [0 0 1] ]
[ [0 0 1] [0 0 1] [ 3 -1  4] [-1 -1  4] [0 0 1] ]
[ [0 0 1] [0 0 1] [0 0 1] [0 0 1] [-1  0  1] ]

# 40
[ [-1 -1  4] [5 1 4] [0 0 1] [0 0 1] [0 0 1] ]
[ [ 3 -1  4] [1 1 4] [0 0 1] [0 0 1] [0 0 1] ]
[ [0 0 1] [0 0 1] [-1  1  4] [-5 -3  4] [0 0 1] ]
[ [0 0 1] [0 0 1] [ 1 -1  4] [ 1 -1  4] [0 0 1] ]
[ [0 0 1] [0 0 1] [0 0 1] [0 0 1] [-1  0  1] ]

mpltbl [[ 0  1  2 ... 37 38 39]
 [ 1  2  3 ... 36 37 38]
 [ 2  3  4 ... 35 36 37]
 ...
 [37 38 39 ...  0  1  2]
 [38 39 30 ...  9  0  1]
 [39 30 31 ...  8  9  0]]
nr 40
Deca
qnr[i]
[ [1 0 1] [0 0 1] [0 0 1] [0 0 1] [0 0 1] ]
[ [0 0 1] [1 0 1] [0 0 1] [0 0 1] [0 0 1] ]
[ [0 0 1] [0 0 1] [1 0 1] [0 0 1] [0 0 1] ]
[ [0 0 1] [0 0 1] [0 0 1] [1 0 1] [0 0 1] ]
[ [0 0 1] [0 0 1] [0 0 1] [0 0 1] [1 0 1] ]

qnr[i]
[ [1 1 4] [5 1 4] [0 0 1] [0 0 1] [0 0 1] ]
[ [-3  1  4] [1 1 4] [0 0 1] [0 0 1] [0 0 1] ]
[ [0 0 1] [0 0 1] [ 1 -1  4] [-5 -3  4] [0 0 1] ]
[ [0 0 1] [0 0 1] [-1  1  4] [ 1 -1  4] [0 0 1] ]
[ [0 0 1] [0 0 1] [0 0 1] [0 0 1] [1 0 1] ]

qnr[i]
[ [-1  1  4] [5 3 4] [0 0 1] [0 0 1] [0 0 1] ]
[ [ 1 -1  4] [-1  1  4] [0 0 1] [0 0 1] [0 0 1] ]
[ [0 0 1] [0 0 1] [-1 -1  4] [5 1 4] [0 0 1] ]
[ [0 0 1] [0 0 1] [-3  1  4] [-1 -1  4] [0 0 1] ]
[ [0 0 1] [0 0 1] [0 0 1] [0 0 1] [1 0 1] ]

qnr[i]
[ [ 1 -1  4] [5 3 4] [0 0 1] [0 0 1] [0 0 1] ]
[ [ 1 -1  4] [ 1 -1  4] [0 0 1] [0 0 1] [0 0 1] ]
[ [0 0 1] [0 0 1] [1 1 4] [5 1 4] [0 0 1] ]
[ [0 0 1] [0 0 1] [-3  1  4] [1 1 4] [0 0 1] ]
[ [0 0 1] [0 0 1] [0 0 1] [0 0 1] [1 0 1] ]

qnr[i]
[ [-1 -1  4] [5 1 4] [0 0 1] [0 0 1] [0 0 1] ]
[ [-3  1  4] [-1 -1  4] [0 0 1] [0 0 1] [0 0 1] ]
[ [0 0 1] [0 0 1] [-1  1  4] [-5 -3  4] [0 0 1] ]
[ [0 0 1] [0 0 1] [-1  1  4] [-1  1  4] [0 0 1] ]
[ [0 0 1] [0 0 1] [0 0 1] [0 0 1] [1 0 1] ]

qnr[i]
[ [-1  0  1] [0 0 1] [0 0 1] [0 0 1] [0 0 1] ]
[ [0 0 1] [-1  0  1] [0 0 1] [0 0 1] [0 0 1] ]
[ [0 0 1] [0 0 1] [-1  0  1] [0 0 1] [0 0 1] ]
[ [0 0 1] [0 0 1] [0 0 1] [-1  0  1] [0 0 1] ]
[ [0 0 1] [0 0 1] [0 0 1] [0 0 1] [1 0 1] ]

qnr[i]
[ [-1 -1  4] [-5 -1  4] [0 0 1] [0 0 1] [0 0 1] ]
[ [ 3 -1  4] [-1 -1  4] [0 0 1] [0 0 1] [0 0 1] ]
[ [0 0 1] [0 0 1] [-1  1  4] [5 3 4] [0 0 1] ]
[ [0 0 1] [0 0 1] [ 1 -1  4] [-1  1  4] [0 0 1] ]
[ [0 0 1] [0 0 1] [0 0 1] [0 0 1] [1 0 1] ]

qnr[i]
[ [ 1 -1  4] [-5 -3  4] [0 0 1] [0 0 1] [0 0 1] ]
[ [-1  1  4] [ 1 -1  4] [0 0 1] [0 0 1] [0 0 1] ]
[ [0 0 1] [0 0 1] [1 1 4] [-5 -1  4] [0 0 1] ]
[ [0 0 1] [0 0 1] [ 3 -1  4] [1 1 4] [0 0 1] ]
[ [0 0 1] [0 0 1] [0 0 1] [0 0 1] [1 0 1] ]

qnr[i]
[ [-1  1  4] [-5 -3  4] [0 0 1] [0 0 1] [0 0 1] ]
[ [-1  1  4] [-1  1  4] [0 0 1] [0 0 1] [0 0 1] ]
[ [0 0 1] [0 0 1] [-1 -1  4] [-5 -1  4] [0 0 1] ]
[ [0 0 1] [0 0 1] [ 3 -1  4] [-1 -1  4] [0 0 1] ]
[ [0 0 1] [0 0 1] [0 0 1] [0 0 1] [1 0 1] ]

qnr[i]
[ [1 1 4] [-5 -1  4] [0 0 1] [0 0 1] [0 0 1] ]
[ [ 3 -1  4] [1 1 4] [0 0 1] [0 0 1] [0 0 1] ]
[ [0 0 1] [0 0 1] [ 1 -1  4] [5 3 4] [0 0 1] ]
[ [0 0 1] [0 0 1] [ 1 -1  4] [ 1 -1  4] [0 0 1] ]
[ [0 0 1] [0 0 1] [0 0 1] [0 0 1] [1 0 1] ]

qnr[i]
[ [1 0 1] [0 0 1] [0 0 1] [0 0 1] [0 0 1] ]
[ [0 0 1] [-1  0  1] [0 0 1] [0 0 1] [0 0 1] ]
[ [0 0 1] [0 0 1] [1 0 1] [0 0 1] [0 0 1] ]
[ [0 0 1] [0 0 1] [0 0 1] [-1  0  1] [0 0 1] ]
[ [0 0 1] [0 0 1] [0 0 1] [0 0 1] [1 0 1] ]

qnr[i]
[ [1 1 4] [5 1 4] [0 0 1] [0 0 1] [0 0 1] ]
[ [ 3 -1  4] [-1 -1  4] [0 0 1] [0 0 1] [0 0 1] ]
[ [0 0 1] [0 0 1] [ 1 -1  4] [-5 -3  4] [0 0 1] ]
[ [0 0 1] [0 0 1] [ 1 -1  4] [-1  1  4] [0 0 1] ]
[ [0 0 1] [0 0 1] [0 0 1] [0 0 1] [1 0 1] ]

qnr[i]
[ [-1  1  4] [5 3 4] [0 0 1] [0 0 1] [0 0 1] ]
[ [-1  1  4] [ 1 -1  4] [0 0 1] [0 0 1] [0 0 1] ]
[ [0 0 1] [0 0 1] [-1 -1  4] [5 1 4] [0 0 1] ]
[ [0 0 1] [0 0 1] [ 3 -1  4] [1 1 4] [0 0 1] ]
[ [0 0 1] [0 0 1] [0 0 1] [0 0 1] [1 0 1] ]

qnr[i]
[ [ 1 -1  4] [5 3 4] [0 0 1] [0 0 1] [0 0 1] ]
[ [-1  1  4] [-1  1  4] [0 0 1] [0 0 1] [0 0 1] ]
[ [0 0 1] [0 0 1] [1 1 4] [5 1 4] [0 0 1] ]
[ [0 0 1] [0 0 1] [ 3 -1  4] [-1 -1  4] [0 0 1] ]
[ [0 0 1] [0 0 1] [0 0 1] [0 0 1] [1 0 1] ]

qnr[i]
[ [-1 -1  4] [5 1 4] [0 0 1] [0 0 1] [0 0 1] ]
[ [ 3 -1  4] [1 1 4] [0 0 1] [0 0 1] [0 0 1] ]
[ [0 0 1] [0 0 1] [-1  1  4] [-5 -3  4] [0 0 1] ]
[ [0 0 1] [0 0 1] [ 1 -1  4] [ 1 -1  4] [0 0 1] ]
[ [0 0 1] [0 0 1] [0 0 1] [0 0 1] [1 0 1] ]

qnr[i]
[ [-1  0  1] [0 0 1] [0 0 1] [0 0 1] [0 0 1] ]
[ [0 0 1] [1 0 1] [0 0 1] [0 0 1] [0 0 1] ]
[ [0 0 1] [0 0 1] [-1  0  1] [0 0 1] [0 0 1] ]
[ [0 0 1] [0 0 1] [0 0 1] [1 0 1] [0 0 1] ]
[ [0 0 1] [0 0 1] [0 0 1] [0 0 1] [1 0 1] ]

qnr[i]
[ [-1 -1  4] [-5 -1  4] [0 0 1] [0 0 1] [0 0 1] ]
[ [-3  1  4] [1 1 4] [0 0 1] [0 0 1] [0 0 1] ]
[ [0 0 1] [0 0 1] [-1  1  4] [5 3 4] [0 0 1] ]
[ [0 0 1] [0 0 1] [-1  1  4] [ 1 -1  4] [0 0 1] ]
[ [0 0 1] [0 0 1] [0 0 1] [0 0 1] [1 0 1] ]

qnr[i]
[ [ 1 -1  4] [-5 -3  4] [0 0 1] [0 0 1] [0 0 1] ]
[ [ 1 -1  4] [-1  1  4] [0 0 1] [0 0 1] [0 0 1] ]
[ [0 0 1] [0 0 1] [1 1 4] [-5 -1  4] [0 0 1] ]
[ [0 0 1] [0 0 1] [-3  1  4] [-1 -1  4] [0 0 1] ]
[ [0 0 1] [0 0 1] [0 0 1] [0 0 1] [1 0 1] ]

qnr[i]
[ [-1  1  4] [-5 -3  4] [0 0 1] [0 0 1] [0 0 1] ]
[ [ 1 -1  4] [ 1 -1  4] [0 0 1] [0 0 1] [0 0 1] ]
[ [0 0 1] [0 0 1] [-1 -1  4] [-5 -1  4] [0 0 1] ]
[ [0 0 1] [0 0 1] [-3  1  4] [1 1 4] [0 0 1] ]
[ [0 0 1] [0 0 1] [0 0 1] [0 0 1] [1 0 1] ]

qnr[i]
[ [1 1 4] [-5 -1  4] [0 0 1] [0 0 1] [0 0 1] ]
[ [-3  1  4] [-1 -1  4] [0 0 1] [0 0 1] [0 0 1] ]
[ [0 0 1] [0 0 1] [ 1 -1  4] [5 3 4] [0 0 1] ]
[ [0 0 1] [0 0 1] [-1  1  4] [-1  1  4] [0 0 1] ]
[ [0 0 1] [0 0 1] [0 0 1] [0 0 1] [1 0 1] ]

qnr[i]
[ [-1  0  1] [0 0 1] [0 0 1] [0 0 1] [0 0 1] ]
[ [0 0 1] [-1  0  1] [0 0 1] [0 0 1] [0 0 1] ]
[ [0 0 1] [0 0 1] [-1  0  1] [0 0 1] [0 0 1] ]
[ [0 0 1] [0 0 1] [0 0 1] [-1  0  1] [0 0 1] ]
[ [0 0 1] [0 0 1] [0 0 1] [0 0 1] [-1  0  1] ]

qnr[i]
[ [-1 -1  4] [-5 -1  4] [0 0 1] [0 0 1] [0 0 1] ]
[ [ 3 -1  4] [-1 -1  4] [0 0 1] [0 0 1] [0 0 1] ]
[ [0 0 1] [0 0 1] [-1  1  4] [5 3 4] [0 0 1] ]
[ [0 0 1] [0 0 1] [ 1 -1  4] [-1  1  4] [0 0 1] ]
[ [0 0 1] [0 0 1] [0 0 1] [0 0 1] [-1  0  1] ]

qnr[i]
[ [ 1 -1  4] [-5 -3  4] [0 0 1] [0 0 1] [0 0 1] ]
[ [-1  1  4] [ 1 -1  4] [0 0 1] [0 0 1] [0 0 1] ]
[ [0 0 1] [0 0 1] [1 1 4] [-5 -1  4] [0 0 1] ]
[ [0 0 1] [0 0 1] [ 3 -1  4] [1 1 4] [0 0 1] ]
[ [0 0 1] [0 0 1] [0 0 1] [0 0 1] [-1  0  1] ]

qnr[i]
[ [-1  1  4] [-5 -3  4] [0 0 1] [0 0 1] [0 0 1] ]
[ [-1  1  4] [-1  1  4] [0 0 1] [0 0 1] [0 0 1] ]
[ [0 0 1] [0 0 1] [-1 -1  4] [-5 -1  4] [0 0 1] ]
[ [0 0 1] [0 0 1] [ 3 -1  4] [-1 -1  4] [0 0 1] ]
[ [0 0 1] [0 0 1] [0 0 1] [0 0 1] [-1  0  1] ]

qnr[i]
[ [1 1 4] [-5 -1  4] [0 0 1] [0 0 1] [0 0 1] ]
[ [ 3 -1  4] [1 1 4] [0 0 1] [0 0 1] [0 0 1] ]
[ [0 0 1] [0 0 1] [ 1 -1  4] [5 3 4] [0 0 1] ]
[ [0 0 1] [0 0 1] [ 1 -1  4] [ 1 -1  4] [0 0 1] ]
[ [0 0 1] [0 0 1] [0 0 1] [0 0 1] [-1  0  1] ]

qnr[i]
[ [1 0 1] [0 0 1] [0 0 1] [0 0 1] [0 0 1] ]
[ [0 0 1] [1 0 1] [0 0 1] [0 0 1] [0 0 1] ]
[ [0 0 1] [0 0 1] [1 0 1] [0 0 1] [0 0 1] ]
[ [0 0 1] [0 0 1] [0 0 1] [1 0 1] [0 0 1] ]
[ [0 0 1] [0 0 1] [0 0 1] [0 0 1] [-1  0  1] ]

qnr[i]
[ [1 1 4] [5 1 4] [0 0 1] [0 0 1] [0 0 1] ]
[ [-3  1  4] [1 1 4] [0 0 1] [0 0 1] [0 0 1] ]
[ [0 0 1] [0 0 1] [ 1 -1  4] [-5 -3  4] [0 0 1] ]
[ [0 0 1] [0 0 1] [-1  1  4] [ 1 -1  4] [0 0 1] ]
[ [0 0 1] [0 0 1] [0 0 1] [0 0 1] [-1  0  1] ]

qnr[i]
[ [-1  1  4] [5 3 4] [0 0 1] [0 0 1] [0 0 1] ]
[ [ 1 -1  4] [-1  1  4] [0 0 1] [0 0 1] [0 0 1] ]
[ [0 0 1] [0 0 1] [-1 -1  4] [5 1 4] [0 0 1] ]
[ [0 0 1] [0 0 1] [-3  1  4] [-1 -1  4] [0 0 1] ]
[ [0 0 1] [0 0 1] [0 0 1] [0 0 1] [-1  0  1] ]

qnr[i]
[ [ 1 -1  4] [5 3 4] [0 0 1] [0 0 1] [0 0 1] ]
[ [ 1 -1  4] [ 1 -1  4] [0 0 1] [0 0 1] [0 0 1] ]
[ [0 0 1] [0 0 1] [1 1 4] [5 1 4] [0 0 1] ]
[ [0 0 1] [0 0 1] [-3  1  4] [1 1 4] [0 0 1] ]
[ [0 0 1] [0 0 1] [0 0 1] [0 0 1] [-1  0  1] ]

qnr[i]
[ [-1 -1  4] [5 1 4] [0 0 1] [0 0 1] [0 0 1] ]
[ [-3  1  4] [-1 -1  4] [0 0 1] [0 0 1] [0 0 1] ]
[ [0 0 1] [0 0 1] [-1  1  4] [-5 -3  4] [0 0 1] ]
[ [0 0 1] [0 0 1] [-1  1  4] [-1  1  4] [0 0 1] ]
[ [0 0 1] [0 0 1] [0 0 1] [0 0 1] [-1  0  1] ]

qnr[i]
[ [-1  0  1] [0 0 1] [0 0 1] [0 0 1] [0 0 1] ]
[ [0 0 1] [1 0 1] [0 0 1] [0 0 1] [0 0 1] ]
[ [0 0 1] [0 0 1] [-1  0  1] [0 0 1] [0 0 1] ]
[ [0 0 1] [0 0 1] [0 0 1] [1 0 1] [0 0 1] ]
[ [0 0 1] [0 0 1] [0 0 1] [0 0 1] [-1  0  1] ]

qnr[i]
[ [-1 -1  4] [-5 -1  4] [0 0 1] [0 0 1] [0 0 1] ]
[ [-3  1  4] [1 1 4] [0 0 1] [0 0 1] [0 0 1] ]
[ [0 0 1] [0 0 1] [-1  1  4] [5 3 4] [0 0 1] ]
[ [0 0 1] [0 0 1] [-1  1  4] [ 1 -1  4] [0 0 1] ]
[ [0 0 1] [0 0 1] [0 0 1] [0 0 1] [-1  0  1] ]

qnr[i]
[ [ 1 -1  4] [-5 -3  4] [0 0 1] [0 0 1] [0 0 1] ]
[ [ 1 -1  4] [-1  1  4] [0 0 1] [0 0 1] [0 0 1] ]
[ [0 0 1] [0 0 1] [1 1 4] [-5 -1  4] [0 0 1] ]
[ [0 0 1] [0 0 1] [-3  1  4] [-1 -1  4] [0 0 1] ]
[ [0 0 1] [0 0 1] [0 0 1] [0 0 1] [-1  0  1] ]

qnr[i]
[ [-1  1  4] [-5 -3  4] [0 0 1] [0 0 1] [0 0 1] ]
[ [ 1 -1  4] [ 1 -1  4] [0 0 1] [0 0 1] [0 0 1] ]
[ [0 0 1] [0 0 1] [-1 -1  4] [-5 -1  4] [0 0 1] ]
[ [0 0 1] [0 0 1] [-3  1  4] [1 1 4] [0 0 1] ]
[ [0 0 1] [0 0 1] [0 0 1] [0 0 1] [-1  0  1] ]

qnr[i]
[ [1 1 4] [-5 -1  4] [0 0 1] [0 0 1] [0 0 1] ]
[ [-3  1  4] [-1 -1  4] [0 0 1] [0 0 1] [0 0 1] ]
[ [0 0 1] [0 0 1] [ 1 -1  4] [5 3 4] [0 0 1] ]
[ [0 0 1] [0 0 1] [-1  1  4] [-1  1  4] [0 0 1] ]
[ [0 0 1] [0 0 1] [0 0 1] [0 0 1] [-1  0  1] ]

qnr[i]
[ [1 0 1] [0 0 1] [0 0 1] [0 0 1] [0 0 1] ]
[ [0 0 1] [-1  0  1] [0 0 1] [0 0 1] [0 0 1] ]
[ [0 0 1] [0 0 1] [1 0 1] [0 0 1] [0 0 1] ]
[ [0 0 1] [0 0 1] [0 0 1] [-1  0  1] [0 0 1] ]
[ [0 0 1] [0 0 1] [0 0 1] [0 0 1] [-1  0  1] ]

qnr[i]
[ [1 1 4] [5 1 4] [0 0 1] [0 0 1] [0 0 1] ]
[ [ 3 -1  4] [-1 -1  4] [0 0 1] [0 0 1] [0 0 1] ]
[ [0 0 1] [0 0 1] [ 1 -1  4] [-5 -3  4] [0 0 1] ]
[ [0 0 1] [0 0 1] [ 1 -1  4] [-1  1  4] [0 0 1] ]
[ [0 0 1] [0 0 1] [0 0 1] [0 0 1] [-1  0  1] ]

qnr[i]
[ [-1  1  4] [5 3 4] [0 0 1] [0 0 1] [0 0 1] ]
[ [-1  1  4] [ 1 -1  4] [0 0 1] [0 0 1] [0 0 1] ]
[ [0 0 1] [0 0 1] [-1 -1  4] [5 1 4] [0 0 1] ]
[ [0 0 1] [0 0 1] [ 3 -1  4] [1 1 4] [0 0 1] ]
[ [0 0 1] [0 0 1] [0 0 1] [0 0 1] [-1  0  1] ]

qnr[i]
[ [ 1 -1  4] [5 3 4] [0 0 1] [0 0 1] [0 0 1] ]
[ [-1  1  4] [-1  1  4] [0 0 1] [0 0 1] [0 0 1] ]
[ [0 0 1] [0 0 1] [1 1 4] [5 1 4] [0 0 1] ]
[ [0 0 1] [0 0 1] [ 3 -1  4] [-1 -1  4] [0 0 1] ]
[ [0 0 1] [0 0 1] [0 0 1] [0 0 1] [-1  0  1] ]

qnr[i]
[ [-1 -1  4] [5 1 4] [0 0 1] [0 0 1] [0 0 1] ]
[ [ 3 -1  4] [1 1 4] [0 0 1] [0 0 1] [0 0 1] ]
[ [0 0 1] [0 0 1] [-1  1  4] [-5 -3  4] [0 0 1] ]
[ [0 0 1] [0 0 1] [ 1 -1  4] [ 1 -1  4] [0 0 1] ]
[ [0 0 1] [0 0 1] [0 0 1] [0 0 1] [-1  0  1] ]

Qnprj_Dode prj
[ [0 1 2] [-1  0  2] [ 0 -1  2] [-1  0  2] [0 0 1] ]
[ [1 0 1] [0 0 1] [1 0 1] [0 0 1] [0 0 1] ]
[ [0 0 1] [1 0 1] [0 0 1] [1 0 1] [0 0 1] ]
[ [-1  0  2] [0 1 2] [-1  0  2] [ 0 -1  2] [0 0 1] ]
[ [0 0 1] [0 0 1] [0 0 1] [0 0 1] [1 0 1] ]

Qnprj_Dode prj
[ [0 1 2] [-1  0  2] [ 0 -1  2] [-1  0  2] [0 0 1] ]
[ [1 0 1] [0 0 1] [1 0 1] [0 0 1] [0 0 1] ]
[ [0 0 1] [1 0 1] [0 0 1] [1 0 1] [0 0 1] ]
[ [-1  0  2] [0 1 2] [-1  0  2] [ 0 -1  2] [0 0 1] ]
[ [0 0 1] [0 0 1] [0 0 1] [0 0 1] [1 0 1] ]

# 1
[  0 1 0 0 0 ]
[  0 0 1 0 0 ]
[  0 0 0 1 0 ]
[  -1 0 1 0 0 ]
[  0 0 0 0 1 ]
 
# 2
[  0 0 0 1 0 ]
[  0 0 1 0 0 ]
[  0 1 0 0 0 ]
[  1 0 0 0 0 ]
[  0 0 0 0 1 ]
 
# 3
[  -1 0 0 0 0 ]
[  0 -1 0 0 0 ]
[  0 0 -1 0 0 ]
[  0 0 0 -1 0 ]
[  0 0 0 0 -1 ]
 
# 1
[  1 0 0 0 0 ]
[  0 1 0 0 0 ]
[  0 0 1 0 0 ]
[  0 0 0 1 0 ]
[  0 0 0 0 1 ]
 
# 2
[  0 1 0 0 0 ]
[  0 0 1 0 0 ]
[  0 0 0 1 0 ]
[  -1 0 1 0 0 ]
[  0 0 0 0 1 ]
 
# 3
[  0 0 1 0 0 ]
[  0 0 0 1 0 ]
[  -1 0 1 0 0 ]
[  0 -1 0 1 0 ]
[  0 0 0 0 1 ]
 
# 4
[  0 0 0 1 0 ]
[  -1 0 1 0 0 ]
[  0 -1 0 1 0 ]
[  -1 0 0 0 0 ]
[  0 0 0 0 1 ]
 
# 5
[  -1 0 1 0 0 ]
[  0 -1 0 1 0 ]
[  -1 0 0 0 0 ]
[  0 -1 0 0 0 ]
[  0 0 0 0 1 ]
 
# 6
[  0 -1 0 1 0 ]
[  -1 0 0 0 0 ]
[  0 -1 0 0 0 ]
[  0 0 -1 0 0 ]
[  0 0 0 0 1 ]
 
# 7
[  -1 0 0 0 0 ]
[  0 -1 0 0 0 ]
[  0 0 -1 0 0 ]
[  0 0 0 -1 0 ]
[  0 0 0 0 1 ]
 
# 8
[  0 -1 0 0 0 ]
[  0 0 -1 0 0 ]
[  0 0 0 -1 0 ]
[  1 0 -1 0 0 ]
[  0 0 0 0 1 ]
 
# 9
[  0 0 -1 0 0 ]
[  0 0 0 -1 0 ]
[  1 0 -1 0 0 ]
[  0 1 0 -1 0 ]
[  0 0 0 0 1 ]
 
# 10
[  0 0 0 -1 0 ]
[  1 0 -1 0 0 ]
[  0 1 0 -1 0 ]
[  1 0 0 0 0 ]
[  0 0 0 0 1 ]
 
# 11
[  1 0 -1 0 0 ]
[  0 1 0 -1 0 ]
[  1 0 0 0 0 ]
[  0 1 0 0 0 ]
[  0 0 0 0 1 ]
 
# 12
[  0 1 0 -1 0 ]
[  1 0 0 0 0 ]
[  0 1 0 0 0 ]
[  0 0 1 0 0 ]
[  0 0 0 0 1 ]
 
# 13
[  0 0 0 1 0 ]
[  0 0 1 0 0 ]
[  0 1 0 0 0 ]
[  1 0 0 0 0 ]
[  0 0 0 0 1 ]
 
# 14
[  -1 0 1 0 0 ]
[  0 0 0 1 0 ]
[  0 0 1 0 0 ]
[  0 1 0 0 0 ]
[  0 0 0 0 1 ]
 
# 15
[  0 -1 0 1 0 ]
[  -1 0 1 0 0 ]
[  0 0 0 1 0 ]
[  0 0 1 0 0 ]
[  0 0 0 0 1 ]
 
# 16
[  -1 0 0 0 0 ]
[  0 -1 0 1 0 ]
[  -1 0 1 0 0 ]
[  0 0 0 1 0 ]
[  0 0 0 0 1 ]
 
# 17
[  0 -1 0 0 0 ]
[  -1 0 0 0 0 ]
[  0 -1 0 1 0 ]
[  -1 0 1 0 0 ]
[  0 0 0 0 1 ]
 
# 18
[  0 0 -1 0 0 ]
[  0 -1 0 0 0 ]
[  -1 0 0 0 0 ]
[  0 -1 0 1 0 ]
[  0 0 0 0 1 ]
 
# 19
[  0 0 0 -1 0 ]
[  0 0 -1 0 0 ]
[  0 -1 0 0 0 ]
[  -1 0 0 0 0 ]
[  0 0 0 0 1 ]
 
# 20
[  1 0 -1 0 0 ]
[  0 0 0 -1 0 ]
[  0 0 -1 0 0 ]
[  0 -1 0 0 0 ]
[  0 0 0 0 1 ]
 
# 21
[  0 1 0 -1 0 ]
[  1 0 -1 0 0 ]
[  0 0 0 -1 0 ]
[  0 0 -1 0 0 ]
[  0 0 0 0 1 ]
 
# 22
[  1 0 0 0 0 ]
[  0 1 0 -1 0 ]
[  1 0 -1 0 0 ]
[  0 0 0 -1 0 ]
[  0 0 0 0 1 ]
 
# 23
[  0 1 0 0 0 ]
[  1 0 0 0 0 ]
[  0 1 0 -1 0 ]
[  1 0 -1 0 0 ]
[  0 0 0 0 1 ]
 
# 24
[  0 0 1 0 0 ]
[  0 1 0 0 0 ]
[  1 0 0 0 0 ]
[  0 1 0 -1 0 ]
[  0 0 0 0 1 ]
 
# 25
[  -1 0 0 0 0 ]
[  0 -1 0 0 0 ]
[  0 0 -1 0 0 ]
[  0 0 0 -1 0 ]
[  0 0 0 0 -1 ]
 
# 26
[  0 -1 0 0 0 ]
[  0 0 -1 0 0 ]
[  0 0 0 -1 0 ]
[  1 0 -1 0 0 ]
[  0 0 0 0 -1 ]
 
# 27
[  0 0 -1 0 0 ]
[  0 0 0 -1 0 ]
[  1 0 -1 0 0 ]
[  0 1 0 -1 0 ]
[  0 0 0 0 -1 ]
 
# 28
[  0 0 0 -1 0 ]
[  1 0 -1 0 0 ]
[  0 1 0 -1 0 ]
[  1 0 0 0 0 ]
[  0 0 0 0 -1 ]
 
# 29
[  1 0 -1 0 0 ]
[  0 1 0 -1 0 ]
[  1 0 0 0 0 ]
[  0 1 0 0 0 ]
[  0 0 0 0 -1 ]
 
# 30
[  0 1 0 -1 0 ]
[  1 0 0 0 0 ]
[  0 1 0 0 0 ]
[  0 0 1 0 0 ]
[  0 0 0 0 -1 ]
 
# 31
[  1 0 0 0 0 ]
[  0 1 0 0 0 ]
[  0 0 1 0 0 ]
[  0 0 0 1 0 ]
[  0 0 0 0 -1 ]
 
# 32
[  0 1 0 0 0 ]
[  0 0 1 0 0 ]
[  0 0 0 1 0 ]
[  -1 0 1 0 0 ]
[  0 0 0 0 -1 ]
 
# 33
[  0 0 1 0 0 ]
[  0 0 0 1 0 ]
[  -1 0 1 0 0 ]
[  0 -1 0 1 0 ]
[  0 0 0 0 -1 ]
 
# 34
[  0 0 0 1 0 ]
[  -1 0 1 0 0 ]
[  0 -1 0 1 0 ]
[  -1 0 0 0 0 ]
[  0 0 0 0 -1 ]
 
# 35
[  -1 0 1 0 0 ]
[  0 -1 0 1 0 ]
[  -1 0 0 0 0 ]
[  0 -1 0 0 0 ]
[  0 0 0 0 -1 ]
 
# 36
[  0 -1 0 1 0 ]
[  -1 0 0 0 0 ]
[  0 -1 0 0 0 ]
[  0 0 -1 0 0 ]
[  0 0 0 0 -1 ]
 
# 37
[  0 0 0 -1 0 ]
[  0 0 -1 0 0 ]
[  0 -1 0 0 0 ]
[  -1 0 0 0 0 ]
[  0 0 0 0 -1 ]
 
# 38
[  1 0 -1 0 0 ]
[  0 0 0 -1 0 ]
[  0 0 -1 0 0 ]
[  0 -1 0 0 0 ]
[  0 0 0 0 -1 ]
 
# 39
[  0 1 0 -1 0 ]
[  1 0 -1 0 0 ]
[  0 0 0 -1 0 ]
[  0 0 -1 0 0 ]
[  0 0 0 0 -1 ]
 
# 40
[  1 0 0 0 0 ]
[  0 1 0 -1 0 ]
[  1 0 -1 0 0 ]
[  0 0 0 -1 0 ]
[  0 0 0 0 -1 ]
 
# 41
[  0 1 0 0 0 ]
[  1 0 0 0 0 ]
[  0 1 0 -1 0 ]
[  1 0 -1 0 0 ]
[  0 0 0 0 -1 ]
 
# 42
[  0 0 1 0 0 ]
[  0 1 0 0 0 ]
[  1 0 0 0 0 ]
[  0 1 0 -1 0 ]
[  0 0 0 0 -1 ]
 
# 43
[  0 0 0 1 0 ]
[  0 0 1 0 0 ]
[  0 1 0 0 0 ]
[  1 0 0 0 0 ]
[  0 0 0 0 -1 ]
 
# 44
[  -1 0 1 0 0 ]
[  0 0 0 1 0 ]
[  0 0 1 0 0 ]
[  0 1 0 0 0 ]
[  0 0 0 0 -1 ]
 
# 45
[  0 -1 0 1 0 ]
[  -1 0 1 0 0 ]
[  0 0 0 1 0 ]
[  0 0 1 0 0 ]
[  0 0 0 0 -1 ]
 
# 46
[  -1 0 0 0 0 ]
[  0 -1 0 1 0 ]
[  -1 0 1 0 0 ]
[  0 0 0 1 0 ]
[  0 0 0 0 -1 ]
 
# 47
[  0 -1 0 0 0 ]
[  -1 0 0 0 0 ]
[  0 -1 0 1 0 ]
[  -1 0 1 0 0 ]
[  0 0 0 0 -1 ]
 
# 48
[  0 0 -1 0 0 ]
[  0 -1 0 0 0 ]
[  -1 0 0 0 0 ]
[  0 -1 0 1 0 ]
[  0 0 0 0 -1 ]
 
qn0 [ 0 0 1 ]
# 1
[ [1 0 1] [0 0 1] [0 0 1] [0 0 1] [0 0 1] ]
[ [0 0 1] [1 0 1] [0 0 1] [0 0 1] [0 0 1] ]
[ [0 0 1] [0 0 1] [1 0 1] [0 0 1] [0 0 1] ]
[ [0 0 1] [0 0 1] [0 0 1] [1 0 1] [0 0 1] ]
[ [0 0 1] [0 0 1] [0 0 1] [0 0 1] [1 0 1] ]

# 2
[ [0 1 2] [1 0 2] [0 0 1] [0 0 1] [0 0 1] ]
[ [-1  0  2] [0 1 2] [0 0 1] [0 0 1] [0 0 1] ]
[ [0 0 1] [0 0 1] [ 0 -1  2] [1 0 2] [0 0 1] ]
[ [0 0 1] [0 0 1] [-1  0  2] [ 0 -1  2] [0 0 1] ]
[ [0 0 1] [0 0 1] [0 0 1] [0 0 1] [1 0 1] ]

# 3
[ [1 0 2] [0 1 2] [0 0 1] [0 0 1] [0 0 1] ]
[ [ 0 -1  2] [1 0 2] [0 0 1] [0 0 1] [0 0 1] ]
[ [0 0 1] [0 0 1] [1 0 2] [ 0 -1  2] [0 0 1] ]
[ [0 0 1] [0 0 1] [0 1 2] [1 0 2] [0 0 1] ]
[ [0 0 1] [0 0 1] [0 0 1] [0 0 1] [1 0 1] ]

# 4
[ [0 0 1] [1 0 1] [0 0 1] [0 0 1] [0 0 1] ]
[ [-1  0  1] [0 0 1] [0 0 1] [0 0 1] [0 0 1] ]
[ [0 0 1] [0 0 1] [0 0 1] [1 0 1] [0 0 1] ]
[ [0 0 1] [0 0 1] [-1  0  1] [0 0 1] [0 0 1] ]
[ [0 0 1] [0 0 1] [0 0 1] [0 0 1] [1 0 1] ]

# 5
[ [-1  0  2] [0 1 2] [0 0 1] [0 0 1] [0 0 1] ]
[ [ 0 -1  2] [-1  0  2] [0 0 1] [0 0 1] [0 0 1] ]
[ [0 0 1] [0 0 1] [-1  0  2] [ 0 -1  2] [0 0 1] ]
[ [0 0 1] [0 0 1] [0 1 2] [-1  0  2] [0 0 1] ]
[ [0 0 1] [0 0 1] [0 0 1] [0 0 1] [1 0 1] ]

# 6
[ [ 0 -1  2] [1 0 2] [0 0 1] [0 0 1] [0 0 1] ]
[ [-1  0  2] [ 0 -1  2] [0 0 1] [0 0 1] [0 0 1] ]
[ [0 0 1] [0 0 1] [0 1 2] [1 0 2] [0 0 1] ]
[ [0 0 1] [0 0 1] [-1  0  2] [0 1 2] [0 0 1] ]
[ [0 0 1] [0 0 1] [0 0 1] [0 0 1] [1 0 1] ]

# 7
[ [-1  0  1] [0 0 1] [0 0 1] [0 0 1] [0 0 1] ]
[ [0 0 1] [-1  0  1] [0 0 1] [0 0 1] [0 0 1] ]
[ [0 0 1] [0 0 1] [-1  0  1] [0 0 1] [0 0 1] ]
[ [0 0 1] [0 0 1] [0 0 1] [-1  0  1] [0 0 1] ]
[ [0 0 1] [0 0 1] [0 0 1] [0 0 1] [1 0 1] ]

# 8
[ [ 0 -1  2] [-1  0  2] [0 0 1] [0 0 1] [0 0 1] ]
[ [1 0 2] [ 0 -1  2] [0 0 1] [0 0 1] [0 0 1] ]
[ [0 0 1] [0 0 1] [0 1 2] [-1  0  2] [0 0 1] ]
[ [0 0 1] [0 0 1] [1 0 2] [0 1 2] [0 0 1] ]
[ [0 0 1] [0 0 1] [0 0 1] [0 0 1] [1 0 1] ]

# 9
[ [-1  0  2] [ 0 -1  2] [0 0 1] [0 0 1] [0 0 1] ]
[ [0 1 2] [-1  0  2] [0 0 1] [0 0 1] [0 0 1] ]
[ [0 0 1] [0 0 1] [-1  0  2] [0 1 2] [0 0 1] ]
[ [0 0 1] [0 0 1] [ 0 -1  2] [-1  0  2] [0 0 1] ]
[ [0 0 1] [0 0 1] [0 0 1] [0 0 1] [1 0 1] ]

# 10
[ [0 0 1] [-1  0  1] [0 0 1] [0 0 1] [0 0 1] ]
[ [1 0 1] [0 0 1] [0 0 1] [0 0 1] [0 0 1] ]
[ [0 0 1] [0 0 1] [0 0 1] [-1  0  1] [0 0 1] ]
[ [0 0 1] [0 0 1] [1 0 1] [0 0 1] [0 0 1] ]
[ [0 0 1] [0 0 1] [0 0 1] [0 0 1] [1 0 1] ]

# 11
[ [1 0 2] [ 0 -1  2] [0 0 1] [0 0 1] [0 0 1] ]
[ [0 1 2] [1 0 2] [0 0 1] [0 0 1] [0 0 1] ]
[ [0 0 1] [0 0 1] [1 0 2] [0 1 2] [0 0 1] ]
[ [0 0 1] [0 0 1] [ 0 -1  2] [1 0 2] [0 0 1] ]
[ [0 0 1] [0 0 1] [0 0 1] [0 0 1] [1 0 1] ]

# 12
[ [0 1 2] [-1  0  2] [0 0 1] [0 0 1] [0 0 1] ]
[ [1 0 2] [0 1 2] [0 0 1] [0 0 1] [0 0 1] ]
[ [0 0 1] [0 0 1] [ 0 -1  2] [-1  0  2] [0 0 1] ]
[ [0 0 1] [0 0 1] [1 0 2] [ 0 -1  2] [0 0 1] ]
[ [0 0 1] [0 0 1] [0 0 1] [0 0 1] [1 0 1] ]

# 13
[ [0 0 1] [1 0 1] [0 0 1] [0 0 1] [0 0 1] ]
[ [1 0 1] [0 0 1] [0 0 1] [0 0 1] [0 0 1] ]
[ [0 0 1] [0 0 1] [0 0 1] [1 0 1] [0 0 1] ]
[ [0 0 1] [0 0 1] [1 0 1] [0 0 1] [0 0 1] ]
[ [0 0 1] [0 0 1] [0 0 1] [0 0 1] [1 0 1] ]

# 14
[ [-1  0  2] [0 1 2] [0 0 1] [0 0 1] [0 0 1] ]
[ [0 1 2] [1 0 2] [0 0 1] [0 0 1] [0 0 1] ]
[ [0 0 1] [0 0 1] [-1  0  2] [ 0 -1  2] [0 0 1] ]
[ [0 0 1] [0 0 1] [ 0 -1  2] [1 0 2] [0 0 1] ]
[ [0 0 1] [0 0 1] [0 0 1] [0 0 1] [1 0 1] ]

# 15
[ [ 0 -1  2] [1 0 2] [0 0 1] [0 0 1] [0 0 1] ]
[ [1 0 2] [0 1 2] [0 0 1] [0 0 1] [0 0 1] ]
[ [0 0 1] [0 0 1] [0 1 2] [1 0 2] [0 0 1] ]
[ [0 0 1] [0 0 1] [1 0 2] [ 0 -1  2] [0 0 1] ]
[ [0 0 1] [0 0 1] [0 0 1] [0 0 1] [1 0 1] ]

# 16
[ [-1  0  1] [0 0 1] [0 0 1] [0 0 1] [0 0 1] ]
[ [0 0 1] [1 0 1] [0 0 1] [0 0 1] [0 0 1] ]
[ [0 0 1] [0 0 1] [-1  0  1] [0 0 1] [0 0 1] ]
[ [0 0 1] [0 0 1] [0 0 1] [1 0 1] [0 0 1] ]
[ [0 0 1] [0 0 1] [0 0 1] [0 0 1] [1 0 1] ]

# 17
[ [ 0 -1  2] [-1  0  2] [0 0 1] [0 0 1] [0 0 1] ]
[ [-1  0  2] [0 1 2] [0 0 1] [0 0 1] [0 0 1] ]
[ [0 0 1] [0 0 1] [0 1 2] [-1  0  2] [0 0 1] ]
[ [0 0 1] [0 0 1] [-1  0  2] [ 0 -1  2] [0 0 1] ]
[ [0 0 1] [0 0 1] [0 0 1] [0 0 1] [1 0 1] ]

# 18
[ [-1  0  2] [ 0 -1  2] [0 0 1] [0 0 1] [0 0 1] ]
[ [ 0 -1  2] [1 0 2] [0 0 1] [0 0 1] [0 0 1] ]
[ [0 0 1] [0 0 1] [-1  0  2] [0 1 2] [0 0 1] ]
[ [0 0 1] [0 0 1] [0 1 2] [1 0 2] [0 0 1] ]
[ [0 0 1] [0 0 1] [0 0 1] [0 0 1] [1 0 1] ]

# 19
[ [0 0 1] [-1  0  1] [0 0 1] [0 0 1] [0 0 1] ]
[ [-1  0  1] [0 0 1] [0 0 1] [0 0 1] [0 0 1] ]
[ [0 0 1] [0 0 1] [0 0 1] [-1  0  1] [0 0 1] ]
[ [0 0 1] [0 0 1] [-1  0  1] [0 0 1] [0 0 1] ]
[ [0 0 1] [0 0 1] [0 0 1] [0 0 1] [1 0 1] ]

# 20
[ [1 0 2] [ 0 -1  2] [0 0 1] [0 0 1] [0 0 1] ]
[ [ 0 -1  2] [-1  0  2] [0 0 1] [0 0 1] [0 0 1] ]
[ [0 0 1] [0 0 1] [1 0 2] [0 1 2] [0 0 1] ]
[ [0 0 1] [0 0 1] [0 1 2] [-1  0  2] [0 0 1] ]
[ [0 0 1] [0 0 1] [0 0 1] [0 0 1] [1 0 1] ]

# 21
[ [0 1 2] [-1  0  2] [0 0 1] [0 0 1] [0 0 1] ]
[ [-1  0  2] [ 0 -1  2] [0 0 1] [0 0 1] [0 0 1] ]
[ [0 0 1] [0 0 1] [ 0 -1  2] [-1  0  2] [0 0 1] ]
[ [0 0 1] [0 0 1] [-1  0  2] [0 1 2] [0 0 1] ]
[ [0 0 1] [0 0 1] [0 0 1] [0 0 1] [1 0 1] ]

# 22
[ [1 0 1] [0 0 1] [0 0 1] [0 0 1] [0 0 1] ]
[ [0 0 1] [-1  0  1] [0 0 1] [0 0 1] [0 0 1] ]
[ [0 0 1] [0 0 1] [1 0 1] [0 0 1] [0 0 1] ]
[ [0 0 1] [0 0 1] [0 0 1] [-1  0  1] [0 0 1] ]
[ [0 0 1] [0 0 1] [0 0 1] [0 0 1] [1 0 1] ]

# 23
[ [0 1 2] [1 0 2] [0 0 1] [0 0 1] [0 0 1] ]
[ [1 0 2] [ 0 -1  2] [0 0 1] [0 0 1] [0 0 1] ]
[ [0 0 1] [0 0 1] [ 0 -1  2] [1 0 2] [0 0 1] ]
[ [0 0 1] [0 0 1] [1 0 2] [0 1 2] [0 0 1] ]
[ [0 0 1] [0 0 1] [0 0 1] [0 0 1] [1 0 1] ]

# 24
[ [1 0 2] [0 1 2] [0 0 1] [0 0 1] [0 0 1] ]
[ [0 1 2] [-1  0  2] [0 0 1] [0 0 1] [0 0 1] ]
[ [0 0 1] [0 0 1] [1 0 2] [ 0 -1  2] [0 0 1] ]
[ [0 0 1] [0 0 1] [ 0 -1  2] [-1  0  2] [0 0 1] ]
[ [0 0 1] [0 0 1] [0 0 1] [0 0 1] [1 0 1] ]

# 25
[ [-1  0  1] [0 0 1] [0 0 1] [0 0 1] [0 0 1] ]
[ [0 0 1] [-1  0  1] [0 0 1] [0 0 1] [0 0 1] ]
[ [0 0 1] [0 0 1] [-1  0  1] [0 0 1] [0 0 1] ]
[ [0 0 1] [0 0 1] [0 0 1] [-1  0  1] [0 0 1] ]
[ [0 0 1] [0 0 1] [0 0 1] [0 0 1] [-1  0  1] ]

# 26
[ [ 0 -1  2] [-1  0  2] [0 0 1] [0 0 1] [0 0 1] ]
[ [1 0 2] [ 0 -1  2] [0 0 1] [0 0 1] [0 0 1] ]
[ [0 0 1] [0 0 1] [0 1 2] [-1  0  2] [0 0 1] ]
[ [0 0 1] [0 0 1] [1 0 2] [0 1 2] [0 0 1] ]
[ [0 0 1] [0 0 1] [0 0 1] [0 0 1] [-1  0  1] ]

# 27
[ [-1  0  2] [ 0 -1  2] [0 0 1] [0 0 1] [0 0 1] ]
[ [0 1 2] [-1  0  2] [0 0 1] [0 0 1] [0 0 1] ]
[ [0 0 1] [0 0 1] [-1  0  2] [0 1 2] [0 0 1] ]
[ [0 0 1] [0 0 1] [ 0 -1  2] [-1  0  2] [0 0 1] ]
[ [0 0 1] [0 0 1] [0 0 1] [0 0 1] [-1  0  1] ]

# 28
[ [0 0 1] [-1  0  1] [0 0 1] [0 0 1] [0 0 1] ]
[ [1 0 1] [0 0 1] [0 0 1] [0 0 1] [0 0 1] ]
[ [0 0 1] [0 0 1] [0 0 1] [-1  0  1] [0 0 1] ]
[ [0 0 1] [0 0 1] [1 0 1] [0 0 1] [0 0 1] ]
[ [0 0 1] [0 0 1] [0 0 1] [0 0 1] [-1  0  1] ]

# 29
[ [1 0 2] [ 0 -1  2] [0 0 1] [0 0 1] [0 0 1] ]
[ [0 1 2] [1 0 2] [0 0 1] [0 0 1] [0 0 1] ]
[ [0 0 1] [0 0 1] [1 0 2] [0 1 2] [0 0 1] ]
[ [0 0 1] [0 0 1] [ 0 -1  2] [1 0 2] [0 0 1] ]
[ [0 0 1] [0 0 1] [0 0 1] [0 0 1] [-1  0  1] ]

# 30
[ [0 1 2] [-1  0  2] [0 0 1] [0 0 1] [0 0 1] ]
[ [1 0 2] [0 1 2] [0 0 1] [0 0 1] [0 0 1] ]
[ [0 0 1] [0 0 1] [ 0 -1  2] [-1  0  2] [0 0 1] ]
[ [0 0 1] [0 0 1] [1 0 2] [ 0 -1  2] [0 0 1] ]
[ [0 0 1] [0 0 1] [0 0 1] [0 0 1] [-1  0  1] ]

# 31
[ [1 0 1] [0 0 1] [0 0 1] [0 0 1] [0 0 1] ]
[ [0 0 1] [1 0 1] [0 0 1] [0 0 1] [0 0 1] ]
[ [0 0 1] [0 0 1] [1 0 1] [0 0 1] [0 0 1] ]
[ [0 0 1] [0 0 1] [0 0 1] [1 0 1] [0 0 1] ]
[ [0 0 1] [0 0 1] [0 0 1] [0 0 1] [-1  0  1] ]

# 32
[ [0 1 2] [1 0 2] [0 0 1] [0 0 1] [0 0 1] ]
[ [-1  0  2] [0 1 2] [0 0 1] [0 0 1] [0 0 1] ]
[ [0 0 1] [0 0 1] [ 0 -1  2] [1 0 2] [0 0 1] ]
[ [0 0 1] [0 0 1] [-1  0  2] [ 0 -1  2] [0 0 1] ]
[ [0 0 1] [0 0 1] [0 0 1] [0 0 1] [-1  0  1] ]

# 33
[ [1 0 2] [0 1 2] [0 0 1] [0 0 1] [0 0 1] ]
[ [ 0 -1  2] [1 0 2] [0 0 1] [0 0 1] [0 0 1] ]
[ [0 0 1] [0 0 1] [1 0 2] [ 0 -1  2] [0 0 1] ]
[ [0 0 1] [0 0 1] [0 1 2] [1 0 2] [0 0 1] ]
[ [0 0 1] [0 0 1] [0 0 1] [0 0 1] [-1  0  1] ]

# 34
[ [0 0 1] [1 0 1] [0 0 1] [0 0 1] [0 0 1] ]
[ [-1  0  1] [0 0 1] [0 0 1] [0 0 1] [0 0 1] ]
[ [0 0 1] [0 0 1] [0 0 1] [1 0 1] [0 0 1] ]
[ [0 0 1] [0 0 1] [-1  0  1] [0 0 1] [0 0 1] ]
[ [0 0 1] [0 0 1] [0 0 1] [0 0 1] [-1  0  1] ]

# 35
[ [-1  0  2] [0 1 2] [0 0 1] [0 0 1] [0 0 1] ]
[ [ 0 -1  2] [-1  0  2] [0 0 1] [0 0 1] [0 0 1] ]
[ [0 0 1] [0 0 1] [-1  0  2] [ 0 -1  2] [0 0 1] ]
[ [0 0 1] [0 0 1] [0 1 2] [-1  0  2] [0 0 1] ]
[ [0 0 1] [0 0 1] [0 0 1] [0 0 1] [-1  0  1] ]

# 36
[ [ 0 -1  2] [1 0 2] [0 0 1] [0 0 1] [0 0 1] ]
[ [-1  0  2] [ 0 -1  2] [0 0 1] [0 0 1] [0 0 1] ]
[ [0 0 1] [0 0 1] [0 1 2] [1 0 2] [0 0 1] ]
[ [0 0 1] [0 0 1] [-1  0  2] [0 1 2] [0 0 1] ]
[ [0 0 1] [0 0 1] [0 0 1] [0 0 1] [-1  0  1] ]

# 37
[ [0 0 1] [-1  0  1] [0 0 1] [0 0 1] [0 0 1] ]
[ [-1  0  1] [0 0 1] [0 0 1] [0 0 1] [0 0 1] ]
[ [0 0 1] [0 0 1] [0 0 1] [-1  0  1] [0 0 1] ]
[ [0 0 1] [0 0 1] [-1  0  1] [0 0 1] [0 0 1] ]
[ [0 0 1] [0 0 1] [0 0 1] [0 0 1] [-1  0  1] ]

# 38
[ [1 0 2] [ 0 -1  2] [0 0 1] [0 0 1] [0 0 1] ]
[ [ 0 -1  2] [-1  0  2] [0 0 1] [0 0 1] [0 0 1] ]
[ [0 0 1] [0 0 1] [1 0 2] [0 1 2] [0 0 1] ]
[ [0 0 1] [0 0 1] [0 1 2] [-1  0  2] [0 0 1] ]
[ [0 0 1] [0 0 1] [0 0 1] [0 0 1] [-1  0  1] ]

# 39
[ [0 1 2] [-1  0  2] [0 0 1] [0 0 1] [0 0 1] ]
[ [-1  0  2] [ 0 -1  2] [0 0 1] [0 0 1] [0 0 1] ]
[ [0 0 1] [0 0 1] [ 0 -1  2] [-1  0  2] [0 0 1] ]
[ [0 0 1] [0 0 1] [-1  0  2] [0 1 2] [0 0 1] ]
[ [0 0 1] [0 0 1] [0 0 1] [0 0 1] [-1  0  1] ]

# 40
[ [1 0 1] [0 0 1] [0 0 1] [0 0 1] [0 0 1] ]
[ [0 0 1] [-1  0  1] [0 0 1] [0 0 1] [0 0 1] ]
[ [0 0 1] [0 0 1] [1 0 1] [0 0 1] [0 0 1] ]
[ [0 0 1] [0 0 1] [0 0 1] [-1  0  1] [0 0 1] ]
[ [0 0 1] [0 0 1] [0 0 1] [0 0 1] [-1  0  1] ]

# 41
[ [0 1 2] [1 0 2] [0 0 1] [0 0 1] [0 0 1] ]
[ [1 0 2] [ 0 -1  2] [0 0 1] [0 0 1] [0 0 1] ]
[ [0 0 1] [0 0 1] [ 0 -1  2] [1 0 2] [0 0 1] ]
[ [0 0 1] [0 0 1] [1 0 2] [0 1 2] [0 0 1] ]
[ [0 0 1] [0 0 1] [0 0 1] [0 0 1] [-1  0  1] ]

# 42
[ [1 0 2] [0 1 2] [0 0 1] [0 0 1] [0 0 1] ]
[ [0 1 2] [-1  0  2] [0 0 1] [0 0 1] [0 0 1] ]
[ [0 0 1] [0 0 1] [1 0 2] [ 0 -1  2] [0 0 1] ]
[ [0 0 1] [0 0 1] [ 0 -1  2] [-1  0  2] [0 0 1] ]
[ [0 0 1] [0 0 1] [0 0 1] [0 0 1] [-1  0  1] ]

# 43
[ [0 0 1] [1 0 1] [0 0 1] [0 0 1] [0 0 1] ]
[ [1 0 1] [0 0 1] [0 0 1] [0 0 1] [0 0 1] ]
[ [0 0 1] [0 0 1] [0 0 1] [1 0 1] [0 0 1] ]
[ [0 0 1] [0 0 1] [1 0 1] [0 0 1] [0 0 1] ]
[ [0 0 1] [0 0 1] [0 0 1] [0 0 1] [-1  0  1] ]

# 44
[ [-1  0  2] [0 1 2] [0 0 1] [0 0 1] [0 0 1] ]
[ [0 1 2] [1 0 2] [0 0 1] [0 0 1] [0 0 1] ]
[ [0 0 1] [0 0 1] [-1  0  2] [ 0 -1  2] [0 0 1] ]
[ [0 0 1] [0 0 1] [ 0 -1  2] [1 0 2] [0 0 1] ]
[ [0 0 1] [0 0 1] [0 0 1] [0 0 1] [-1  0  1] ]

# 45
[ [ 0 -1  2] [1 0 2] [0 0 1] [0 0 1] [0 0 1] ]
[ [1 0 2] [0 1 2] [0 0 1] [0 0 1] [0 0 1] ]
[ [0 0 1] [0 0 1] [0 1 2] [1 0 2] [0 0 1] ]
[ [0 0 1] [0 0 1] [1 0 2] [ 0 -1  2] [0 0 1] ]
[ [0 0 1] [0 0 1] [0 0 1] [0 0 1] [-1  0  1] ]

# 46
[ [-1  0  1] [0 0 1] [0 0 1] [0 0 1] [0 0 1] ]
[ [0 0 1] [1 0 1] [0 0 1] [0 0 1] [0 0 1] ]
[ [0 0 1] [0 0 1] [-1  0  1] [0 0 1] [0 0 1] ]
[ [0 0 1] [0 0 1] [0 0 1] [1 0 1] [0 0 1] ]
[ [0 0 1] [0 0 1] [0 0 1] [0 0 1] [-1  0  1] ]

# 47
[ [ 0 -1  2] [-1  0  2] [0 0 1] [0 0 1] [0 0 1] ]
[ [-1  0  2] [0 1 2] [0 0 1] [0 0 1] [0 0 1] ]
[ [0 0 1] [0 0 1] [0 1 2] [-1  0  2] [0 0 1] ]
[ [0 0 1] [0 0 1] [-1  0  2] [ 0 -1  2] [0 0 1] ]
[ [0 0 1] [0 0 1] [0 0 1] [0 0 1] [-1  0  1] ]

# 48
[ [-1  0  2] [ 0 -1  2] [0 0 1] [0 0 1] [0 0 1] ]
[ [ 0 -1  2] [1 0 2] [0 0 1] [0 0 1] [0 0 1] ]
[ [0 0 1] [0 0 1] [-1  0  2] [0 1 2] [0 0 1] ]
[ [0 0 1] [0 0 1] [0 1 2] [1 0 2] [0 0 1] ]
[ [0 0 1] [0 0 1] [0 0 1] [0 0 1] [-1  0  1] ]

mpltbl [[ 0  1  2 ... 45 46 47]
 [ 1  2  3 ... 44 45 46]
 [ 2  3  4 ... 43 44 45]
 ...
 [45 46 47 ...  0  1  2]
 [46 47 36 ... 11  0  1]
 [47 36 37 ... 10 11  0]]
nr 48
Dode
qnr[i]
[ [1 0 1] [0 0 1] [0 0 1] [0 0 1] [0 0 1] ]
[ [0 0 1] [1 0 1] [0 0 1] [0 0 1] [0 0 1] ]
[ [0 0 1] [0 0 1] [1 0 1] [0 0 1] [0 0 1] ]
[ [0 0 1] [0 0 1] [0 0 1] [1 0 1] [0 0 1] ]
[ [0 0 1] [0 0 1] [0 0 1] [0 0 1] [1 0 1] ]

qnr[i]
[ [0 1 2] [1 0 2] [0 0 1] [0 0 1] [0 0 1] ]
[ [-1  0  2] [0 1 2] [0 0 1] [0 0 1] [0 0 1] ]
[ [0 0 1] [0 0 1] [ 0 -1  2] [1 0 2] [0 0 1] ]
[ [0 0 1] [0 0 1] [-1  0  2] [ 0 -1  2] [0 0 1] ]
[ [0 0 1] [0 0 1] [0 0 1] [0 0 1] [1 0 1] ]

qnr[i]
[ [1 0 2] [0 1 2] [0 0 1] [0 0 1] [0 0 1] ]
[ [ 0 -1  2] [1 0 2] [0 0 1] [0 0 1] [0 0 1] ]
[ [0 0 1] [0 0 1] [1 0 2] [ 0 -1  2] [0 0 1] ]
[ [0 0 1] [0 0 1] [0 1 2] [1 0 2] [0 0 1] ]
[ [0 0 1] [0 0 1] [0 0 1] [0 0 1] [1 0 1] ]

qnr[i]
[ [0 0 1] [1 0 1] [0 0 1] [0 0 1] [0 0 1] ]
[ [-1  0  1] [0 0 1] [0 0 1] [0 0 1] [0 0 1] ]
[ [0 0 1] [0 0 1] [0 0 1] [1 0 1] [0 0 1] ]
[ [0 0 1] [0 0 1] [-1  0  1] [0 0 1] [0 0 1] ]
[ [0 0 1] [0 0 1] [0 0 1] [0 0 1] [1 0 1] ]

qnr[i]
[ [-1  0  2] [0 1 2] [0 0 1] [0 0 1] [0 0 1] ]
[ [ 0 -1  2] [-1  0  2] [0 0 1] [0 0 1] [0 0 1] ]
[ [0 0 1] [0 0 1] [-1  0  2] [ 0 -1  2] [0 0 1] ]
[ [0 0 1] [0 0 1] [0 1 2] [-1  0  2] [0 0 1] ]
[ [0 0 1] [0 0 1] [0 0 1] [0 0 1] [1 0 1] ]

qnr[i]
[ [ 0 -1  2] [1 0 2] [0 0 1] [0 0 1] [0 0 1] ]
[ [-1  0  2] [ 0 -1  2] [0 0 1] [0 0 1] [0 0 1] ]
[ [0 0 1] [0 0 1] [0 1 2] [1 0 2] [0 0 1] ]
[ [0 0 1] [0 0 1] [-1  0  2] [0 1 2] [0 0 1] ]
[ [0 0 1] [0 0 1] [0 0 1] [0 0 1] [1 0 1] ]

qnr[i]
[ [-1  0  1] [0 0 1] [0 0 1] [0 0 1] [0 0 1] ]
[ [0 0 1] [-1  0  1] [0 0 1] [0 0 1] [0 0 1] ]
[ [0 0 1] [0 0 1] [-1  0  1] [0 0 1] [0 0 1] ]
[ [0 0 1] [0 0 1] [0 0 1] [-1  0  1] [0 0 1] ]
[ [0 0 1] [0 0 1] [0 0 1] [0 0 1] [1 0 1] ]

qnr[i]
[ [ 0 -1  2] [-1  0  2] [0 0 1] [0 0 1] [0 0 1] ]
[ [1 0 2] [ 0 -1  2] [0 0 1] [0 0 1] [0 0 1] ]
[ [0 0 1] [0 0 1] [0 1 2] [-1  0  2] [0 0 1] ]
[ [0 0 1] [0 0 1] [1 0 2] [0 1 2] [0 0 1] ]
[ [0 0 1] [0 0 1] [0 0 1] [0 0 1] [1 0 1] ]

qnr[i]
[ [-1  0  2] [ 0 -1  2] [0 0 1] [0 0 1] [0 0 1] ]
[ [0 1 2] [-1  0  2] [0 0 1] [0 0 1] [0 0 1] ]
[ [0 0 1] [0 0 1] [-1  0  2] [0 1 2] [0 0 1] ]
[ [0 0 1] [0 0 1] [ 0 -1  2] [-1  0  2] [0 0 1] ]
[ [0 0 1] [0 0 1] [0 0 1] [0 0 1] [1 0 1] ]

qnr[i]
[ [0 0 1] [-1  0  1] [0 0 1] [0 0 1] [0 0 1] ]
[ [1 0 1] [0 0 1] [0 0 1] [0 0 1] [0 0 1] ]
[ [0 0 1] [0 0 1] [0 0 1] [-1  0  1] [0 0 1] ]
[ [0 0 1] [0 0 1] [1 0 1] [0 0 1] [0 0 1] ]
[ [0 0 1] [0 0 1] [0 0 1] [0 0 1] [1 0 1] ]

qnr[i]
[ [1 0 2] [ 0 -1  2] [0 0 1] [0 0 1] [0 0 1] ]
[ [0 1 2] [1 0 2] [0 0 1] [0 0 1] [0 0 1] ]
[ [0 0 1] [0 0 1] [1 0 2] [0 1 2] [0 0 1] ]
[ [0 0 1] [0 0 1] [ 0 -1  2] [1 0 2] [0 0 1] ]
[ [0 0 1] [0 0 1] [0 0 1] [0 0 1] [1 0 1] ]

qnr[i]
[ [0 1 2] [-1  0  2] [0 0 1] [0 0 1] [0 0 1] ]
[ [1 0 2] [0 1 2] [0 0 1] [0 0 1] [0 0 1] ]
[ [0 0 1] [0 0 1] [ 0 -1  2] [-1  0  2] [0 0 1] ]
[ [0 0 1] [0 0 1] [1 0 2] [ 0 -1  2] [0 0 1] ]
[ [0 0 1] [0 0 1] [0 0 1] [0 0 1] [1 0 1] ]

qnr[i]
[ [0 0 1] [1 0 1] [0 0 1] [0 0 1] [0 0 1] ]
[ [1 0 1] [0 0 1] [0 0 1] [0 0 1] [0 0 1] ]
[ [0 0 1] [0 0 1] [0 0 1] [1 0 1] [0 0 1] ]
[ [0 0 1] [0 0 1] [1 0 1] [0 0 1] [0 0 1] ]
[ [0 0 1] [0 0 1] [0 0 1] [0 0 1] [1 0 1] ]

qnr[i]
[ [-1  0  2] [0 1 2] [0 0 1] [0 0 1] [0 0 1] ]
[ [0 1 2] [1 0 2] [0 0 1] [0 0 1] [0 0 1] ]
[ [0 0 1] [0 0 1] [-1  0  2] [ 0 -1  2] [0 0 1] ]
[ [0 0 1] [0 0 1] [ 0 -1  2] [1 0 2] [0 0 1] ]
[ [0 0 1] [0 0 1] [0 0 1] [0 0 1] [1 0 1] ]

qnr[i]
[ [ 0 -1  2] [1 0 2] [0 0 1] [0 0 1] [0 0 1] ]
[ [1 0 2] [0 1 2] [0 0 1] [0 0 1] [0 0 1] ]
[ [0 0 1] [0 0 1] [0 1 2] [1 0 2] [0 0 1] ]
[ [0 0 1] [0 0 1] [1 0 2] [ 0 -1  2] [0 0 1] ]
[ [0 0 1] [0 0 1] [0 0 1] [0 0 1] [1 0 1] ]

qnr[i]
[ [-1  0  1] [0 0 1] [0 0 1] [0 0 1] [0 0 1] ]
[ [0 0 1] [1 0 1] [0 0 1] [0 0 1] [0 0 1] ]
[ [0 0 1] [0 0 1] [-1  0  1] [0 0 1] [0 0 1] ]
[ [0 0 1] [0 0 1] [0 0 1] [1 0 1] [0 0 1] ]
[ [0 0 1] [0 0 1] [0 0 1] [0 0 1] [1 0 1] ]

qnr[i]
[ [ 0 -1  2] [-1  0  2] [0 0 1] [0 0 1] [0 0 1] ]
[ [-1  0  2] [0 1 2] [0 0 1] [0 0 1] [0 0 1] ]
[ [0 0 1] [0 0 1] [0 1 2] [-1  0  2] [0 0 1] ]
[ [0 0 1] [0 0 1] [-1  0  2] [ 0 -1  2] [0 0 1] ]
[ [0 0 1] [0 0 1] [0 0 1] [0 0 1] [1 0 1] ]

qnr[i]
[ [-1  0  2] [ 0 -1  2] [0 0 1] [0 0 1] [0 0 1] ]
[ [ 0 -1  2] [1 0 2] [0 0 1] [0 0 1] [0 0 1] ]
[ [0 0 1] [0 0 1] [-1  0  2] [0 1 2] [0 0 1] ]
[ [0 0 1] [0 0 1] [0 1 2] [1 0 2] [0 0 1] ]
[ [0 0 1] [0 0 1] [0 0 1] [0 0 1] [1 0 1] ]

qnr[i]
[ [0 0 1] [-1  0  1] [0 0 1] [0 0 1] [0 0 1] ]
[ [-1  0  1] [0 0 1] [0 0 1] [0 0 1] [0 0 1] ]
[ [0 0 1] [0 0 1] [0 0 1] [-1  0  1] [0 0 1] ]
[ [0 0 1] [0 0 1] [-1  0  1] [0 0 1] [0 0 1] ]
[ [0 0 1] [0 0 1] [0 0 1] [0 0 1] [1 0 1] ]

qnr[i]
[ [1 0 2] [ 0 -1  2] [0 0 1] [0 0 1] [0 0 1] ]
[ [ 0 -1  2] [-1  0  2] [0 0 1] [0 0 1] [0 0 1] ]
[ [0 0 1] [0 0 1] [1 0 2] [0 1 2] [0 0 1] ]
[ [0 0 1] [0 0 1] [0 1 2] [-1  0  2] [0 0 1] ]
[ [0 0 1] [0 0 1] [0 0 1] [0 0 1] [1 0 1] ]

qnr[i]
[ [0 1 2] [-1  0  2] [0 0 1] [0 0 1] [0 0 1] ]
[ [-1  0  2] [ 0 -1  2] [0 0 1] [0 0 1] [0 0 1] ]
[ [0 0 1] [0 0 1] [ 0 -1  2] [-1  0  2] [0 0 1] ]
[ [0 0 1] [0 0 1] [-1  0  2] [0 1 2] [0 0 1] ]
[ [0 0 1] [0 0 1] [0 0 1] [0 0 1] [1 0 1] ]

qnr[i]
[ [1 0 1] [0 0 1] [0 0 1] [0 0 1] [0 0 1] ]
[ [0 0 1] [-1  0  1] [0 0 1] [0 0 1] [0 0 1] ]
[ [0 0 1] [0 0 1] [1 0 1] [0 0 1] [0 0 1] ]
[ [0 0 1] [0 0 1] [0 0 1] [-1  0  1] [0 0 1] ]
[ [0 0 1] [0 0 1] [0 0 1] [0 0 1] [1 0 1] ]

qnr[i]
[ [0 1 2] [1 0 2] [0 0 1] [0 0 1] [0 0 1] ]
[ [1 0 2] [ 0 -1  2] [0 0 1] [0 0 1] [0 0 1] ]
[ [0 0 1] [0 0 1] [ 0 -1  2] [1 0 2] [0 0 1] ]
[ [0 0 1] [0 0 1] [1 0 2] [0 1 2] [0 0 1] ]
[ [0 0 1] [0 0 1] [0 0 1] [0 0 1] [1 0 1] ]

qnr[i]
[ [1 0 2] [0 1 2] [0 0 1] [0 0 1] [0 0 1] ]
[ [0 1 2] [-1  0  2] [0 0 1] [0 0 1] [0 0 1] ]
[ [0 0 1] [0 0 1] [1 0 2] [ 0 -1  2] [0 0 1] ]
[ [0 0 1] [0 0 1] [ 0 -1  2] [-1  0  2] [0 0 1] ]
[ [0 0 1] [0 0 1] [0 0 1] [0 0 1] [1 0 1] ]

qnr[i]
[ [-1  0  1] [0 0 1] [0 0 1] [0 0 1] [0 0 1] ]
[ [0 0 1] [-1  0  1] [0 0 1] [0 0 1] [0 0 1] ]
[ [0 0 1] [0 0 1] [-1  0  1] [0 0 1] [0 0 1] ]
[ [0 0 1] [0 0 1] [0 0 1] [-1  0  1] [0 0 1] ]
[ [0 0 1] [0 0 1] [0 0 1] [0 0 1] [-1  0  1] ]

qnr[i]
[ [ 0 -1  2] [-1  0  2] [0 0 1] [0 0 1] [0 0 1] ]
[ [1 0 2] [ 0 -1  2] [0 0 1] [0 0 1] [0 0 1] ]
[ [0 0 1] [0 0 1] [0 1 2] [-1  0  2] [0 0 1] ]
[ [0 0 1] [0 0 1] [1 0 2] [0 1 2] [0 0 1] ]
[ [0 0 1] [0 0 1] [0 0 1] [0 0 1] [-1  0  1] ]

qnr[i]
[ [-1  0  2] [ 0 -1  2] [0 0 1] [0 0 1] [0 0 1] ]
[ [0 1 2] [-1  0  2] [0 0 1] [0 0 1] [0 0 1] ]
[ [0 0 1] [0 0 1] [-1  0  2] [0 1 2] [0 0 1] ]
[ [0 0 1] [0 0 1] [ 0 -1  2] [-1  0  2] [0 0 1] ]
[ [0 0 1] [0 0 1] [0 0 1] [0 0 1] [-1  0  1] ]

qnr[i]
[ [0 0 1] [-1  0  1] [0 0 1] [0 0 1] [0 0 1] ]
[ [1 0 1] [0 0 1] [0 0 1] [0 0 1] [0 0 1] ]
[ [0 0 1] [0 0 1] [0 0 1] [-1  0  1] [0 0 1] ]
[ [0 0 1] [0 0 1] [1 0 1] [0 0 1] [0 0 1] ]
[ [0 0 1] [0 0 1] [0 0 1] [0 0 1] [-1  0  1] ]

qnr[i]
[ [1 0 2] [ 0 -1  2] [0 0 1] [0 0 1] [0 0 1] ]
[ [0 1 2] [1 0 2] [0 0 1] [0 0 1] [0 0 1] ]
[ [0 0 1] [0 0 1] [1 0 2] [0 1 2] [0 0 1] ]
[ [0 0 1] [0 0 1] [ 0 -1  2] [1 0 2] [0 0 1] ]
[ [0 0 1] [0 0 1] [0 0 1] [0 0 1] [-1  0  1] ]

qnr[i]
[ [0 1 2] [-1  0  2] [0 0 1] [0 0 1] [0 0 1] ]
[ [1 0 2] [0 1 2] [0 0 1] [0 0 1] [0 0 1] ]
[ [0 0 1] [0 0 1] [ 0 -1  2] [-1  0  2] [0 0 1] ]
[ [0 0 1] [0 0 1] [1 0 2] [ 0 -1  2] [0 0 1] ]
[ [0 0 1] [0 0 1] [0 0 1] [0 0 1] [-1  0  1] ]

qnr[i]
[ [1 0 1] [0 0 1] [0 0 1] [0 0 1] [0 0 1] ]
[ [0 0 1] [1 0 1] [0 0 1] [0 0 1] [0 0 1] ]
[ [0 0 1] [0 0 1] [1 0 1] [0 0 1] [0 0 1] ]
[ [0 0 1] [0 0 1] [0 0 1] [1 0 1] [0 0 1] ]
[ [0 0 1] [0 0 1] [0 0 1] [0 0 1] [-1  0  1] ]

qnr[i]
[ [0 1 2] [1 0 2] [0 0 1] [0 0 1] [0 0 1] ]
[ [-1  0  2] [0 1 2] [0 0 1] [0 0 1] [0 0 1] ]
[ [0 0 1] [0 0 1] [ 0 -1  2] [1 0 2] [0 0 1] ]
[ [0 0 1] [0 0 1] [-1  0  2] [ 0 -1  2] [0 0 1] ]
[ [0 0 1] [0 0 1] [0 0 1] [0 0 1] [-1  0  1] ]

qnr[i]
[ [1 0 2] [0 1 2] [0 0 1] [0 0 1] [0 0 1] ]
[ [ 0 -1  2] [1 0 2] [0 0 1] [0 0 1] [0 0 1] ]
[ [0 0 1] [0 0 1] [1 0 2] [ 0 -1  2] [0 0 1] ]
[ [0 0 1] [0 0 1] [0 1 2] [1 0 2] [0 0 1] ]
[ [0 0 1] [0 0 1] [0 0 1] [0 0 1] [-1  0  1] ]

qnr[i]
[ [0 0 1] [1 0 1] [0 0 1] [0 0 1] [0 0 1] ]
[ [-1  0  1] [0 0 1] [0 0 1] [0 0 1] [0 0 1] ]
[ [0 0 1] [0 0 1] [0 0 1] [1 0 1] [0 0 1] ]
[ [0 0 1] [0 0 1] [-1  0  1] [0 0 1] [0 0 1] ]
[ [0 0 1] [0 0 1] [0 0 1] [0 0 1] [-1  0  1] ]

qnr[i]
[ [-1  0  2] [0 1 2] [0 0 1] [0 0 1] [0 0 1] ]
[ [ 0 -1  2] [-1  0  2] [0 0 1] [0 0 1] [0 0 1] ]
[ [0 0 1] [0 0 1] [-1  0  2] [ 0 -1  2] [0 0 1] ]
[ [0 0 1] [0 0 1] [0 1 2] [-1  0  2] [0 0 1] ]
[ [0 0 1] [0 0 1] [0 0 1] [0 0 1] [-1  0  1] ]

qnr[i]
[ [ 0 -1  2] [1 0 2] [0 0 1] [0 0 1] [0 0 1] ]
[ [-1  0  2] [ 0 -1  2] [0 0 1] [0 0 1] [0 0 1] ]
[ [0 0 1] [0 0 1] [0 1 2] [1 0 2] [0 0 1] ]
[ [0 0 1] [0 0 1] [-1  0  2] [0 1 2] [0 0 1] ]
[ [0 0 1] [0 0 1] [0 0 1] [0 0 1] [-1  0  1] ]

qnr[i]
[ [0 0 1] [-1  0  1] [0 0 1] [0 0 1] [0 0 1] ]
[ [-1  0  1] [0 0 1] [0 0 1] [0 0 1] [0 0 1] ]
[ [0 0 1] [0 0 1] [0 0 1] [-1  0  1] [0 0 1] ]
[ [0 0 1] [0 0 1] [-1  0  1] [0 0 1] [0 0 1] ]
[ [0 0 1] [0 0 1] [0 0 1] [0 0 1] [-1  0  1] ]

qnr[i]
[ [1 0 2] [ 0 -1  2] [0 0 1] [0 0 1] [0 0 1] ]
[ [ 0 -1  2] [-1  0  2] [0 0 1] [0 0 1] [0 0 1] ]
[ [0 0 1] [0 0 1] [1 0 2] [0 1 2] [0 0 1] ]
[ [0 0 1] [0 0 1] [0 1 2] [-1  0  2] [0 0 1] ]
[ [0 0 1] [0 0 1] [0 0 1] [0 0 1] [-1  0  1] ]

qnr[i]
[ [0 1 2] [-1  0  2] [0 0 1] [0 0 1] [0 0 1] ]
[ [-1  0  2] [ 0 -1  2] [0 0 1] [0 0 1] [0 0 1] ]
[ [0 0 1] [0 0 1] [ 0 -1  2] [-1  0  2] [0 0 1] ]
[ [0 0 1] [0 0 1] [-1  0  2] [0 1 2] [0 0 1] ]
[ [0 0 1] [0 0 1] [0 0 1] [0 0 1] [-1  0  1] ]

qnr[i]
[ [1 0 1] [0 0 1] [0 0 1] [0 0 1] [0 0 1] ]
[ [0 0 1] [-1  0  1] [0 0 1] [0 0 1] [0 0 1] ]
[ [0 0 1] [0 0 1] [1 0 1] [0 0 1] [0 0 1] ]
[ [0 0 1] [0 0 1] [0 0 1] [-1  0  1] [0 0 1] ]
[ [0 0 1] [0 0 1] [0 0 1] [0 0 1] [-1  0  1] ]

qnr[i]
[ [0 1 2] [1 0 2] [0 0 1] [0 0 1] [0 0 1] ]
[ [1 0 2] [ 0 -1  2] [0 0 1] [0 0 1] [0 0 1] ]
[ [0 0 1] [0 0 1] [ 0 -1  2] [1 0 2] [0 0 1] ]
[ [0 0 1] [0 0 1] [1 0 2] [0 1 2] [0 0 1] ]
[ [0 0 1] [0 0 1] [0 0 1] [0 0 1] [-1  0  1] ]

qnr[i]
[ [1 0 2] [0 1 2] [0 0 1] [0 0 1] [0 0 1] ]
[ [0 1 2] [-1  0  2] [0 0 1] [0 0 1] [0 0 1] ]
[ [0 0 1] [0 0 1] [1 0 2] [ 0 -1  2] [0 0 1] ]
[ [0 0 1] [0 0 1] [ 0 -1  2] [-1  0  2] [0 0 1] ]
[ [0 0 1] [0 0 1] [0 0 1] [0 0 1] [-1  0  1] ]

qnr[i]
[ [0 0 1] [1 0 1] [0 0 1] [0 0 1] [0 0 1] ]
[ [1 0 1] [0 0 1] [0 0 1] [0 0 1] [0 0 1] ]
[ [0 0 1] [0 0 1] [0 0 1] [1 0 1] [0 0 1] ]
[ [0 0 1] [0 0 1] [1 0 1] [0 0 1] [0 0 1] ]
[ [0 0 1] [0 0 1] [0 0 1] [0 0 1] [-1  0  1] ]

qnr[i]
[ [-1  0  2] [0 1 2] [0 0 1] [0 0 1] [0 0 1] ]
[ [0 1 2] [1 0 2] [0 0 1] [0 0 1] [0 0 1] ]
[ [0 0 1] [0 0 1] [-1  0  2] [ 0 -1  2] [0 0 1] ]
[ [0 0 1] [0 0 1] [ 0 -1  2] [1 0 2] [0 0 1] ]
[ [0 0 1] [0 0 1] [0 0 1] [0 0 1] [-1  0  1] ]

qnr[i]
[ [ 0 -1  2] [1 0 2] [0 0 1] [0 0 1] [0 0 1] ]
[ [1 0 2] [0 1 2] [0 0 1] [0 0 1] [0 0 1] ]
[ [0 0 1] [0 0 1] [0 1 2] [1 0 2] [0 0 1] ]
[ [0 0 1] [0 0 1] [1 0 2] [ 0 -1  2] [0 0 1] ]
[ [0 0 1] [0 0 1] [0 0 1] [0 0 1] [-1  0  1] ]

qnr[i]
[ [-1  0  1] [0 0 1] [0 0 1] [0 0 1] [0 0 1] ]
[ [0 0 1] [1 0 1] [0 0 1] [0 0 1] [0 0 1] ]
[ [0 0 1] [0 0 1] [-1  0  1] [0 0 1] [0 0 1] ]
[ [0 0 1] [0 0 1] [0 0 1] [1 0 1] [0 0 1] ]
[ [0 0 1] [0 0 1] [0 0 1] [0 0 1] [-1  0  1] ]

qnr[i]
[ [ 0 -1  2] [-1  0  2] [0 0 1] [0 0 1] [0 0 1] ]
[ [-1  0  2] [0 1 2] [0 0 1] [0 0 1] [0 0 1] ]
[ [0 0 1] [0 0 1] [0 1 2] [-1  0  2] [0 0 1] ]
[ [0 0 1] [0 0 1] [-1  0  2] [ 0 -1  2] [0 0 1] ]
[ [0 0 1] [0 0 1] [0 0 1] [0 0 1] [-1  0  1] ]

qnr[i]
[ [-1  0  2] [ 0 -1  2] [0 0 1] [0 0 1] [0 0 1] ]
[ [ 0 -1  2] [1 0 2] [0 0 1] [0 0 1] [0 0 1] ]
[ [0 0 1] [0 0 1] [-1  0  2] [0 1 2] [0 0 1] ]
[ [0 0 1] [0 0 1] [0 1 2] [1 0 2] [0 0 1] ]
[ [0 0 1] [0 0 1] [0 0 1] [0 0 1] [-1  0  1] ]

Qnprj_Icos prj0
[ [1 0 1] [1 1 2] [0 0 1] [1 1 2] [-1  0  1] [0 0 1] ]
[ [1 1 2] [0 0 1] [1 0 1] [-1  0  1] [0 0 1] [1 1 2] ]
[ [1 1 2] [0 0 1] [-1  0  1] [-1  0  1] [0 0 1] [-1 -1  2] ]
[ [0 0 1] [1 0 1] [-1 -1  2] [0 0 1] [1 1 2] [1 0 1] ]
[ [-1  0  1] [1 1 2] [0 0 1] [-1 -1  2] [-1  0  1] [0 0 1] ]
[ [0 0 1] [1 0 1] [1 1 2] [0 0 1] [1 1 2] [-1  0  1] ]

Qnprj_Icos prj0
[ [1 0 1] [1 1 2] [0 0 1] [1 1 2] [-1  0  1] [0 0 1] ]
[ [1 1 2] [0 0 1] [1 0 1] [-1  0  1] [0 0 1] [1 1 2] ]
[ [1 1 2] [0 0 1] [-1  0  1] [-1  0  1] [0 0 1] [-1 -1  2] ]
[ [0 0 1] [1 0 1] [-1 -1  2] [0 0 1] [1 1 2] [1 0 1] ]
[ [-1  0  1] [1 1 2] [0 0 1] [-1 -1  2] [-1  0  1] [0 0 1] ]
[ [0 0 1] [1 0 1] [1 1 2] [0 0 1] [1 1 2] [-1  0  1] ]

# 1
[  1 0 0 0 0 0 ]
[  0 0 1 0 0 0 ]
[  0 0 0 1 0 0 ]
[  0 0 0 0 1 0 ]
[  0 0 0 0 0 1 ]
[  0 1 0 0 0 0 ]
 
# 2
[  -1 0 0 0 0 0 ]
[  0 -1 0 0 0 0 ]
[  0 0 0 0 0 -1 ]
[  0 0 0 0 -1 0 ]
[  0 0 0 -1 0 0 ]
[  0 0 -1 0 0 0 ]
 
# 3
[  0 0 0 0 0 -1 ]
[  0 -1 0 0 0 0 ]
[  0 0 0 1 0 0 ]
[  0 0 1 0 0 0 ]
[  0 0 0 0 -1 0 ]
[  -1 0 0 0 0 0 ]
 
# 4
[  0 1 0 0 0 0 ]
[  0 0 1 0 0 0 ]
[  1 0 0 0 0 0 ]
[  0 0 0 0 0 1 ]
[  0 0 0 -1 0 0 ]
[  0 0 0 0 -1 0 ]
 
# 5
[  -1 0 0 0 0 0 ]
[  0 -1 0 0 0 0 ]
[  0 0 -1 0 0 0 ]
[  0 0 0 -1 0 0 ]
[  0 0 0 0 -1 0 ]
[  0 0 0 0 0 -1 ]
 
# 1
[  1 0 0 0 0 0 ]
[  0 1 0 0 0 0 ]
[  0 0 1 0 0 0 ]
[  0 0 0 1 0 0 ]
[  0 0 0 0 1 0 ]
[  0 0 0 0 0 1 ]
 
# 2
[  1 0 0 0 0 0 ]
[  0 0 1 0 0 0 ]
[  0 0 0 1 0 0 ]
[  0 0 0 0 1 0 ]
[  0 0 0 0 0 1 ]
[  0 1 0 0 0 0 ]
 
# 3
[  1 0 0 0 0 0 ]
[  0 0 0 1 0 0 ]
[  0 0 0 0 1 0 ]
[  0 0 0 0 0 1 ]
[  0 1 0 0 0 0 ]
[  0 0 1 0 0 0 ]
 
# 4
[  1 0 0 0 0 0 ]
[  0 0 0 0 1 0 ]
[  0 0 0 0 0 1 ]
[  0 1 0 0 0 0 ]
[  0 0 1 0 0 0 ]
[  0 0 0 1 0 0 ]
 
# 5
[  1 0 0 0 0 0 ]
[  0 0 0 0 0 1 ]
[  0 1 0 0 0 0 ]
[  0 0 1 0 0 0 ]
[  0 0 0 1 0 0 ]
[  0 0 0 0 1 0 ]
 
# 6
[  -1 0 0 0 0 0 ]
[  0 -1 0 0 0 0 ]
[  0 0 0 0 0 -1 ]
[  0 0 0 0 -1 0 ]
[  0 0 0 -1 0 0 ]
[  0 0 -1 0 0 0 ]
 
# 7
[  -1 0 0 0 0 0 ]
[  0 0 -1 0 0 0 ]
[  0 -1 0 0 0 0 ]
[  0 0 0 0 0 -1 ]
[  0 0 0 0 -1 0 ]
[  0 0 0 -1 0 0 ]
 
# 8
[  -1 0 0 0 0 0 ]
[  0 0 0 -1 0 0 ]
[  0 0 -1 0 0 0 ]
[  0 -1 0 0 0 0 ]
[  0 0 0 0 0 -1 ]
[  0 0 0 0 -1 0 ]
 
# 9
[  -1 0 0 0 0 0 ]
[  0 0 0 0 -1 0 ]
[  0 0 0 -1 0 0 ]
[  0 0 -1 0 0 0 ]
[  0 -1 0 0 0 0 ]
[  0 0 0 0 0 -1 ]
 
# 10
[  -1 0 0 0 0 0 ]
[  0 0 0 0 0 -1 ]
[  0 0 0 0 -1 0 ]
[  0 0 0 -1 0 0 ]
[  0 0 -1 0 0 0 ]
[  0 -1 0 0 0 0 ]
 
# 11
[  0 0 0 0 0 -1 ]
[  0 -1 0 0 0 0 ]
[  0 0 0 1 0 0 ]
[  0 0 1 0 0 0 ]
[  0 0 0 0 -1 0 ]
[  -1 0 0 0 0 0 ]
 
# 12
[  0 -1 0 0 0 0 ]
[  0 0 -1 0 0 0 ]
[  0 0 0 0 1 0 ]
[  0 0 0 1 0 0 ]
[  0 0 0 0 0 -1 ]
[  -1 0 0 0 0 0 ]
 
# 13
[  0 0 -1 0 0 0 ]
[  0 0 0 -1 0 0 ]
[  0 0 0 0 0 1 ]
[  0 0 0 0 1 0 ]
[  0 -1 0 0 0 0 ]
[  -1 0 0 0 0 0 ]
 
# 14
[  0 0 0 -1 0 0 ]
[  0 0 0 0 -1 0 ]
[  0 1 0 0 0 0 ]
[  0 0 0 0 0 1 ]
[  0 0 -1 0 0 0 ]
[  -1 0 0 0 0 0 ]
 
# 15
[  0 0 0 0 -1 0 ]
[  0 0 0 0 0 -1 ]
[  0 0 1 0 0 0 ]
[  0 1 0 0 0 0 ]
[  0 0 0 -1 0 0 ]
[  -1 0 0 0 0 0 ]
 
# 16
[  0 0 1 0 0 0 ]
[  0 1 0 0 0 0 ]
[  0 0 0 0 -1 0 ]
[  0 0 0 0 0 -1 ]
[  0 0 0 1 0 0 ]
[  1 0 0 0 0 0 ]
 
# 17
[  0 0 0 1 0 0 ]
[  0 0 1 0 0 0 ]
[  0 0 0 0 0 -1 ]
[  0 -1 0 0 0 0 ]
[  0 0 0 0 1 0 ]
[  1 0 0 0 0 0 ]
 
# 18
[  0 0 0 0 1 0 ]
[  0 0 0 1 0 0 ]
[  0 -1 0 0 0 0 ]
[  0 0 -1 0 0 0 ]
[  0 0 0 0 0 1 ]
[  1 0 0 0 0 0 ]
 
# 19
[  0 0 0 0 0 1 ]
[  0 0 0 0 1 0 ]
[  0 0 -1 0 0 0 ]
[  0 0 0 -1 0 0 ]
[  0 1 0 0 0 0 ]
[  1 0 0 0 0 0 ]
 
# 20
[  0 1 0 0 0 0 ]
[  0 0 0 0 0 1 ]
[  0 0 0 -1 0 0 ]
[  0 0 0 0 -1 0 ]
[  0 0 1 0 0 0 ]
[  1 0 0 0 0 0 ]
 
# 21
[  0 1 0 0 0 0 ]
[  0 0 1 0 0 0 ]
[  1 0 0 0 0 0 ]
[  0 0 0 0 0 1 ]
[  0 0 0 -1 0 0 ]
[  0 0 0 0 -1 0 ]
 
# 22
[  0 0 1 0 0 0 ]
[  0 0 0 1 0 0 ]
[  1 0 0 0 0 0 ]
[  0 1 0 0 0 0 ]
[  0 0 0 0 -1 0 ]
[  0 0 0 0 0 -1 ]
 
# 23
[  0 0 0 1 0 0 ]
[  0 0 0 0 1 0 ]
[  1 0 0 0 0 0 ]
[  0 0 1 0 0 0 ]
[  0 0 0 0 0 -1 ]
[  0 -1 0 0 0 0 ]
 
# 24
[  0 0 0 0 1 0 ]
[  0 0 0 0 0 1 ]
[  1 0 0 0 0 0 ]
[  0 0 0 1 0 0 ]
[  0 -1 0 0 0 0 ]
[  0 0 -1 0 0 0 ]
 
# 25
[  0 0 0 0 0 1 ]
[  0 1 0 0 0 0 ]
[  1 0 0 0 0 0 ]
[  0 0 0 0 1 0 ]
[  0 0 -1 0 0 0 ]
[  0 0 0 -1 0 0 ]
 
# 26
[  0 -1 0 0 0 0 ]
[  0 0 0 0 0 -1 ]
[  -1 0 0 0 0 0 ]
[  0 0 -1 0 0 0 ]
[  0 0 0 0 1 0 ]
[  0 0 0 1 0 0 ]
 
# 27
[  0 0 -1 0 0 0 ]
[  0 -1 0 0 0 0 ]
[  -1 0 0 0 0 0 ]
[  0 0 0 -1 0 0 ]
[  0 0 0 0 0 1 ]
[  0 0 0 0 1 0 ]
 
# 28
[  0 0 0 -1 0 0 ]
[  0 0 -1 0 0 0 ]
[  -1 0 0 0 0 0 ]
[  0 0 0 0 -1 0 ]
[  0 1 0 0 0 0 ]
[  0 0 0 0 0 1 ]
 
# 29
[  0 0 0 0 -1 0 ]
[  0 0 0 -1 0 0 ]
[  -1 0 0 0 0 0 ]
[  0 0 0 0 0 -1 ]
[  0 0 1 0 0 0 ]
[  0 1 0 0 0 0 ]
 
# 30
[  0 0 0 0 0 -1 ]
[  0 0 0 0 -1 0 ]
[  -1 0 0 0 0 0 ]
[  0 -1 0 0 0 0 ]
[  0 0 0 1 0 0 ]
[  0 0 1 0 0 0 ]
 
# 31
[  0 -1 0 0 0 0 ]
[  0 0 0 1 0 0 ]
[  0 0 0 0 0 -1 ]
[  -1 0 0 0 0 0 ]
[  0 0 -1 0 0 0 ]
[  0 0 0 0 1 0 ]
 
# 32
[  0 0 -1 0 0 0 ]
[  0 0 0 0 1 0 ]
[  0 -1 0 0 0 0 ]
[  -1 0 0 0 0 0 ]
[  0 0 0 -1 0 0 ]
[  0 0 0 0 0 1 ]
 
# 33
[  0 0 0 -1 0 0 ]
[  0 0 0 0 0 1 ]
[  0 0 -1 0 0 0 ]
[  -1 0 0 0 0 0 ]
[  0 0 0 0 -1 0 ]
[  0 1 0 0 0 0 ]
 
# 34
[  0 0 0 0 -1 0 ]
[  0 1 0 0 0 0 ]
[  0 0 0 -1 0 0 ]
[  -1 0 0 0 0 0 ]
[  0 0 0 0 0 -1 ]
[  0 0 1 0 0 0 ]
 
# 35
[  0 0 0 0 0 -1 ]
[  0 0 1 0 0 0 ]
[  0 0 0 0 -1 0 ]
[  -1 0 0 0 0 0 ]
[  0 -1 0 0 0 0 ]
[  0 0 0 1 0 0 ]
 
# 36
[  0 1 0 0 0 0 ]
[  0 0 0 0 -1 0 ]
[  0 0 1 0 0 0 ]
[  1 0 0 0 0 0 ]
[  0 0 0 0 0 1 ]
[  0 0 0 -1 0 0 ]
 
# 37
[  0 0 1 0 0 0 ]
[  0 0 0 0 0 -1 ]
[  0 0 0 1 0 0 ]
[  1 0 0 0 0 0 ]
[  0 1 0 0 0 0 ]
[  0 0 0 0 -1 0 ]
 
# 38
[  0 0 0 1 0 0 ]
[  0 -1 0 0 0 0 ]
[  0 0 0 0 1 0 ]
[  1 0 0 0 0 0 ]
[  0 0 1 0 0 0 ]
[  0 0 0 0 0 -1 ]
 
# 39
[  0 0 0 0 1 0 ]
[  0 0 -1 0 0 0 ]
[  0 0 0 0 0 1 ]
[  1 0 0 0 0 0 ]
[  0 0 0 1 0 0 ]
[  0 -1 0 0 0 0 ]
 
# 40
[  0 0 0 0 0 1 ]
[  0 0 0 -1 0 0 ]
[  0 1 0 0 0 0 ]
[  1 0 0 0 0 0 ]
[  0 0 0 0 1 0 ]
[  0 0 -1 0 0 0 ]
 
# 41
[  0 0 1 0 0 0 ]
[  1 0 0 0 0 0 ]
[  0 1 0 0 0 0 ]
[  0 0 0 0 -1 0 ]
[  0 0 0 0 0 -1 ]
[  0 0 0 1 0 0 ]
 
# 42
[  0 0 0 1 0 0 ]
[  1 0 0 0 0 0 ]
[  0 0 1 0 0 0 ]
[  0 0 0 0 0 -1 ]
[  0 -1 0 0 0 0 ]
[  0 0 0 0 1 0 ]
 
# 43
[  0 0 0 0 1 0 ]
[  1 0 0 0 0 0 ]
[  0 0 0 1 0 0 ]
[  0 -1 0 0 0 0 ]
[  0 0 -1 0 0 0 ]
[  0 0 0 0 0 1 ]
 
# 44
[  0 0 0 0 0 1 ]
[  1 0 0 0 0 0 ]
[  0 0 0 0 1 0 ]
[  0 0 -1 0 0 0 ]
[  0 0 0 -1 0 0 ]
[  0 1 0 0 0 0 ]
 
# 45
[  0 1 0 0 0 0 ]
[  1 0 0 0 0 0 ]
[  0 0 0 0 0 1 ]
[  0 0 0 -1 0 0 ]
[  0 0 0 0 -1 0 ]
[  0 0 1 0 0 0 ]
 
# 46
[  0 0 0 0 0 -1 ]
[  -1 0 0 0 0 0 ]
[  0 -1 0 0 0 0 ]
[  0 0 0 1 0 0 ]
[  0 0 1 0 0 0 ]
[  0 0 0 0 -1 0 ]
 
# 47
[  0 -1 0 0 0 0 ]
[  -1 0 0 0 0 0 ]
[  0 0 -1 0 0 0 ]
[  0 0 0 0 1 0 ]
[  0 0 0 1 0 0 ]
[  0 0 0 0 0 -1 ]
 
# 48
[  0 0 -1 0 0 0 ]
[  -1 0 0 0 0 0 ]
[  0 0 0 -1 0 0 ]
[  0 0 0 0 0 1 ]
[  0 0 0 0 1 0 ]
[  0 -1 0 0 0 0 ]
 
# 49
[  0 0 0 -1 0 0 ]
[  -1 0 0 0 0 0 ]
[  0 0 0 0 -1 0 ]
[  0 1 0 0 0 0 ]
[  0 0 0 0 0 1 ]
[  0 0 -1 0 0 0 ]
 
# 50
[  0 0 0 0 -1 0 ]
[  -1 0 0 0 0 0 ]
[  0 0 0 0 0 -1 ]
[  0 0 1 0 0 0 ]
[  0 1 0 0 0 0 ]
[  0 0 0 -1 0 0 ]
 
# 51
[  0 0 0 1 0 0 ]
[  0 0 0 0 0 -1 ]
[  0 -1 0 0 0 0 ]
[  0 0 0 0 1 0 ]
[  1 0 0 0 0 0 ]
[  0 0 1 0 0 0 ]
 
# 52
[  0 0 0 0 1 0 ]
[  0 -1 0 0 0 0 ]
[  0 0 -1 0 0 0 ]
[  0 0 0 0 0 1 ]
[  1 0 0 0 0 0 ]
[  0 0 0 1 0 0 ]
 
# 53
[  0 0 0 0 0 1 ]
[  0 0 -1 0 0 0 ]
[  0 0 0 -1 0 0 ]
[  0 1 0 0 0 0 ]
[  1 0 0 0 0 0 ]
[  0 0 0 0 1 0 ]
 
# 54
[  0 1 0 0 0 0 ]
[  0 0 0 -1 0 0 ]
[  0 0 0 0 -1 0 ]
[  0 0 1 0 0 0 ]
[  1 0 0 0 0 0 ]
[  0 0 0 0 0 1 ]
 
# 55
[  0 0 1 0 0 0 ]
[  0 0 0 0 -1 0 ]
[  0 0 0 0 0 -1 ]
[  0 0 0 1 0 0 ]
[  1 0 0 0 0 0 ]
[  0 1 0 0 0 0 ]
 
# 56
[  0 0 0 0 -1 0 ]
[  0 0 1 0 0 0 ]
[  0 1 0 0 0 0 ]
[  0 0 0 -1 0 0 ]
[  -1 0 0 0 0 0 ]
[  0 0 0 0 0 -1 ]
 
# 57
[  0 0 0 0 0 -1 ]
[  0 0 0 1 0 0 ]
[  0 0 1 0 0 0 ]
[  0 0 0 0 -1 0 ]
[  -1 0 0 0 0 0 ]
[  0 -1 0 0 0 0 ]
 
# 58
[  0 -1 0 0 0 0 ]
[  0 0 0 0 1 0 ]
[  0 0 0 1 0 0 ]
[  0 0 0 0 0 -1 ]
[  -1 0 0 0 0 0 ]
[  0 0 -1 0 0 0 ]
 
# 59
[  0 0 -1 0 0 0 ]
[  0 0 0 0 0 1 ]
[  0 0 0 0 1 0 ]
[  0 -1 0 0 0 0 ]
[  -1 0 0 0 0 0 ]
[  0 0 0 -1 0 0 ]
 
# 60
[  0 0 0 -1 0 0 ]
[  0 1 0 0 0 0 ]
[  0 0 0 0 0 1 ]
[  0 0 -1 0 0 0 ]
[  -1 0 0 0 0 0 ]
[  0 0 0 0 -1 0 ]
 
# 61
[  -1 0 0 0 0 0 ]
[  0 -1 0 0 0 0 ]
[  0 0 -1 0 0 0 ]
[  0 0 0 -1 0 0 ]
[  0 0 0 0 -1 0 ]
[  0 0 0 0 0 -1 ]
 
# 62
[  -1 0 0 0 0 0 ]
[  0 0 -1 0 0 0 ]
[  0 0 0 -1 0 0 ]
[  0 0 0 0 -1 0 ]
[  0 0 0 0 0 -1 ]
[  0 -1 0 0 0 0 ]
 
# 63
[  -1 0 0 0 0 0 ]
[  0 0 0 -1 0 0 ]
[  0 0 0 0 -1 0 ]
[  0 0 0 0 0 -1 ]
[  0 -1 0 0 0 0 ]
[  0 0 -1 0 0 0 ]
 
# 64
[  -1 0 0 0 0 0 ]
[  0 0 0 0 -1 0 ]
[  0 0 0 0 0 -1 ]
[  0 -1 0 0 0 0 ]
[  0 0 -1 0 0 0 ]
[  0 0 0 -1 0 0 ]
 
# 65
[  -1 0 0 0 0 0 ]
[  0 0 0 0 0 -1 ]
[  0 -1 0 0 0 0 ]
[  0 0 -1 0 0 0 ]
[  0 0 0 -1 0 0 ]
[  0 0 0 0 -1 0 ]
 
# 66
[  1 0 0 0 0 0 ]
[  0 1 0 0 0 0 ]
[  0 0 0 0 0 1 ]
[  0 0 0 0 1 0 ]
[  0 0 0 1 0 0 ]
[  0 0 1 0 0 0 ]
 
# 67
[  1 0 0 0 0 0 ]
[  0 0 1 0 0 0 ]
[  0 1 0 0 0 0 ]
[  0 0 0 0 0 1 ]
[  0 0 0 0 1 0 ]
[  0 0 0 1 0 0 ]
 
# 68
[  1 0 0 0 0 0 ]
[  0 0 0 1 0 0 ]
[  0 0 1 0 0 0 ]
[  0 1 0 0 0 0 ]
[  0 0 0 0 0 1 ]
[  0 0 0 0 1 0 ]
 
# 69
[  1 0 0 0 0 0 ]
[  0 0 0 0 1 0 ]
[  0 0 0 1 0 0 ]
[  0 0 1 0 0 0 ]
[  0 1 0 0 0 0 ]
[  0 0 0 0 0 1 ]
 
# 70
[  1 0 0 0 0 0 ]
[  0 0 0 0 0 1 ]
[  0 0 0 0 1 0 ]
[  0 0 0 1 0 0 ]
[  0 0 1 0 0 0 ]
[  0 1 0 0 0 0 ]
 
# 71
[  0 0 0 0 0 1 ]
[  0 1 0 0 0 0 ]
[  0 0 0 -1 0 0 ]
[  0 0 -1 0 0 0 ]
[  0 0 0 0 1 0 ]
[  1 0 0 0 0 0 ]
 
# 72
[  0 1 0 0 0 0 ]
[  0 0 1 0 0 0 ]
[  0 0 0 0 -1 0 ]
[  0 0 0 -1 0 0 ]
[  0 0 0 0 0 1 ]
[  1 0 0 0 0 0 ]
 
# 73
[  0 0 1 0 0 0 ]
[  0 0 0 1 0 0 ]
[  0 0 0 0 0 -1 ]
[  0 0 0 0 -1 0 ]
[  0 1 0 0 0 0 ]
[  1 0 0 0 0 0 ]
 
# 74
[  0 0 0 1 0 0 ]
[  0 0 0 0 1 0 ]
[  0 -1 0 0 0 0 ]
[  0 0 0 0 0 -1 ]
[  0 0 1 0 0 0 ]
[  1 0 0 0 0 0 ]
 
# 75
[  0 0 0 0 1 0 ]
[  0 0 0 0 0 1 ]
[  0 0 -1 0 0 0 ]
[  0 -1 0 0 0 0 ]
[  0 0 0 1 0 0 ]
[  1 0 0 0 0 0 ]
 
# 76
[  0 0 -1 0 0 0 ]
[  0 -1 0 0 0 0 ]
[  0 0 0 0 1 0 ]
[  0 0 0 0 0 1 ]
[  0 0 0 -1 0 0 ]
[  -1 0 0 0 0 0 ]
 
# 77
[  0 0 0 -1 0 0 ]
[  0 0 -1 0 0 0 ]
[  0 0 0 0 0 1 ]
[  0 1 0 0 0 0 ]
[  0 0 0 0 -1 0 ]
[  -1 0 0 0 0 0 ]
 
# 78
[  0 0 0 0 -1 0 ]
[  0 0 0 -1 0 0 ]
[  0 1 0 0 0 0 ]
[  0 0 1 0 0 0 ]
[  0 0 0 0 0 -1 ]
[  -1 0 0 0 0 0 ]
 
# 79
[  0 0 0 0 0 -1 ]
[  0 0 0 0 -1 0 ]
[  0 0 1 0 0 0 ]
[  0 0 0 1 0 0 ]
[  0 -1 0 0 0 0 ]
[  -1 0 0 0 0 0 ]
 
# 80
[  0 -1 0 0 0 0 ]
[  0 0 0 0 0 -1 ]
[  0 0 0 1 0 0 ]
[  0 0 0 0 1 0 ]
[  0 0 -1 0 0 0 ]
[  -1 0 0 0 0 0 ]
 
# 81
[  0 -1 0 0 0 0 ]
[  0 0 -1 0 0 0 ]
[  -1 0 0 0 0 0 ]
[  0 0 0 0 0 -1 ]
[  0 0 0 1 0 0 ]
[  0 0 0 0 1 0 ]
 
# 82
[  0 0 -1 0 0 0 ]
[  0 0 0 -1 0 0 ]
[  -1 0 0 0 0 0 ]
[  0 -1 0 0 0 0 ]
[  0 0 0 0 1 0 ]
[  0 0 0 0 0 1 ]
 
# 83
[  0 0 0 -1 0 0 ]
[  0 0 0 0 -1 0 ]
[  -1 0 0 0 0 0 ]
[  0 0 -1 0 0 0 ]
[  0 0 0 0 0 1 ]
[  0 1 0 0 0 0 ]
 
# 84
[  0 0 0 0 -1 0 ]
[  0 0 0 0 0 -1 ]
[  -1 0 0 0 0 0 ]
[  0 0 0 -1 0 0 ]
[  0 1 0 0 0 0 ]
[  0 0 1 0 0 0 ]
 
# 85
[  0 0 0 0 0 -1 ]
[  0 -1 0 0 0 0 ]
[  -1 0 0 0 0 0 ]
[  0 0 0 0 -1 0 ]
[  0 0 1 0 0 0 ]
[  0 0 0 1 0 0 ]
 
# 86
[  0 1 0 0 0 0 ]
[  0 0 0 0 0 1 ]
[  1 0 0 0 0 0 ]
[  0 0 1 0 0 0 ]
[  0 0 0 0 -1 0 ]
[  0 0 0 -1 0 0 ]
 
# 87
[  0 0 1 0 0 0 ]
[  0 1 0 0 0 0 ]
[  1 0 0 0 0 0 ]
[  0 0 0 1 0 0 ]
[  0 0 0 0 0 -1 ]
[  0 0 0 0 -1 0 ]
 
# 88
[  0 0 0 1 0 0 ]
[  0 0 1 0 0 0 ]
[  1 0 0 0 0 0 ]
[  0 0 0 0 1 0 ]
[  0 -1 0 0 0 0 ]
[  0 0 0 0 0 -1 ]
 
# 89
[  0 0 0 0 1 0 ]
[  0 0 0 1 0 0 ]
[  1 0 0 0 0 0 ]
[  0 0 0 0 0 1 ]
[  0 0 -1 0 0 0 ]
[  0 -1 0 0 0 0 ]
 
# 90
[  0 0 0 0 0 1 ]
[  0 0 0 0 1 0 ]
[  1 0 0 0 0 0 ]
[  0 1 0 0 0 0 ]
[  0 0 0 -1 0 0 ]
[  0 0 -1 0 0 0 ]
 
# 91
[  0 1 0 0 0 0 ]
[  0 0 0 -1 0 0 ]
[  0 0 0 0 0 1 ]
[  1 0 0 0 0 0 ]
[  0 0 1 0 0 0 ]
[  0 0 0 0 -1 0 ]
 
# 92
[  0 0 1 0 0 0 ]
[  0 0 0 0 -1 0 ]
[  0 1 0 0 0 0 ]
[  1 0 0 0 0 0 ]
[  0 0 0 1 0 0 ]
[  0 0 0 0 0 -1 ]
 
# 93
[  0 0 0 1 0 0 ]
[  0 0 0 0 0 -1 ]
[  0 0 1 0 0 0 ]
[  1 0 0 0 0 0 ]
[  0 0 0 0 1 0 ]
[  0 -1 0 0 0 0 ]
 
# 94
[  0 0 0 0 1 0 ]
[  0 -1 0 0 0 0 ]
[  0 0 0 1 0 0 ]
[  1 0 0 0 0 0 ]
[  0 0 0 0 0 1 ]
[  0 0 -1 0 0 0 ]
 
# 95
[  0 0 0 0 0 1 ]
[  0 0 -1 0 0 0 ]
[  0 0 0 0 1 0 ]
[  1 0 0 0 0 0 ]
[  0 1 0 0 0 0 ]
[  0 0 0 -1 0 0 ]
 
# 96
[  0 -1 0 0 0 0 ]
[  0 0 0 0 1 0 ]
[  0 0 -1 0 0 0 ]
[  -1 0 0 0 0 0 ]
[  0 0 0 0 0 -1 ]
[  0 0 0 1 0 0 ]
 
# 97
[  0 0 -1 0 0 0 ]
[  0 0 0 0 0 1 ]
[  0 0 0 -1 0 0 ]
[  -1 0 0 0 0 0 ]
[  0 -1 0 0 0 0 ]
[  0 0 0 0 1 0 ]
 
# 98
[  0 0 0 -1 0 0 ]
[  0 1 0 0 0 0 ]
[  0 0 0 0 -1 0 ]
[  -1 0 0 0 0 0 ]
[  0 0 -1 0 0 0 ]
[  0 0 0 0 0 1 ]
 
# 99
[  0 0 0 0 -1 0 ]
[  0 0 1 0 0 0 ]
[  0 0 0 0 0 -1 ]
[  -1 0 0 0 0 0 ]
[  0 0 0 -1 0 0 ]
[  0 1 0 0 0 0 ]
 
# 100
[  0 0 0 0 0 -1 ]
[  0 0 0 1 0 0 ]
[  0 -1 0 0 0 0 ]
[  -1 0 0 0 0 0 ]
[  0 0 0 0 -1 0 ]
[  0 0 1 0 0 0 ]
 
# 101
[  0 0 -1 0 0 0 ]
[  -1 0 0 0 0 0 ]
[  0 -1 0 0 0 0 ]
[  0 0 0 0 1 0 ]
[  0 0 0 0 0 1 ]
[  0 0 0 -1 0 0 ]
 
# 102
[  0 0 0 -1 0 0 ]
[  -1 0 0 0 0 0 ]
[  0 0 -1 0 0 0 ]
[  0 0 0 0 0 1 ]
[  0 1 0 0 0 0 ]
[  0 0 0 0 -1 0 ]
 
# 103
[  0 0 0 0 -1 0 ]
[  -1 0 0 0 0 0 ]
[  0 0 0 -1 0 0 ]
[  0 1 0 0 0 0 ]
[  0 0 1 0 0 0 ]
[  0 0 0 0 0 -1 ]
 
# 104
[  0 0 0 0 0 -1 ]
[  -1 0 0 0 0 0 ]
[  0 0 0 0 -1 0 ]
[  0 0 1 0 0 0 ]
[  0 0 0 1 0 0 ]
[  0 -1 0 0 0 0 ]
 
# 105
[  0 -1 0 0 0 0 ]
[  -1 0 0 0 0 0 ]
[  0 0 0 0 0 -1 ]
[  0 0 0 1 0 0 ]
[  0 0 0 0 1 0 ]
[  0 0 -1 0 0 0 ]
 
# 106
[  0 0 0 0 0 1 ]
[  1 0 0 0 0 0 ]
[  0 1 0 0 0 0 ]
[  0 0 0 -1 0 0 ]
[  0 0 -1 0 0 0 ]
[  0 0 0 0 1 0 ]
 
# 107
[  0 1 0 0 0 0 ]
[  1 0 0 0 0 0 ]
[  0 0 1 0 0 0 ]
[  0 0 0 0 -1 0 ]
[  0 0 0 -1 0 0 ]
[  0 0 0 0 0 1 ]
 
# 108
[  0 0 1 0 0 0 ]
[  1 0 0 0 0 0 ]
[  0 0 0 1 0 0 ]
[  0 0 0 0 0 -1 ]
[  0 0 0 0 -1 0 ]
[  0 1 0 0 0 0 ]
 
# 109
[  0 0 0 1 0 0 ]
[  1 0 0 0 0 0 ]
[  0 0 0 0 1 0 ]
[  0 -1 0 0 0 0 ]
[  0 0 0 0 0 -1 ]
[  0 0 1 0 0 0 ]
 
# 110
[  0 0 0 0 1 0 ]
[  1 0 0 0 0 0 ]
[  0 0 0 0 0 1 ]
[  0 0 -1 0 0 0 ]
[  0 -1 0 0 0 0 ]
[  0 0 0 1 0 0 ]
 
# 111
[  0 0 0 -1 0 0 ]
[  0 0 0 0 0 1 ]
[  0 1 0 0 0 0 ]
[  0 0 0 0 -1 0 ]
[  -1 0 0 0 0 0 ]
[  0 0 -1 0 0 0 ]
 
# 112
[  0 0 0 0 -1 0 ]
[  0 1 0 0 0 0 ]
[  0 0 1 0 0 0 ]
[  0 0 0 0 0 -1 ]
[  -1 0 0 0 0 0 ]
[  0 0 0 -1 0 0 ]
 
# 113
[  0 0 0 0 0 -1 ]
[  0 0 1 0 0 0 ]
[  0 0 0 1 0 0 ]
[  0 -1 0 0 0 0 ]
[  -1 0 0 0 0 0 ]
[  0 0 0 0 -1 0 ]
 
# 114
[  0 -1 0 0 0 0 ]
[  0 0 0 1 0 0 ]
[  0 0 0 0 1 0 ]
[  0 0 -1 0 0 0 ]
[  -1 0 0 0 0 0 ]
[  0 0 0 0 0 -1 ]
 
# 115
[  0 0 -1 0 0 0 ]
[  0 0 0 0 1 0 ]
[  0 0 0 0 0 1 ]
[  0 0 0 -1 0 0 ]
[  -1 0 0 0 0 0 ]
[  0 -1 0 0 0 0 ]
 
# 116
[  0 0 0 0 1 0 ]
[  0 0 -1 0 0 0 ]
[  0 -1 0 0 0 0 ]
[  0 0 0 1 0 0 ]
[  1 0 0 0 0 0 ]
[  0 0 0 0 0 1 ]
 
# 117
[  0 0 0 0 0 1 ]
[  0 0 0 -1 0 0 ]
[  0 0 -1 0 0 0 ]
[  0 0 0 0 1 0 ]
[  1 0 0 0 0 0 ]
[  0 1 0 0 0 0 ]
 
# 118
[  0 1 0 0 0 0 ]
[  0 0 0 0 -1 0 ]
[  0 0 0 -1 0 0 ]
[  0 0 0 0 0 1 ]
[  1 0 0 0 0 0 ]
[  0 0 1 0 0 0 ]
 
# 119
[  0 0 1 0 0 0 ]
[  0 0 0 0 0 -1 ]
[  0 0 0 0 -1 0 ]
[  0 1 0 0 0 0 ]
[  1 0 0 0 0 0 ]
[  0 0 0 1 0 0 ]
 
# 120
[  0 0 0 1 0 0 ]
[  0 -1 0 0 0 0 ]
[  0 0 0 0 0 -1 ]
[  0 0 1 0 0 0 ]
[  1 0 0 0 0 0 ]
[  0 0 0 0 1 0 ]
 
qn0 [ 0 0 1 ]
# 1
[ [1 0 1] [0 0 1] [0 0 1] [0 0 1] [0 0 1] [0 0 1] ]
[ [0 0 1] [1 0 1] [0 0 1] [0 0 1] [0 0 1] [0 0 1] ]
[ [0 0 1] [0 0 1] [1 0 1] [0 0 1] [0 0 1] [0 0 1] ]
[ [0 0 1] [0 0 1] [0 0 1] [1 0 1] [0 0 1] [0 0 1] ]
[ [0 0 1] [0 0 1] [0 0 1] [0 0 1] [1 0 1] [0 0 1] ]
[ [0 0 1] [0 0 1] [0 0 1] [0 0 1] [0 0 1] [1 0 1] ]

# 2
[ [1 0 2] [-1  1  4] [-1 -1  4] [0 0 1] [0 0 1] [0 0 1] ]
[ [-1  1  4] [1 1 4] [1 0 2] [0 0 1] [0 0 1] [0 0 1] ]
[ [1 1 4] [-1  0  2] [-1  1  4] [0 0 1] [0 0 1] [0 0 1] ]
[ [0 0 1] [0 0 1] [0 0 1] [1 0 2] [-1 -1  4] [-1  1  4] ]
[ [0 0 1] [0 0 1] [0 0 1] [-1 -1  4] [ 1 -1  4] [1 0 2] ]
[ [0 0 1] [0 0 1] [0 0 1] [ 1 -1  4] [-1  0  2] [-1 -1  4] ]

# 3
[ [ 1 -1  4] [1 1 4] [-1  0  2] [0 0 1] [0 0 1] [0 0 1] ]
[ [1 1 4] [1 0 2] [-1  1  4] [0 0 1] [0 0 1] [0 0 1] ]
[ [1 0 2] [ 1 -1  4] [-1 -1  4] [0 0 1] [0 0 1] [0 0 1] ]
[ [0 0 1] [0 0 1] [0 0 1] [1 1 4] [ 1 -1  4] [-1  0  2] ]
[ [0 0 1] [0 0 1] [0 0 1] [ 1 -1  4] [1 0 2] [-1 -1  4] ]
[ [0 0 1] [0 0 1] [0 0 1] [1 0 2] [1 1 4] [-1  1  4] ]

# 4
[ [ 1 -1  4] [1 1 4] [1 0 2] [0 0 1] [0 0 1] [0 0 1] ]
[ [1 1 4] [1 0 2] [ 1 -1  4] [0 0 1] [0 0 1] [0 0 1] ]
[ [-1  0  2] [-1  1  4] [-1 -1  4] [0 0 1] [0 0 1] [0 0 1] ]
[ [0 0 1] [0 0 1] [0 0 1] [1 1 4] [ 1 -1  4] [1 0 2] ]
[ [0 0 1] [0 0 1] [0 0 1] [ 1 -1  4] [1 0 2] [1 1 4] ]
[ [0 0 1] [0 0 1] [0 0 1] [-1  0  2] [-1 -1  4] [-1  1  4] ]

# 5
[ [1 0 2] [-1  1  4] [1 1 4] [0 0 1] [0 0 1] [0 0 1] ]
[ [-1  1  4] [1 1 4] [-1  0  2] [0 0 1] [0 0 1] [0 0 1] ]
[ [-1 -1  4] [1 0 2] [-1  1  4] [0 0 1] [0 0 1] [0 0 1] ]
[ [0 0 1] [0 0 1] [0 0 1] [1 0 2] [-1 -1  4] [ 1 -1  4] ]
[ [0 0 1] [0 0 1] [0 0 1] [-1 -1  4] [ 1 -1  4] [-1  0  2] ]
[ [0 0 1] [0 0 1] [0 0 1] [-1  1  4] [1 0 2] [-1 -1  4] ]

# 6
[ [-1  0  2] [ 1 -1  4] [-1 -1  4] [0 0 1] [0 0 1] [0 0 1] ]
[ [ 1 -1  4] [-1 -1  4] [1 0 2] [0 0 1] [0 0 1] [0 0 1] ]
[ [-1 -1  4] [1 0 2] [-1  1  4] [0 0 1] [0 0 1] [0 0 1] ]
[ [0 0 1] [0 0 1] [0 0 1] [-1  0  2] [1 1 4] [-1  1  4] ]
[ [0 0 1] [0 0 1] [0 0 1] [1 1 4] [-1  1  4] [1 0 2] ]
[ [0 0 1] [0 0 1] [0 0 1] [-1  1  4] [1 0 2] [-1 -1  4] ]

# 7
[ [-1  0  1] [0 0 1] [0 0 1] [0 0 1] [0 0 1] [0 0 1] ]
[ [0 0 1] [-1  0  1] [0 0 1] [0 0 1] [0 0 1] [0 0 1] ]
[ [0 0 1] [0 0 1] [1 0 1] [0 0 1] [0 0 1] [0 0 1] ]
[ [0 0 1] [0 0 1] [0 0 1] [-1  0  1] [0 0 1] [0 0 1] ]
[ [0 0 1] [0 0 1] [0 0 1] [0 0 1] [-1  0  1] [0 0 1] ]
[ [0 0 1] [0 0 1] [0 0 1] [0 0 1] [0 0 1] [1 0 1] ]

# 8
[ [-1  0  2] [ 1 -1  4] [1 1 4] [0 0 1] [0 0 1] [0 0 1] ]
[ [ 1 -1  4] [-1 -1  4] [-1  0  2] [0 0 1] [0 0 1] [0 0 1] ]
[ [1 1 4] [-1  0  2] [-1  1  4] [0 0 1] [0 0 1] [0 0 1] ]
[ [0 0 1] [0 0 1] [0 0 1] [-1  0  2] [1 1 4] [ 1 -1  4] ]
[ [0 0 1] [0 0 1] [0 0 1] [1 1 4] [-1  1  4] [-1  0  2] ]
[ [0 0 1] [0 0 1] [0 0 1] [ 1 -1  4] [-1  0  2] [-1 -1  4] ]

# 9
[ [-1  1  4] [-1 -1  4] [1 0 2] [0 0 1] [0 0 1] [0 0 1] ]
[ [-1 -1  4] [-1  0  2] [ 1 -1  4] [0 0 1] [0 0 1] [0 0 1] ]
[ [1 0 2] [ 1 -1  4] [-1 -1  4] [0 0 1] [0 0 1] [0 0 1] ]
[ [0 0 1] [0 0 1] [0 0 1] [-1 -1  4] [-1  1  4] [1 0 2] ]
[ [0 0 1] [0 0 1] [0 0 1] [-1  1  4] [-1  0  2] [1 1 4] ]
[ [0 0 1] [0 0 1] [0 0 1] [1 0 2] [1 1 4] [-1  1  4] ]

# 10
[ [-1  1  4] [-1 -1  4] [-1  0  2] [0 0 1] [0 0 1] [0 0 1] ]
[ [-1 -1  4] [-1  0  2] [-1  1  4] [0 0 1] [0 0 1] [0 0 1] ]
[ [-1  0  2] [-1  1  4] [-1 -1  4] [0 0 1] [0 0 1] [0 0 1] ]
[ [0 0 1] [0 0 1] [0 0 1] [-1 -1  4] [-1  1  4] [-1  0  2] ]
[ [0 0 1] [0 0 1] [0 0 1] [-1  1  4] [-1  0  2] [-1 -1  4] ]
[ [0 0 1] [0 0 1] [0 0 1] [-1  0  2] [-1 -1  4] [-1  1  4] ]

# 11
[ [-1  0  2] [-1  1  4] [-1 -1  4] [0 0 1] [0 0 1] [0 0 1] ]
[ [-1  1  4] [-1 -1  4] [-1  0  2] [0 0 1] [0 0 1] [0 0 1] ]
[ [-1 -1  4] [-1  0  2] [-1  1  4] [0 0 1] [0 0 1] [0 0 1] ]
[ [0 0 1] [0 0 1] [0 0 1] [-1  0  2] [-1 -1  4] [-1  1  4] ]
[ [0 0 1] [0 0 1] [0 0 1] [-1 -1  4] [-1  1  4] [-1  0  2] ]
[ [0 0 1] [0 0 1] [0 0 1] [-1  1  4] [-1  0  2] [-1 -1  4] ]

# 12
[ [-1 -1  4] [1 0 2] [-1  1  4] [0 0 1] [0 0 1] [0 0 1] ]
[ [-1  0  2] [ 1 -1  4] [-1 -1  4] [0 0 1] [0 0 1] [0 0 1] ]
[ [ 1 -1  4] [-1 -1  4] [1 0 2] [0 0 1] [0 0 1] [0 0 1] ]
[ [0 0 1] [0 0 1] [0 0 1] [-1  1  4] [1 0 2] [-1 -1  4] ]
[ [0 0 1] [0 0 1] [0 0 1] [-1  0  2] [1 1 4] [-1  1  4] ]
[ [0 0 1] [0 0 1] [0 0 1] [1 1 4] [-1  1  4] [1 0 2] ]

# 13
[ [0 0 1] [0 0 1] [1 0 1] [0 0 1] [0 0 1] [0 0 1] ]
[ [-1  0  1] [0 0 1] [0 0 1] [0 0 1] [0 0 1] [0 0 1] ]
[ [0 0 1] [-1  0  1] [0 0 1] [0 0 1] [0 0 1] [0 0 1] ]
[ [0 0 1] [0 0 1] [0 0 1] [0 0 1] [0 0 1] [1 0 1] ]
[ [0 0 1] [0 0 1] [0 0 1] [-1  0  1] [0 0 1] [0 0 1] ]
[ [0 0 1] [0 0 1] [0 0 1] [0 0 1] [-1  0  1] [0 0 1] ]

# 14
[ [1 1 4] [-1  0  2] [-1  1  4] [0 0 1] [0 0 1] [0 0 1] ]
[ [-1  0  2] [ 1 -1  4] [1 1 4] [0 0 1] [0 0 1] [0 0 1] ]
[ [ 1 -1  4] [-1 -1  4] [-1  0  2] [0 0 1] [0 0 1] [0 0 1] ]
[ [0 0 1] [0 0 1] [0 0 1] [ 1 -1  4] [-1  0  2] [-1 -1  4] ]
[ [0 0 1] [0 0 1] [0 0 1] [-1  0  2] [1 1 4] [ 1 -1  4] ]
[ [0 0 1] [0 0 1] [0 0 1] [1 1 4] [-1  1  4] [-1  0  2] ]

# 15
[ [1 0 2] [ 1 -1  4] [-1 -1  4] [0 0 1] [0 0 1] [0 0 1] ]
[ [-1  1  4] [-1 -1  4] [1 0 2] [0 0 1] [0 0 1] [0 0 1] ]
[ [-1 -1  4] [-1  0  2] [ 1 -1  4] [0 0 1] [0 0 1] [0 0 1] ]
[ [0 0 1] [0 0 1] [0 0 1] [1 0 2] [1 1 4] [-1  1  4] ]
[ [0 0 1] [0 0 1] [0 0 1] [-1 -1  4] [-1  1  4] [1 0 2] ]
[ [0 0 1] [0 0 1] [0 0 1] [-1  1  4] [-1  0  2] [1 1 4] ]

# 16
[ [1 1 4] [-1  0  2] [-1  1  4] [0 0 1] [0 0 1] [0 0 1] ]
[ [1 0 2] [-1  1  4] [-1 -1  4] [0 0 1] [0 0 1] [0 0 1] ]
[ [-1  1  4] [1 1 4] [1 0 2] [0 0 1] [0 0 1] [0 0 1] ]
[ [0 0 1] [0 0 1] [0 0 1] [ 1 -1  4] [-1  0  2] [-1 -1  4] ]
[ [0 0 1] [0 0 1] [0 0 1] [1 0 2] [-1 -1  4] [-1  1  4] ]
[ [0 0 1] [0 0 1] [0 0 1] [-1 -1  4] [ 1 -1  4] [1 0 2] ]

# 17
[ [1 0 2] [ 1 -1  4] [-1 -1  4] [0 0 1] [0 0 1] [0 0 1] ]
[ [ 1 -1  4] [1 1 4] [-1  0  2] [0 0 1] [0 0 1] [0 0 1] ]
[ [1 1 4] [1 0 2] [-1  1  4] [0 0 1] [0 0 1] [0 0 1] ]
[ [0 0 1] [0 0 1] [0 0 1] [1 0 2] [1 1 4] [-1  1  4] ]
[ [0 0 1] [0 0 1] [0 0 1] [1 1 4] [ 1 -1  4] [-1  0  2] ]
[ [0 0 1] [0 0 1] [0 0 1] [ 1 -1  4] [1 0 2] [-1 -1  4] ]

# 18
[ [-1  0  2] [-1  1  4] [-1 -1  4] [0 0 1] [0 0 1] [0 0 1] ]
[ [ 1 -1  4] [1 1 4] [1 0 2] [0 0 1] [0 0 1] [0 0 1] ]
[ [1 1 4] [1 0 2] [ 1 -1  4] [0 0 1] [0 0 1] [0 0 1] ]
[ [0 0 1] [0 0 1] [0 0 1] [-1  0  2] [-1 -1  4] [-1  1  4] ]
[ [0 0 1] [0 0 1] [0 0 1] [1 1 4] [ 1 -1  4] [1 0 2] ]
[ [0 0 1] [0 0 1] [0 0 1] [ 1 -1  4] [1 0 2] [1 1 4] ]

# 19
[ [-1 -1  4] [1 0 2] [-1  1  4] [0 0 1] [0 0 1] [0 0 1] ]
[ [1 0 2] [-1  1  4] [1 1 4] [0 0 1] [0 0 1] [0 0 1] ]
[ [-1  1  4] [1 1 4] [-1  0  2] [0 0 1] [0 0 1] [0 0 1] ]
[ [0 0 1] [0 0 1] [0 0 1] [-1  1  4] [1 0 2] [-1 -1  4] ]
[ [0 0 1] [0 0 1] [0 0 1] [1 0 2] [-1 -1  4] [ 1 -1  4] ]
[ [0 0 1] [0 0 1] [0 0 1] [-1 -1  4] [ 1 -1  4] [-1  0  2] ]

# 20
[ [0 0 1] [0 0 1] [1 0 1] [0 0 1] [0 0 1] [0 0 1] ]
[ [1 0 1] [0 0 1] [0 0 1] [0 0 1] [0 0 1] [0 0 1] ]
[ [0 0 1] [1 0 1] [0 0 1] [0 0 1] [0 0 1] [0 0 1] ]
[ [0 0 1] [0 0 1] [0 0 1] [0 0 1] [0 0 1] [1 0 1] ]
[ [0 0 1] [0 0 1] [0 0 1] [1 0 1] [0 0 1] [0 0 1] ]
[ [0 0 1] [0 0 1] [0 0 1] [0 0 1] [1 0 1] [0 0 1] ]

# 21
[ [1 1 4] [1 0 2] [ 1 -1  4] [0 0 1] [0 0 1] [0 0 1] ]
[ [1 0 2] [ 1 -1  4] [1 1 4] [0 0 1] [0 0 1] [0 0 1] ]
[ [-1  1  4] [-1 -1  4] [-1  0  2] [0 0 1] [0 0 1] [0 0 1] ]
[ [0 0 1] [0 0 1] [0 0 1] [ 1 -1  4] [1 0 2] [1 1 4] ]
[ [0 0 1] [0 0 1] [0 0 1] [1 0 2] [1 1 4] [ 1 -1  4] ]
[ [0 0 1] [0 0 1] [0 0 1] [-1 -1  4] [-1  1  4] [-1  0  2] ]

# 22
[ [-1  1  4] [1 1 4] [-1  0  2] [0 0 1] [0 0 1] [0 0 1] ]
[ [1 1 4] [-1  0  2] [ 1 -1  4] [0 0 1] [0 0 1] [0 0 1] ]
[ [-1  0  2] [ 1 -1  4] [-1 -1  4] [0 0 1] [0 0 1] [0 0 1] ]
[ [0 0 1] [0 0 1] [0 0 1] [-1 -1  4] [ 1 -1  4] [-1  0  2] ]
[ [0 0 1] [0 0 1] [0 0 1] [ 1 -1  4] [-1  0  2] [1 1 4] ]
[ [0 0 1] [0 0 1] [0 0 1] [-1  0  2] [1 1 4] [-1  1  4] ]

# 23
[ [0 0 1] [1 0 1] [0 0 1] [0 0 1] [0 0 1] [0 0 1] ]
[ [0 0 1] [0 0 1] [-1  0  1] [0 0 1] [0 0 1] [0 0 1] ]
[ [-1  0  1] [0 0 1] [0 0 1] [0 0 1] [0 0 1] [0 0 1] ]
[ [0 0 1] [0 0 1] [0 0 1] [0 0 1] [1 0 1] [0 0 1] ]
[ [0 0 1] [0 0 1] [0 0 1] [0 0 1] [0 0 1] [-1  0  1] ]
[ [0 0 1] [0 0 1] [0 0 1] [-1  0  1] [0 0 1] [0 0 1] ]

# 24
[ [-1  1  4] [1 1 4] [1 0 2] [0 0 1] [0 0 1] [0 0 1] ]
[ [-1 -1  4] [1 0 2] [ 1 -1  4] [0 0 1] [0 0 1] [0 0 1] ]
[ [-1  0  2] [ 1 -1  4] [1 1 4] [0 0 1] [0 0 1] [0 0 1] ]
[ [0 0 1] [0 0 1] [0 0 1] [-1 -1  4] [ 1 -1  4] [1 0 2] ]
[ [0 0 1] [0 0 1] [0 0 1] [-1  1  4] [1 0 2] [1 1 4] ]
[ [0 0 1] [0 0 1] [0 0 1] [-1  0  2] [1 1 4] [ 1 -1  4] ]

# 25
[ [1 1 4] [1 0 2] [-1  1  4] [0 0 1] [0 0 1] [0 0 1] ]
[ [-1  0  2] [-1  1  4] [1 1 4] [0 0 1] [0 0 1] [0 0 1] ]
[ [-1  1  4] [-1 -1  4] [1 0 2] [0 0 1] [0 0 1] [0 0 1] ]
[ [0 0 1] [0 0 1] [0 0 1] [ 1 -1  4] [1 0 2] [-1 -1  4] ]
[ [0 0 1] [0 0 1] [0 0 1] [-1  0  2] [-1 -1  4] [ 1 -1  4] ]
[ [0 0 1] [0 0 1] [0 0 1] [-1 -1  4] [-1  1  4] [1 0 2] ]

# 26
[ [ 1 -1  4] [-1 -1  4] [-1  0  2] [0 0 1] [0 0 1] [0 0 1] ]
[ [-1 -1  4] [1 0 2] [ 1 -1  4] [0 0 1] [0 0 1] [0 0 1] ]
[ [1 0 2] [-1  1  4] [-1 -1  4] [0 0 1] [0 0 1] [0 0 1] ]
[ [0 0 1] [0 0 1] [0 0 1] [1 1 4] [-1  1  4] [-1  0  2] ]
[ [0 0 1] [0 0 1] [0 0 1] [-1  1  4] [1 0 2] [1 1 4] ]
[ [0 0 1] [0 0 1] [0 0 1] [1 0 2] [-1 -1  4] [-1  1  4] ]

# 27
[ [-1 -1  4] [-1  0  2] [ 1 -1  4] [0 0 1] [0 0 1] [0 0 1] ]
[ [-1  0  2] [-1  1  4] [1 1 4] [0 0 1] [0 0 1] [0 0 1] ]
[ [ 1 -1  4] [1 1 4] [-1  0  2] [0 0 1] [0 0 1] [0 0 1] ]
[ [0 0 1] [0 0 1] [0 0 1] [-1  1  4] [-1  0  2] [1 1 4] ]
[ [0 0 1] [0 0 1] [0 0 1] [-1  0  2] [-1 -1  4] [ 1 -1  4] ]
[ [0 0 1] [0 0 1] [0 0 1] [1 1 4] [ 1 -1  4] [-1  0  2] ]

# 28
[ [-1 -1  4] [-1  0  2] [-1  1  4] [0 0 1] [0 0 1] [0 0 1] ]
[ [1 0 2] [ 1 -1  4] [1 1 4] [0 0 1] [0 0 1] [0 0 1] ]
[ [ 1 -1  4] [1 1 4] [1 0 2] [0 0 1] [0 0 1] [0 0 1] ]
[ [0 0 1] [0 0 1] [0 0 1] [-1  1  4] [-1  0  2] [-1 -1  4] ]
[ [0 0 1] [0 0 1] [0 0 1] [1 0 2] [1 1 4] [ 1 -1  4] ]
[ [0 0 1] [0 0 1] [0 0 1] [1 1 4] [ 1 -1  4] [1 0 2] ]

# 29
[ [ 1 -1  4] [-1 -1  4] [1 0 2] [0 0 1] [0 0 1] [0 0 1] ]
[ [1 1 4] [-1  0  2] [ 1 -1  4] [0 0 1] [0 0 1] [0 0 1] ]
[ [1 0 2] [-1  1  4] [1 1 4] [0 0 1] [0 0 1] [0 0 1] ]
[ [0 0 1] [0 0 1] [0 0 1] [1 1 4] [-1  1  4] [1 0 2] ]
[ [0 0 1] [0 0 1] [0 0 1] [ 1 -1  4] [-1  0  2] [1 1 4] ]
[ [0 0 1] [0 0 1] [0 0 1] [1 0 2] [-1 -1  4] [ 1 -1  4] ]

# 30
[ [0 0 1] [-1  0  1] [0 0 1] [0 0 1] [0 0 1] [0 0 1] ]
[ [0 0 1] [0 0 1] [-1  0  1] [0 0 1] [0 0 1] [0 0 1] ]
[ [1 0 1] [0 0 1] [0 0 1] [0 0 1] [0 0 1] [0 0 1] ]
[ [0 0 1] [0 0 1] [0 0 1] [0 0 1] [-1  0  1] [0 0 1] ]
[ [0 0 1] [0 0 1] [0 0 1] [0 0 1] [0 0 1] [-1  0  1] ]
[ [0 0 1] [0 0 1] [0 0 1] [1 0 1] [0 0 1] [0 0 1] ]

# 31
[ [0 0 1] [0 0 1] [-1  0  1] [0 0 1] [0 0 1] [0 0 1] ]
[ [-1  0  1] [0 0 1] [0 0 1] [0 0 1] [0 0 1] [0 0 1] ]
[ [0 0 1] [1 0 1] [0 0 1] [0 0 1] [0 0 1] [0 0 1] ]
[ [0 0 1] [0 0 1] [0 0 1] [0 0 1] [0 0 1] [-1  0  1] ]
[ [0 0 1] [0 0 1] [0 0 1] [-1  0  1] [0 0 1] [0 0 1] ]
[ [0 0 1] [0 0 1] [0 0 1] [0 0 1] [1 0 1] [0 0 1] ]

# 32
[ [-1 -1  4] [1 0 2] [ 1 -1  4] [0 0 1] [0 0 1] [0 0 1] ]
[ [-1  0  2] [ 1 -1  4] [1 1 4] [0 0 1] [0 0 1] [0 0 1] ]
[ [-1  1  4] [1 1 4] [1 0 2] [0 0 1] [0 0 1] [0 0 1] ]
[ [0 0 1] [0 0 1] [0 0 1] [-1  1  4] [1 0 2] [1 1 4] ]
[ [0 0 1] [0 0 1] [0 0 1] [-1  0  2] [1 1 4] [ 1 -1  4] ]
[ [0 0 1] [0 0 1] [0 0 1] [-1 -1  4] [ 1 -1  4] [1 0 2] ]

# 33
[ [-1  0  2] [-1  1  4] [1 1 4] [0 0 1] [0 0 1] [0 0 1] ]
[ [-1  1  4] [-1 -1  4] [1 0 2] [0 0 1] [0 0 1] [0 0 1] ]
[ [1 1 4] [1 0 2] [-1  1  4] [0 0 1] [0 0 1] [0 0 1] ]
[ [0 0 1] [0 0 1] [0 0 1] [-1  0  2] [-1 -1  4] [ 1 -1  4] ]
[ [0 0 1] [0 0 1] [0 0 1] [-1 -1  4] [-1  1  4] [1 0 2] ]
[ [0 0 1] [0 0 1] [0 0 1] [ 1 -1  4] [1 0 2] [-1 -1  4] ]

# 34
[ [1 0 2] [ 1 -1  4] [1 1 4] [0 0 1] [0 0 1] [0 0 1] ]
[ [-1  1  4] [-1 -1  4] [-1  0  2] [0 0 1] [0 0 1] [0 0 1] ]
[ [1 1 4] [1 0 2] [ 1 -1  4] [0 0 1] [0 0 1] [0 0 1] ]
[ [0 0 1] [0 0 1] [0 0 1] [1 0 2] [1 1 4] [ 1 -1  4] ]
[ [0 0 1] [0 0 1] [0 0 1] [-1 -1  4] [-1  1  4] [-1  0  2] ]
[ [0 0 1] [0 0 1] [0 0 1] [ 1 -1  4] [1 0 2] [1 1 4] ]

# 35
[ [1 1 4] [-1  0  2] [ 1 -1  4] [0 0 1] [0 0 1] [0 0 1] ]
[ [-1  0  2] [ 1 -1  4] [-1 -1  4] [0 0 1] [0 0 1] [0 0 1] ]
[ [-1  1  4] [1 1 4] [-1  0  2] [0 0 1] [0 0 1] [0 0 1] ]
[ [0 0 1] [0 0 1] [0 0 1] [ 1 -1  4] [-1  0  2] [1 1 4] ]
[ [0 0 1] [0 0 1] [0 0 1] [-1  0  2] [1 1 4] [-1  1  4] ]
[ [0 0 1] [0 0 1] [0 0 1] [-1 -1  4] [ 1 -1  4] [-1  0  2] ]

# 36
[ [1 1 4] [-1  0  2] [ 1 -1  4] [0 0 1] [0 0 1] [0 0 1] ]
[ [1 0 2] [-1  1  4] [1 1 4] [0 0 1] [0 0 1] [0 0 1] ]
[ [ 1 -1  4] [-1 -1  4] [1 0 2] [0 0 1] [0 0 1] [0 0 1] ]
[ [0 0 1] [0 0 1] [0 0 1] [ 1 -1  4] [-1  0  2] [1 1 4] ]
[ [0 0 1] [0 0 1] [0 0 1] [1 0 2] [-1 -1  4] [ 1 -1  4] ]
[ [0 0 1] [0 0 1] [0 0 1] [1 1 4] [-1  1  4] [1 0 2] ]

# 37
[ [0 0 1] [0 0 1] [-1  0  1] [0 0 1] [0 0 1] [0 0 1] ]
[ [1 0 1] [0 0 1] [0 0 1] [0 0 1] [0 0 1] [0 0 1] ]
[ [0 0 1] [-1  0  1] [0 0 1] [0 0 1] [0 0 1] [0 0 1] ]
[ [0 0 1] [0 0 1] [0 0 1] [0 0 1] [0 0 1] [-1  0  1] ]
[ [0 0 1] [0 0 1] [0 0 1] [1 0 1] [0 0 1] [0 0 1] ]
[ [0 0 1] [0 0 1] [0 0 1] [0 0 1] [-1  0  1] [0 0 1] ]

# 38
[ [-1 -1  4] [1 0 2] [ 1 -1  4] [0 0 1] [0 0 1] [0 0 1] ]
[ [1 0 2] [-1  1  4] [-1 -1  4] [0 0 1] [0 0 1] [0 0 1] ]
[ [ 1 -1  4] [-1 -1  4] [-1  0  2] [0 0 1] [0 0 1] [0 0 1] ]
[ [0 0 1] [0 0 1] [0 0 1] [-1  1  4] [1 0 2] [1 1 4] ]
[ [0 0 1] [0 0 1] [0 0 1] [1 0 2] [-1 -1  4] [-1  1  4] ]
[ [0 0 1] [0 0 1] [0 0 1] [1 1 4] [-1  1  4] [-1  0  2] ]

# 39
[ [-1  0  2] [-1  1  4] [1 1 4] [0 0 1] [0 0 1] [0 0 1] ]
[ [ 1 -1  4] [1 1 4] [-1  0  2] [0 0 1] [0 0 1] [0 0 1] ]
[ [-1 -1  4] [-1  0  2] [ 1 -1  4] [0 0 1] [0 0 1] [0 0 1] ]
[ [0 0 1] [0 0 1] [0 0 1] [-1  0  2] [-1 -1  4] [ 1 -1  4] ]
[ [0 0 1] [0 0 1] [0 0 1] [1 1 4] [ 1 -1  4] [-1  0  2] ]
[ [0 0 1] [0 0 1] [0 0 1] [-1  1  4] [-1  0  2] [1 1 4] ]

# 40
[ [1 0 2] [ 1 -1  4] [1 1 4] [0 0 1] [0 0 1] [0 0 1] ]
[ [ 1 -1  4] [1 1 4] [1 0 2] [0 0 1] [0 0 1] [0 0 1] ]
[ [-1 -1  4] [-1  0  2] [-1  1  4] [0 0 1] [0 0 1] [0 0 1] ]
[ [0 0 1] [0 0 1] [0 0 1] [1 0 2] [1 1 4] [ 1 -1  4] ]
[ [0 0 1] [0 0 1] [0 0 1] [1 1 4] [ 1 -1  4] [1 0 2] ]
[ [0 0 1] [0 0 1] [0 0 1] [-1  1  4] [-1  0  2] [-1 -1  4] ]

# 41
[ [1 1 4] [1 0 2] [-1  1  4] [0 0 1] [0 0 1] [0 0 1] ]
[ [1 0 2] [ 1 -1  4] [-1 -1  4] [0 0 1] [0 0 1] [0 0 1] ]
[ [ 1 -1  4] [1 1 4] [-1  0  2] [0 0 1] [0 0 1] [0 0 1] ]
[ [0 0 1] [0 0 1] [0 0 1] [ 1 -1  4] [1 0 2] [-1 -1  4] ]
[ [0 0 1] [0 0 1] [0 0 1] [1 0 2] [1 1 4] [-1  1  4] ]
[ [0 0 1] [0 0 1] [0 0 1] [1 1 4] [ 1 -1  4] [-1  0  2] ]

# 42
[ [1 1 4] [1 0 2] [ 1 -1  4] [0 0 1] [0 0 1] [0 0 1] ]
[ [-1  0  2] [-1  1  4] [-1 -1  4] [0 0 1] [0 0 1] [0 0 1] ]
[ [ 1 -1  4] [1 1 4] [1 0 2] [0 0 1] [0 0 1] [0 0 1] ]
[ [0 0 1] [0 0 1] [0 0 1] [ 1 -1  4] [1 0 2] [1 1 4] ]
[ [0 0 1] [0 0 1] [0 0 1] [-1  0  2] [-1 -1  4] [-1  1  4] ]
[ [0 0 1] [0 0 1] [0 0 1] [1 1 4] [ 1 -1  4] [1 0 2] ]

# 43
[ [-1  1  4] [1 1 4] [-1  0  2] [0 0 1] [0 0 1] [0 0 1] ]
[ [-1 -1  4] [1 0 2] [-1  1  4] [0 0 1] [0 0 1] [0 0 1] ]
[ [1 0 2] [-1  1  4] [1 1 4] [0 0 1] [0 0 1] [0 0 1] ]
[ [0 0 1] [0 0 1] [0 0 1] [-1 -1  4] [ 1 -1  4] [-1  0  2] ]
[ [0 0 1] [0 0 1] [0 0 1] [-1  1  4] [1 0 2] [-1 -1  4] ]
[ [0 0 1] [0 0 1] [0 0 1] [1 0 2] [-1 -1  4] [ 1 -1  4] ]

# 44
[ [0 0 1] [1 0 1] [0 0 1] [0 0 1] [0 0 1] [0 0 1] ]
[ [0 0 1] [0 0 1] [1 0 1] [0 0 1] [0 0 1] [0 0 1] ]
[ [1 0 1] [0 0 1] [0 0 1] [0 0 1] [0 0 1] [0 0 1] ]
[ [0 0 1] [0 0 1] [0 0 1] [0 0 1] [1 0 1] [0 0 1] ]
[ [0 0 1] [0 0 1] [0 0 1] [0 0 1] [0 0 1] [1 0 1] ]
[ [0 0 1] [0 0 1] [0 0 1] [1 0 1] [0 0 1] [0 0 1] ]

# 45
[ [-1  1  4] [1 1 4] [1 0 2] [0 0 1] [0 0 1] [0 0 1] ]
[ [1 1 4] [-1  0  2] [-1  1  4] [0 0 1] [0 0 1] [0 0 1] ]
[ [1 0 2] [-1  1  4] [-1 -1  4] [0 0 1] [0 0 1] [0 0 1] ]
[ [0 0 1] [0 0 1] [0 0 1] [-1 -1  4] [ 1 -1  4] [1 0 2] ]
[ [0 0 1] [0 0 1] [0 0 1] [ 1 -1  4] [-1  0  2] [-1 -1  4] ]
[ [0 0 1] [0 0 1] [0 0 1] [1 0 2] [-1 -1  4] [-1  1  4] ]

# 46
[ [-1 -1  4] [-1  0  2] [ 1 -1  4] [0 0 1] [0 0 1] [0 0 1] ]
[ [1 0 2] [ 1 -1  4] [-1 -1  4] [0 0 1] [0 0 1] [0 0 1] ]
[ [-1  1  4] [-1 -1  4] [1 0 2] [0 0 1] [0 0 1] [0 0 1] ]
[ [0 0 1] [0 0 1] [0 0 1] [-1  1  4] [-1  0  2] [1 1 4] ]
[ [0 0 1] [0 0 1] [0 0 1] [1 0 2] [1 1 4] [-1  1  4] ]
[ [0 0 1] [0 0 1] [0 0 1] [-1 -1  4] [-1  1  4] [1 0 2] ]

# 47
[ [-1 -1  4] [-1  0  2] [-1  1  4] [0 0 1] [0 0 1] [0 0 1] ]
[ [-1  0  2] [-1  1  4] [-1 -1  4] [0 0 1] [0 0 1] [0 0 1] ]
[ [-1  1  4] [-1 -1  4] [-1  0  2] [0 0 1] [0 0 1] [0 0 1] ]
[ [0 0 1] [0 0 1] [0 0 1] [-1  1  4] [-1  0  2] [-1 -1  4] ]
[ [0 0 1] [0 0 1] [0 0 1] [-1  0  2] [-1 -1  4] [-1  1  4] ]
[ [0 0 1] [0 0 1] [0 0 1] [-1 -1  4] [-1  1  4] [-1  0  2] ]

# 48
[ [ 1 -1  4] [-1 -1  4] [1 0 2] [0 0 1] [0 0 1] [0 0 1] ]
[ [-1 -1  4] [1 0 2] [-1  1  4] [0 0 1] [0 0 1] [0 0 1] ]
[ [-1  0  2] [ 1 -1  4] [-1 -1  4] [0 0 1] [0 0 1] [0 0 1] ]
[ [0 0 1] [0 0 1] [0 0 1] [1 1 4] [-1  1  4] [1 0 2] ]
[ [0 0 1] [0 0 1] [0 0 1] [-1  1  4] [1 0 2] [-1 -1  4] ]
[ [0 0 1] [0 0 1] [0 0 1] [-1  0  2] [1 1 4] [-1  1  4] ]

# 49
[ [0 0 1] [-1  0  1] [0 0 1] [0 0 1] [0 0 1] [0 0 1] ]
[ [0 0 1] [0 0 1] [1 0 1] [0 0 1] [0 0 1] [0 0 1] ]
[ [-1  0  1] [0 0 1] [0 0 1] [0 0 1] [0 0 1] [0 0 1] ]
[ [0 0 1] [0 0 1] [0 0 1] [0 0 1] [-1  0  1] [0 0 1] ]
[ [0 0 1] [0 0 1] [0 0 1] [0 0 1] [0 0 1] [1 0 1] ]
[ [0 0 1] [0 0 1] [0 0 1] [-1  0  1] [0 0 1] [0 0 1] ]

# 50
[ [ 1 -1  4] [-1 -1  4] [-1  0  2] [0 0 1] [0 0 1] [0 0 1] ]
[ [1 1 4] [-1  0  2] [-1  1  4] [0 0 1] [0 0 1] [0 0 1] ]
[ [-1  0  2] [ 1 -1  4] [1 1 4] [0 0 1] [0 0 1] [0 0 1] ]
[ [0 0 1] [0 0 1] [0 0 1] [1 1 4] [-1  1  4] [-1  0  2] ]
[ [0 0 1] [0 0 1] [0 0 1] [ 1 -1  4] [-1  0  2] [-1 -1  4] ]
[ [0 0 1] [0 0 1] [0 0 1] [-1  0  2] [1 1 4] [ 1 -1  4] ]

# 51
[ [-1  0  2] [ 1 -1  4] [-1 -1  4] [0 0 1] [0 0 1] [0 0 1] ]
[ [-1  1  4] [1 1 4] [-1  0  2] [0 0 1] [0 0 1] [0 0 1] ]
[ [1 1 4] [-1  0  2] [ 1 -1  4] [0 0 1] [0 0 1] [0 0 1] ]
[ [0 0 1] [0 0 1] [0 0 1] [-1  0  2] [1 1 4] [-1  1  4] ]
[ [0 0 1] [0 0 1] [0 0 1] [-1 -1  4] [ 1 -1  4] [-1  0  2] ]
[ [0 0 1] [0 0 1] [0 0 1] [ 1 -1  4] [-1  0  2] [1 1 4] ]

# 52
[ [-1  0  1] [0 0 1] [0 0 1] [0 0 1] [0 0 1] [0 0 1] ]
[ [0 0 1] [1 0 1] [0 0 1] [0 0 1] [0 0 1] [0 0 1] ]
[ [0 0 1] [0 0 1] [-1  0  1] [0 0 1] [0 0 1] [0 0 1] ]
[ [0 0 1] [0 0 1] [0 0 1] [-1  0  1] [0 0 1] [0 0 1] ]
[ [0 0 1] [0 0 1] [0 0 1] [0 0 1] [1 0 1] [0 0 1] ]
[ [0 0 1] [0 0 1] [0 0 1] [0 0 1] [0 0 1] [-1  0  1] ]

# 53
[ [-1  0  2] [ 1 -1  4] [1 1 4] [0 0 1] [0 0 1] [0 0 1] ]
[ [-1  1  4] [1 1 4] [1 0 2] [0 0 1] [0 0 1] [0 0 1] ]
[ [-1 -1  4] [1 0 2] [ 1 -1  4] [0 0 1] [0 0 1] [0 0 1] ]
[ [0 0 1] [0 0 1] [0 0 1] [-1  0  2] [1 1 4] [ 1 -1  4] ]
[ [0 0 1] [0 0 1] [0 0 1] [-1 -1  4] [ 1 -1  4] [1 0 2] ]
[ [0 0 1] [0 0 1] [0 0 1] [-1  1  4] [1 0 2] [1 1 4] ]

# 54
[ [-1  1  4] [-1 -1  4] [1 0 2] [0 0 1] [0 0 1] [0 0 1] ]
[ [1 1 4] [1 0 2] [-1  1  4] [0 0 1] [0 0 1] [0 0 1] ]
[ [-1  0  2] [-1  1  4] [1 1 4] [0 0 1] [0 0 1] [0 0 1] ]
[ [0 0 1] [0 0 1] [0 0 1] [-1 -1  4] [-1  1  4] [1 0 2] ]
[ [0 0 1] [0 0 1] [0 0 1] [ 1 -1  4] [1 0 2] [-1 -1  4] ]
[ [0 0 1] [0 0 1] [0 0 1] [-1  0  2] [-1 -1  4] [ 1 -1  4] ]

# 55
[ [-1  1  4] [-1 -1  4] [-1  0  2] [0 0 1] [0 0 1] [0 0 1] ]
[ [1 1 4] [1 0 2] [ 1 -1  4] [0 0 1] [0 0 1] [0 0 1] ]
[ [1 0 2] [ 1 -1  4] [1 1 4] [0 0 1] [0 0 1] [0 0 1] ]
[ [0 0 1] [0 0 1] [0 0 1] [-1 -1  4] [-1  1  4] [-1  0  2] ]
[ [0 0 1] [0 0 1] [0 0 1] [ 1 -1  4] [1 0 2] [1 1 4] ]
[ [0 0 1] [0 0 1] [0 0 1] [1 0 2] [1 1 4] [ 1 -1  4] ]

# 56
[ [1 0 1] [0 0 1] [0 0 1] [0 0 1] [0 0 1] [0 0 1] ]
[ [0 0 1] [-1  0  1] [0 0 1] [0 0 1] [0 0 1] [0 0 1] ]
[ [0 0 1] [0 0 1] [-1  0  1] [0 0 1] [0 0 1] [0 0 1] ]
[ [0 0 1] [0 0 1] [0 0 1] [1 0 1] [0 0 1] [0 0 1] ]
[ [0 0 1] [0 0 1] [0 0 1] [0 0 1] [-1  0  1] [0 0 1] ]
[ [0 0 1] [0 0 1] [0 0 1] [0 0 1] [0 0 1] [-1  0  1] ]

# 57
[ [1 0 2] [-1  1  4] [-1 -1  4] [0 0 1] [0 0 1] [0 0 1] ]
[ [ 1 -1  4] [-1 -1  4] [-1  0  2] [0 0 1] [0 0 1] [0 0 1] ]
[ [-1 -1  4] [1 0 2] [ 1 -1  4] [0 0 1] [0 0 1] [0 0 1] ]
[ [0 0 1] [0 0 1] [0 0 1] [1 0 2] [-1 -1  4] [-1  1  4] ]
[ [0 0 1] [0 0 1] [0 0 1] [1 1 4] [-1  1  4] [-1  0  2] ]
[ [0 0 1] [0 0 1] [0 0 1] [-1  1  4] [1 0 2] [1 1 4] ]

# 58
[ [ 1 -1  4] [1 1 4] [-1  0  2] [0 0 1] [0 0 1] [0 0 1] ]
[ [-1 -1  4] [-1  0  2] [ 1 -1  4] [0 0 1] [0 0 1] [0 0 1] ]
[ [-1  0  2] [-1  1  4] [1 1 4] [0 0 1] [0 0 1] [0 0 1] ]
[ [0 0 1] [0 0 1] [0 0 1] [1 1 4] [ 1 -1  4] [-1  0  2] ]
[ [0 0 1] [0 0 1] [0 0 1] [-1  1  4] [-1  0  2] [1 1 4] ]
[ [0 0 1] [0 0 1] [0 0 1] [-1  0  2] [-1 -1  4] [ 1 -1  4] ]

# 59
[ [ 1 -1  4] [1 1 4] [1 0 2] [0 0 1] [0 0 1] [0 0 1] ]
[ [-1 -1  4] [-1  0  2] [-1  1  4] [0 0 1] [0 0 1] [0 0 1] ]
[ [1 0 2] [ 1 -1  4] [1 1 4] [0 0 1] [0 0 1] [0 0 1] ]
[ [0 0 1] [0 0 1] [0 0 1] [1 1 4] [ 1 -1  4] [1 0 2] ]
[ [0 0 1] [0 0 1] [0 0 1] [-1  1  4] [-1  0  2] [-1 -1  4] ]
[ [0 0 1] [0 0 1] [0 0 1] [1 0 2] [1 1 4] [ 1 -1  4] ]

# 60
[ [1 0 2] [-1  1  4] [1 1 4] [0 0 1] [0 0 1] [0 0 1] ]
[ [ 1 -1  4] [-1 -1  4] [1 0 2] [0 0 1] [0 0 1] [0 0 1] ]
[ [1 1 4] [-1  0  2] [ 1 -1  4] [0 0 1] [0 0 1] [0 0 1] ]
[ [0 0 1] [0 0 1] [0 0 1] [1 0 2] [-1 -1  4] [ 1 -1  4] ]
[ [0 0 1] [0 0 1] [0 0 1] [1 1 4] [-1  1  4] [1 0 2] ]
[ [0 0 1] [0 0 1] [0 0 1] [ 1 -1  4] [-1  0  2] [1 1 4] ]

# 61
[ [-1  0  1] [0 0 1] [0 0 1] [0 0 1] [0 0 1] [0 0 1] ]
[ [0 0 1] [-1  0  1] [0 0 1] [0 0 1] [0 0 1] [0 0 1] ]
[ [0 0 1] [0 0 1] [-1  0  1] [0 0 1] [0 0 1] [0 0 1] ]
[ [0 0 1] [0 0 1] [0 0 1] [-1  0  1] [0 0 1] [0 0 1] ]
[ [0 0 1] [0 0 1] [0 0 1] [0 0 1] [-1  0  1] [0 0 1] ]
[ [0 0 1] [0 0 1] [0 0 1] [0 0 1] [0 0 1] [-1  0  1] ]

# 62
[ [-1  0  2] [ 1 -1  4] [1 1 4] [0 0 1] [0 0 1] [0 0 1] ]
[ [ 1 -1  4] [-1 -1  4] [-1  0  2] [0 0 1] [0 0 1] [0 0 1] ]
[ [-1 -1  4] [1 0 2] [ 1 -1  4] [0 0 1] [0 0 1] [0 0 1] ]
[ [0 0 1] [0 0 1] [0 0 1] [-1  0  2] [1 1 4] [ 1 -1  4] ]
[ [0 0 1] [0 0 1] [0 0 1] [1 1 4] [-1  1  4] [-1  0  2] ]
[ [0 0 1] [0 0 1] [0 0 1] [-1  1  4] [1 0 2] [1 1 4] ]

# 63
[ [-1  1  4] [-1 -1  4] [1 0 2] [0 0 1] [0 0 1] [0 0 1] ]
[ [-1 -1  4] [-1  0  2] [ 1 -1  4] [0 0 1] [0 0 1] [0 0 1] ]
[ [-1  0  2] [-1  1  4] [1 1 4] [0 0 1] [0 0 1] [0 0 1] ]
[ [0 0 1] [0 0 1] [0 0 1] [-1 -1  4] [-1  1  4] [1 0 2] ]
[ [0 0 1] [0 0 1] [0 0 1] [-1  1  4] [-1  0  2] [1 1 4] ]
[ [0 0 1] [0 0 1] [0 0 1] [-1  0  2] [-1 -1  4] [ 1 -1  4] ]

# 64
[ [-1  1  4] [-1 -1  4] [-1  0  2] [0 0 1] [0 0 1] [0 0 1] ]
[ [-1 -1  4] [-1  0  2] [-1  1  4] [0 0 1] [0 0 1] [0 0 1] ]
[ [1 0 2] [ 1 -1  4] [1 1 4] [0 0 1] [0 0 1] [0 0 1] ]
[ [0 0 1] [0 0 1] [0 0 1] [-1 -1  4] [-1  1  4] [-1  0  2] ]
[ [0 0 1] [0 0 1] [0 0 1] [-1  1  4] [-1  0  2] [-1 -1  4] ]
[ [0 0 1] [0 0 1] [0 0 1] [1 0 2] [1 1 4] [ 1 -1  4] ]

# 65
[ [-1  0  2] [ 1 -1  4] [-1 -1  4] [0 0 1] [0 0 1] [0 0 1] ]
[ [ 1 -1  4] [-1 -1  4] [1 0 2] [0 0 1] [0 0 1] [0 0 1] ]
[ [1 1 4] [-1  0  2] [ 1 -1  4] [0 0 1] [0 0 1] [0 0 1] ]
[ [0 0 1] [0 0 1] [0 0 1] [-1  0  2] [1 1 4] [-1  1  4] ]
[ [0 0 1] [0 0 1] [0 0 1] [1 1 4] [-1  1  4] [1 0 2] ]
[ [0 0 1] [0 0 1] [0 0 1] [ 1 -1  4] [-1  0  2] [1 1 4] ]

# 66
[ [1 0 2] [-1  1  4] [1 1 4] [0 0 1] [0 0 1] [0 0 1] ]
[ [-1  1  4] [1 1 4] [-1  0  2] [0 0 1] [0 0 1] [0 0 1] ]
[ [1 1 4] [-1  0  2] [ 1 -1  4] [0 0 1] [0 0 1] [0 0 1] ]
[ [0 0 1] [0 0 1] [0 0 1] [1 0 2] [-1 -1  4] [ 1 -1  4] ]
[ [0 0 1] [0 0 1] [0 0 1] [-1 -1  4] [ 1 -1  4] [-1  0  2] ]
[ [0 0 1] [0 0 1] [0 0 1] [ 1 -1  4] [-1  0  2] [1 1 4] ]

# 67
[ [1 0 1] [0 0 1] [0 0 1] [0 0 1] [0 0 1] [0 0 1] ]
[ [0 0 1] [1 0 1] [0 0 1] [0 0 1] [0 0 1] [0 0 1] ]
[ [0 0 1] [0 0 1] [-1  0  1] [0 0 1] [0 0 1] [0 0 1] ]
[ [0 0 1] [0 0 1] [0 0 1] [1 0 1] [0 0 1] [0 0 1] ]
[ [0 0 1] [0 0 1] [0 0 1] [0 0 1] [1 0 1] [0 0 1] ]
[ [0 0 1] [0 0 1] [0 0 1] [0 0 1] [0 0 1] [-1  0  1] ]

# 68
[ [1 0 2] [-1  1  4] [-1 -1  4] [0 0 1] [0 0 1] [0 0 1] ]
[ [-1  1  4] [1 1 4] [1 0 2] [0 0 1] [0 0 1] [0 0 1] ]
[ [-1 -1  4] [1 0 2] [ 1 -1  4] [0 0 1] [0 0 1] [0 0 1] ]
[ [0 0 1] [0 0 1] [0 0 1] [1 0 2] [-1 -1  4] [-1  1  4] ]
[ [0 0 1] [0 0 1] [0 0 1] [-1 -1  4] [ 1 -1  4] [1 0 2] ]
[ [0 0 1] [0 0 1] [0 0 1] [-1  1  4] [1 0 2] [1 1 4] ]

# 69
[ [ 1 -1  4] [1 1 4] [-1  0  2] [0 0 1] [0 0 1] [0 0 1] ]
[ [1 1 4] [1 0 2] [-1  1  4] [0 0 1] [0 0 1] [0 0 1] ]
[ [-1  0  2] [-1  1  4] [1 1 4] [0 0 1] [0 0 1] [0 0 1] ]
[ [0 0 1] [0 0 1] [0 0 1] [1 1 4] [ 1 -1  4] [-1  0  2] ]
[ [0 0 1] [0 0 1] [0 0 1] [ 1 -1  4] [1 0 2] [-1 -1  4] ]
[ [0 0 1] [0 0 1] [0 0 1] [-1  0  2] [-1 -1  4] [ 1 -1  4] ]

# 70
[ [ 1 -1  4] [1 1 4] [1 0 2] [0 0 1] [0 0 1] [0 0 1] ]
[ [1 1 4] [1 0 2] [ 1 -1  4] [0 0 1] [0 0 1] [0 0 1] ]
[ [1 0 2] [ 1 -1  4] [1 1 4] [0 0 1] [0 0 1] [0 0 1] ]
[ [0 0 1] [0 0 1] [0 0 1] [1 1 4] [ 1 -1  4] [1 0 2] ]
[ [0 0 1] [0 0 1] [0 0 1] [ 1 -1  4] [1 0 2] [1 1 4] ]
[ [0 0 1] [0 0 1] [0 0 1] [1 0 2] [1 1 4] [ 1 -1  4] ]

# 71
[ [1 0 2] [ 1 -1  4] [1 1 4] [0 0 1] [0 0 1] [0 0 1] ]
[ [ 1 -1  4] [1 1 4] [1 0 2] [0 0 1] [0 0 1] [0 0 1] ]
[ [1 1 4] [1 0 2] [ 1 -1  4] [0 0 1] [0 0 1] [0 0 1] ]
[ [0 0 1] [0 0 1] [0 0 1] [1 0 2] [1 1 4] [ 1 -1  4] ]
[ [0 0 1] [0 0 1] [0 0 1] [1 1 4] [ 1 -1  4] [1 0 2] ]
[ [0 0 1] [0 0 1] [0 0 1] [ 1 -1  4] [1 0 2] [1 1 4] ]

# 72
[ [1 1 4] [-1  0  2] [ 1 -1  4] [0 0 1] [0 0 1] [0 0 1] ]
[ [1 0 2] [-1  1  4] [1 1 4] [0 0 1] [0 0 1] [0 0 1] ]
[ [-1  1  4] [1 1 4] [-1  0  2] [0 0 1] [0 0 1] [0 0 1] ]
[ [0 0 1] [0 0 1] [0 0 1] [ 1 -1  4] [-1  0  2] [1 1 4] ]
[ [0 0 1] [0 0 1] [0 0 1] [1 0 2] [-1 -1  4] [ 1 -1  4] ]
[ [0 0 1] [0 0 1] [0 0 1] [-1 -1  4] [ 1 -1  4] [-1  0  2] ]

# 73
[ [0 0 1] [0 0 1] [-1  0  1] [0 0 1] [0 0 1] [0 0 1] ]
[ [1 0 1] [0 0 1] [0 0 1] [0 0 1] [0 0 1] [0 0 1] ]
[ [0 0 1] [1 0 1] [0 0 1] [0 0 1] [0 0 1] [0 0 1] ]
[ [0 0 1] [0 0 1] [0 0 1] [0 0 1] [0 0 1] [-1  0  1] ]
[ [0 0 1] [0 0 1] [0 0 1] [1 0 1] [0 0 1] [0 0 1] ]
[ [0 0 1] [0 0 1] [0 0 1] [0 0 1] [1 0 1] [0 0 1] ]

# 74
[ [-1 -1  4] [1 0 2] [ 1 -1  4] [0 0 1] [0 0 1] [0 0 1] ]
[ [1 0 2] [-1  1  4] [-1 -1  4] [0 0 1] [0 0 1] [0 0 1] ]
[ [-1  1  4] [1 1 4] [1 0 2] [0 0 1] [0 0 1] [0 0 1] ]
[ [0 0 1] [0 0 1] [0 0 1] [-1  1  4] [1 0 2] [1 1 4] ]
[ [0 0 1] [0 0 1] [0 0 1] [1 0 2] [-1 -1  4] [-1  1  4] ]
[ [0 0 1] [0 0 1] [0 0 1] [-1 -1  4] [ 1 -1  4] [1 0 2] ]

# 75
[ [-1  0  2] [-1  1  4] [1 1 4] [0 0 1] [0 0 1] [0 0 1] ]
[ [ 1 -1  4] [1 1 4] [-1  0  2] [0 0 1] [0 0 1] [0 0 1] ]
[ [1 1 4] [1 0 2] [-1  1  4] [0 0 1] [0 0 1] [0 0 1] ]
[ [0 0 1] [0 0 1] [0 0 1] [-1  0  2] [-1 -1  4] [ 1 -1  4] ]
[ [0 0 1] [0 0 1] [0 0 1] [1 1 4] [ 1 -1  4] [-1  0  2] ]
[ [0 0 1] [0 0 1] [0 0 1] [ 1 -1  4] [1 0 2] [-1 -1  4] ]

# 76
[ [-1 -1  4] [1 0 2] [ 1 -1  4] [0 0 1] [0 0 1] [0 0 1] ]
[ [-1  0  2] [ 1 -1  4] [1 1 4] [0 0 1] [0 0 1] [0 0 1] ]
[ [ 1 -1  4] [-1 -1  4] [-1  0  2] [0 0 1] [0 0 1] [0 0 1] ]
[ [0 0 1] [0 0 1] [0 0 1] [-1  1  4] [1 0 2] [1 1 4] ]
[ [0 0 1] [0 0 1] [0 0 1] [-1  0  2] [1 1 4] [ 1 -1  4] ]
[ [0 0 1] [0 0 1] [0 0 1] [1 1 4] [-1  1  4] [-1  0  2] ]

# 77
[ [-1  0  2] [-1  1  4] [1 1 4] [0 0 1] [0 0 1] [0 0 1] ]
[ [-1  1  4] [-1 -1  4] [1 0 2] [0 0 1] [0 0 1] [0 0 1] ]
[ [-1 -1  4] [-1  0  2] [ 1 -1  4] [0 0 1] [0 0 1] [0 0 1] ]
[ [0 0 1] [0 0 1] [0 0 1] [-1  0  2] [-1 -1  4] [ 1 -1  4] ]
[ [0 0 1] [0 0 1] [0 0 1] [-1 -1  4] [-1  1  4] [1 0 2] ]
[ [0 0 1] [0 0 1] [0 0 1] [-1  1  4] [-1  0  2] [1 1 4] ]

# 78
[ [1 0 2] [ 1 -1  4] [1 1 4] [0 0 1] [0 0 1] [0 0 1] ]
[ [-1  1  4] [-1 -1  4] [-1  0  2] [0 0 1] [0 0 1] [0 0 1] ]
[ [-1 -1  4] [-1  0  2] [-1  1  4] [0 0 1] [0 0 1] [0 0 1] ]
[ [0 0 1] [0 0 1] [0 0 1] [1 0 2] [1 1 4] [ 1 -1  4] ]
[ [0 0 1] [0 0 1] [0 0 1] [-1 -1  4] [-1  1  4] [-1  0  2] ]
[ [0 0 1] [0 0 1] [0 0 1] [-1  1  4] [-1  0  2] [-1 -1  4] ]

# 79
[ [1 1 4] [-1  0  2] [ 1 -1  4] [0 0 1] [0 0 1] [0 0 1] ]
[ [-1  0  2] [ 1 -1  4] [-1 -1  4] [0 0 1] [0 0 1] [0 0 1] ]
[ [ 1 -1  4] [-1 -1  4] [1 0 2] [0 0 1] [0 0 1] [0 0 1] ]
[ [0 0 1] [0 0 1] [0 0 1] [ 1 -1  4] [-1  0  2] [1 1 4] ]
[ [0 0 1] [0 0 1] [0 0 1] [-1  0  2] [1 1 4] [-1  1  4] ]
[ [0 0 1] [0 0 1] [0 0 1] [1 1 4] [-1  1  4] [1 0 2] ]

# 80
[ [0 0 1] [0 0 1] [-1  0  1] [0 0 1] [0 0 1] [0 0 1] ]
[ [-1  0  1] [0 0 1] [0 0 1] [0 0 1] [0 0 1] [0 0 1] ]
[ [0 0 1] [-1  0  1] [0 0 1] [0 0 1] [0 0 1] [0 0 1] ]
[ [0 0 1] [0 0 1] [0 0 1] [0 0 1] [0 0 1] [-1  0  1] ]
[ [0 0 1] [0 0 1] [0 0 1] [-1  0  1] [0 0 1] [0 0 1] ]
[ [0 0 1] [0 0 1] [0 0 1] [0 0 1] [-1  0  1] [0 0 1] ]

# 81
[ [-1 -1  4] [-1  0  2] [-1  1  4] [0 0 1] [0 0 1] [0 0 1] ]
[ [-1  0  2] [-1  1  4] [-1 -1  4] [0 0 1] [0 0 1] [0 0 1] ]
[ [ 1 -1  4] [1 1 4] [1 0 2] [0 0 1] [0 0 1] [0 0 1] ]
[ [0 0 1] [0 0 1] [0 0 1] [-1  1  4] [-1  0  2] [-1 -1  4] ]
[ [0 0 1] [0 0 1] [0 0 1] [-1  0  2] [-1 -1  4] [-1  1  4] ]
[ [0 0 1] [0 0 1] [0 0 1] [1 1 4] [ 1 -1  4] [1 0 2] ]

# 82
[ [ 1 -1  4] [-1 -1  4] [1 0 2] [0 0 1] [0 0 1] [0 0 1] ]
[ [-1 -1  4] [1 0 2] [-1  1  4] [0 0 1] [0 0 1] [0 0 1] ]
[ [1 0 2] [-1  1  4] [1 1 4] [0 0 1] [0 0 1] [0 0 1] ]
[ [0 0 1] [0 0 1] [0 0 1] [1 1 4] [-1  1  4] [1 0 2] ]
[ [0 0 1] [0 0 1] [0 0 1] [-1  1  4] [1 0 2] [-1 -1  4] ]
[ [0 0 1] [0 0 1] [0 0 1] [1 0 2] [-1 -1  4] [ 1 -1  4] ]

# 83
[ [0 0 1] [-1  0  1] [0 0 1] [0 0 1] [0 0 1] [0 0 1] ]
[ [0 0 1] [0 0 1] [1 0 1] [0 0 1] [0 0 1] [0 0 1] ]
[ [1 0 1] [0 0 1] [0 0 1] [0 0 1] [0 0 1] [0 0 1] ]
[ [0 0 1] [0 0 1] [0 0 1] [0 0 1] [-1  0  1] [0 0 1] ]
[ [0 0 1] [0 0 1] [0 0 1] [0 0 1] [0 0 1] [1 0 1] ]
[ [0 0 1] [0 0 1] [0 0 1] [1 0 1] [0 0 1] [0 0 1] ]

# 84
[ [ 1 -1  4] [-1 -1  4] [-1  0  2] [0 0 1] [0 0 1] [0 0 1] ]
[ [1 1 4] [-1  0  2] [-1  1  4] [0 0 1] [0 0 1] [0 0 1] ]
[ [1 0 2] [-1  1  4] [-1 -1  4] [0 0 1] [0 0 1] [0 0 1] ]
[ [0 0 1] [0 0 1] [0 0 1] [1 1 4] [-1  1  4] [-1  0  2] ]
[ [0 0 1] [0 0 1] [0 0 1] [ 1 -1  4] [-1  0  2] [-1 -1  4] ]
[ [0 0 1] [0 0 1] [0 0 1] [1 0 2] [-1 -1  4] [-1  1  4] ]

# 85
[ [-1 -1  4] [-1  0  2] [ 1 -1  4] [0 0 1] [0 0 1] [0 0 1] ]
[ [1 0 2] [ 1 -1  4] [-1 -1  4] [0 0 1] [0 0 1] [0 0 1] ]
[ [ 1 -1  4] [1 1 4] [-1  0  2] [0 0 1] [0 0 1] [0 0 1] ]
[ [0 0 1] [0 0 1] [0 0 1] [-1  1  4] [-1  0  2] [1 1 4] ]
[ [0 0 1] [0 0 1] [0 0 1] [1 0 2] [1 1 4] [-1  1  4] ]
[ [0 0 1] [0 0 1] [0 0 1] [1 1 4] [ 1 -1  4] [-1  0  2] ]

# 86
[ [-1  1  4] [1 1 4] [1 0 2] [0 0 1] [0 0 1] [0 0 1] ]
[ [1 1 4] [-1  0  2] [-1  1  4] [0 0 1] [0 0 1] [0 0 1] ]
[ [-1  0  2] [ 1 -1  4] [1 1 4] [0 0 1] [0 0 1] [0 0 1] ]
[ [0 0 1] [0 0 1] [0 0 1] [-1 -1  4] [ 1 -1  4] [1 0 2] ]
[ [0 0 1] [0 0 1] [0 0 1] [ 1 -1  4] [-1  0  2] [-1 -1  4] ]
[ [0 0 1] [0 0 1] [0 0 1] [-1  0  2] [1 1 4] [ 1 -1  4] ]

# 87
[ [1 1 4] [1 0 2] [-1  1  4] [0 0 1] [0 0 1] [0 0 1] ]
[ [1 0 2] [ 1 -1  4] [-1 -1  4] [0 0 1] [0 0 1] [0 0 1] ]
[ [-1  1  4] [-1 -1  4] [1 0 2] [0 0 1] [0 0 1] [0 0 1] ]
[ [0 0 1] [0 0 1] [0 0 1] [ 1 -1  4] [1 0 2] [-1 -1  4] ]
[ [0 0 1] [0 0 1] [0 0 1] [1 0 2] [1 1 4] [-1  1  4] ]
[ [0 0 1] [0 0 1] [0 0 1] [-1 -1  4] [-1  1  4] [1 0 2] ]

# 88
[ [1 1 4] [1 0 2] [ 1 -1  4] [0 0 1] [0 0 1] [0 0 1] ]
[ [-1  0  2] [-1  1  4] [-1 -1  4] [0 0 1] [0 0 1] [0 0 1] ]
[ [-1  1  4] [-1 -1  4] [-1  0  2] [0 0 1] [0 0 1] [0 0 1] ]
[ [0 0 1] [0 0 1] [0 0 1] [ 1 -1  4] [1 0 2] [1 1 4] ]
[ [0 0 1] [0 0 1] [0 0 1] [-1  0  2] [-1 -1  4] [-1  1  4] ]
[ [0 0 1] [0 0 1] [0 0 1] [-1 -1  4] [-1  1  4] [-1  0  2] ]

# 89
[ [-1  1  4] [1 1 4] [-1  0  2] [0 0 1] [0 0 1] [0 0 1] ]
[ [-1 -1  4] [1 0 2] [-1  1  4] [0 0 1] [0 0 1] [0 0 1] ]
[ [-1  0  2] [ 1 -1  4] [-1 -1  4] [0 0 1] [0 0 1] [0 0 1] ]
[ [0 0 1] [0 0 1] [0 0 1] [-1 -1  4] [ 1 -1  4] [-1  0  2] ]
[ [0 0 1] [0 0 1] [0 0 1] [-1  1  4] [1 0 2] [-1 -1  4] ]
[ [0 0 1] [0 0 1] [0 0 1] [-1  0  2] [1 1 4] [-1  1  4] ]

# 90
[ [0 0 1] [1 0 1] [0 0 1] [0 0 1] [0 0 1] [0 0 1] ]
[ [0 0 1] [0 0 1] [1 0 1] [0 0 1] [0 0 1] [0 0 1] ]
[ [-1  0  1] [0 0 1] [0 0 1] [0 0 1] [0 0 1] [0 0 1] ]
[ [0 0 1] [0 0 1] [0 0 1] [0 0 1] [1 0 1] [0 0 1] ]
[ [0 0 1] [0 0 1] [0 0 1] [0 0 1] [0 0 1] [1 0 1] ]
[ [0 0 1] [0 0 1] [0 0 1] [-1  0  1] [0 0 1] [0 0 1] ]

# 91
[ [0 0 1] [0 0 1] [1 0 1] [0 0 1] [0 0 1] [0 0 1] ]
[ [1 0 1] [0 0 1] [0 0 1] [0 0 1] [0 0 1] [0 0 1] ]
[ [0 0 1] [-1  0  1] [0 0 1] [0 0 1] [0 0 1] [0 0 1] ]
[ [0 0 1] [0 0 1] [0 0 1] [0 0 1] [0 0 1] [1 0 1] ]
[ [0 0 1] [0 0 1] [0 0 1] [1 0 1] [0 0 1] [0 0 1] ]
[ [0 0 1] [0 0 1] [0 0 1] [0 0 1] [-1  0  1] [0 0 1] ]

# 92
[ [1 1 4] [-1  0  2] [-1  1  4] [0 0 1] [0 0 1] [0 0 1] ]
[ [1 0 2] [-1  1  4] [-1 -1  4] [0 0 1] [0 0 1] [0 0 1] ]
[ [ 1 -1  4] [-1 -1  4] [-1  0  2] [0 0 1] [0 0 1] [0 0 1] ]
[ [0 0 1] [0 0 1] [0 0 1] [ 1 -1  4] [-1  0  2] [-1 -1  4] ]
[ [0 0 1] [0 0 1] [0 0 1] [1 0 2] [-1 -1  4] [-1  1  4] ]
[ [0 0 1] [0 0 1] [0 0 1] [1 1 4] [-1  1  4] [-1  0  2] ]

# 93
[ [1 0 2] [ 1 -1  4] [-1 -1  4] [0 0 1] [0 0 1] [0 0 1] ]
[ [ 1 -1  4] [1 1 4] [-1  0  2] [0 0 1] [0 0 1] [0 0 1] ]
[ [-1 -1  4] [-1  0  2] [ 1 -1  4] [0 0 1] [0 0 1] [0 0 1] ]
[ [0 0 1] [0 0 1] [0 0 1] [1 0 2] [1 1 4] [-1  1  4] ]
[ [0 0 1] [0 0 1] [0 0 1] [1 1 4] [ 1 -1  4] [-1  0  2] ]
[ [0 0 1] [0 0 1] [0 0 1] [-1  1  4] [-1  0  2] [1 1 4] ]

# 94
[ [-1  0  2] [-1  1  4] [-1 -1  4] [0 0 1] [0 0 1] [0 0 1] ]
[ [ 1 -1  4] [1 1 4] [1 0 2] [0 0 1] [0 0 1] [0 0 1] ]
[ [-1 -1  4] [-1  0  2] [-1  1  4] [0 0 1] [0 0 1] [0 0 1] ]
[ [0 0 1] [0 0 1] [0 0 1] [-1  0  2] [-1 -1  4] [-1  1  4] ]
[ [0 0 1] [0 0 1] [0 0 1] [1 1 4] [ 1 -1  4] [1 0 2] ]
[ [0 0 1] [0 0 1] [0 0 1] [-1  1  4] [-1  0  2] [-1 -1  4] ]

# 95
[ [-1 -1  4] [1 0 2] [-1  1  4] [0 0 1] [0 0 1] [0 0 1] ]
[ [1 0 2] [-1  1  4] [1 1 4] [0 0 1] [0 0 1] [0 0 1] ]
[ [ 1 -1  4] [-1 -1  4] [1 0 2] [0 0 1] [0 0 1] [0 0 1] ]
[ [0 0 1] [0 0 1] [0 0 1] [-1  1  4] [1 0 2] [-1 -1  4] ]
[ [0 0 1] [0 0 1] [0 0 1] [1 0 2] [-1 -1  4] [ 1 -1  4] ]
[ [0 0 1] [0 0 1] [0 0 1] [1 1 4] [-1  1  4] [1 0 2] ]

# 96
[ [-1 -1  4] [1 0 2] [-1  1  4] [0 0 1] [0 0 1] [0 0 1] ]
[ [-1  0  2] [ 1 -1  4] [-1 -1  4] [0 0 1] [0 0 1] [0 0 1] ]
[ [-1  1  4] [1 1 4] [-1  0  2] [0 0 1] [0 0 1] [0 0 1] ]
[ [0 0 1] [0 0 1] [0 0 1] [-1  1  4] [1 0 2] [-1 -1  4] ]
[ [0 0 1] [0 0 1] [0 0 1] [-1  0  2] [1 1 4] [-1  1  4] ]
[ [0 0 1] [0 0 1] [0 0 1] [-1 -1  4] [ 1 -1  4] [-1  0  2] ]

# 97
[ [0 0 1] [0 0 1] [1 0 1] [0 0 1] [0 0 1] [0 0 1] ]
[ [-1  0  1] [0 0 1] [0 0 1] [0 0 1] [0 0 1] [0 0 1] ]
[ [0 0 1] [1 0 1] [0 0 1] [0 0 1] [0 0 1] [0 0 1] ]
[ [0 0 1] [0 0 1] [0 0 1] [0 0 1] [0 0 1] [1 0 1] ]
[ [0 0 1] [0 0 1] [0 0 1] [-1  0  1] [0 0 1] [0 0 1] ]
[ [0 0 1] [0 0 1] [0 0 1] [0 0 1] [1 0 1] [0 0 1] ]

# 98
[ [1 1 4] [-1  0  2] [-1  1  4] [0 0 1] [0 0 1] [0 0 1] ]
[ [-1  0  2] [ 1 -1  4] [1 1 4] [0 0 1] [0 0 1] [0 0 1] ]
[ [-1  1  4] [1 1 4] [1 0 2] [0 0 1] [0 0 1] [0 0 1] ]
[ [0 0 1] [0 0 1] [0 0 1] [ 1 -1  4] [-1  0  2] [-1 -1  4] ]
[ [0 0 1] [0 0 1] [0 0 1] [-1  0  2] [1 1 4] [ 1 -1  4] ]
[ [0 0 1] [0 0 1] [0 0 1] [-1 -1  4] [ 1 -1  4] [1 0 2] ]

# 99
[ [1 0 2] [ 1 -1  4] [-1 -1  4] [0 0 1] [0 0 1] [0 0 1] ]
[ [-1  1  4] [-1 -1  4] [1 0 2] [0 0 1] [0 0 1] [0 0 1] ]
[ [1 1 4] [1 0 2] [-1  1  4] [0 0 1] [0 0 1] [0 0 1] ]
[ [0 0 1] [0 0 1] [0 0 1] [1 0 2] [1 1 4] [-1  1  4] ]
[ [0 0 1] [0 0 1] [0 0 1] [-1 -1  4] [-1  1  4] [1 0 2] ]
[ [0 0 1] [0 0 1] [0 0 1] [ 1 -1  4] [1 0 2] [-1 -1  4] ]

# 100
[ [-1  0  2] [-1  1  4] [-1 -1  4] [0 0 1] [0 0 1] [0 0 1] ]
[ [-1  1  4] [-1 -1  4] [-1  0  2] [0 0 1] [0 0 1] [0 0 1] ]
[ [1 1 4] [1 0 2] [ 1 -1  4] [0 0 1] [0 0 1] [0 0 1] ]
[ [0 0 1] [0 0 1] [0 0 1] [-1  0  2] [-1 -1  4] [-1  1  4] ]
[ [0 0 1] [0 0 1] [0 0 1] [-1 -1  4] [-1  1  4] [-1  0  2] ]
[ [0 0 1] [0 0 1] [0 0 1] [ 1 -1  4] [1 0 2] [1 1 4] ]

# 101
[ [-1 -1  4] [-1  0  2] [ 1 -1  4] [0 0 1] [0 0 1] [0 0 1] ]
[ [-1  0  2] [-1  1  4] [1 1 4] [0 0 1] [0 0 1] [0 0 1] ]
[ [-1  1  4] [-1 -1  4] [1 0 2] [0 0 1] [0 0 1] [0 0 1] ]
[ [0 0 1] [0 0 1] [0 0 1] [-1  1  4] [-1  0  2] [1 1 4] ]
[ [0 0 1] [0 0 1] [0 0 1] [-1  0  2] [-1 -1  4] [ 1 -1  4] ]
[ [0 0 1] [0 0 1] [0 0 1] [-1 -1  4] [-1  1  4] [1 0 2] ]

# 102
[ [-1 -1  4] [-1  0  2] [-1  1  4] [0 0 1] [0 0 1] [0 0 1] ]
[ [1 0 2] [ 1 -1  4] [1 1 4] [0 0 1] [0 0 1] [0 0 1] ]
[ [-1  1  4] [-1 -1  4] [-1  0  2] [0 0 1] [0 0 1] [0 0 1] ]
[ [0 0 1] [0 0 1] [0 0 1] [-1  1  4] [-1  0  2] [-1 -1  4] ]
[ [0 0 1] [0 0 1] [0 0 1] [1 0 2] [1 1 4] [ 1 -1  4] ]
[ [0 0 1] [0 0 1] [0 0 1] [-1 -1  4] [-1  1  4] [-1  0  2] ]

# 103
[ [ 1 -1  4] [-1 -1  4] [1 0 2] [0 0 1] [0 0 1] [0 0 1] ]
[ [1 1 4] [-1  0  2] [ 1 -1  4] [0 0 1] [0 0 1] [0 0 1] ]
[ [-1  0  2] [ 1 -1  4] [-1 -1  4] [0 0 1] [0 0 1] [0 0 1] ]
[ [0 0 1] [0 0 1] [0 0 1] [1 1 4] [-1  1  4] [1 0 2] ]
[ [0 0 1] [0 0 1] [0 0 1] [ 1 -1  4] [-1  0  2] [1 1 4] ]
[ [0 0 1] [0 0 1] [0 0 1] [-1  0  2] [1 1 4] [-1  1  4] ]

# 104
[ [0 0 1] [-1  0  1] [0 0 1] [0 0 1] [0 0 1] [0 0 1] ]
[ [0 0 1] [0 0 1] [-1  0  1] [0 0 1] [0 0 1] [0 0 1] ]
[ [-1  0  1] [0 0 1] [0 0 1] [0 0 1] [0 0 1] [0 0 1] ]
[ [0 0 1] [0 0 1] [0 0 1] [0 0 1] [-1  0  1] [0 0 1] ]
[ [0 0 1] [0 0 1] [0 0 1] [0 0 1] [0 0 1] [-1  0  1] ]
[ [0 0 1] [0 0 1] [0 0 1] [-1  0  1] [0 0 1] [0 0 1] ]

# 105
[ [ 1 -1  4] [-1 -1  4] [-1  0  2] [0 0 1] [0 0 1] [0 0 1] ]
[ [-1 -1  4] [1 0 2] [ 1 -1  4] [0 0 1] [0 0 1] [0 0 1] ]
[ [-1  0  2] [ 1 -1  4] [1 1 4] [0 0 1] [0 0 1] [0 0 1] ]
[ [0 0 1] [0 0 1] [0 0 1] [1 1 4] [-1  1  4] [-1  0  2] ]
[ [0 0 1] [0 0 1] [0 0 1] [-1  1  4] [1 0 2] [1 1 4] ]
[ [0 0 1] [0 0 1] [0 0 1] [-1  0  2] [1 1 4] [ 1 -1  4] ]

# 106
[ [1 1 4] [1 0 2] [-1  1  4] [0 0 1] [0 0 1] [0 0 1] ]
[ [-1  0  2] [-1  1  4] [1 1 4] [0 0 1] [0 0 1] [0 0 1] ]
[ [ 1 -1  4] [1 1 4] [-1  0  2] [0 0 1] [0 0 1] [0 0 1] ]
[ [0 0 1] [0 0 1] [0 0 1] [ 1 -1  4] [1 0 2] [-1 -1  4] ]
[ [0 0 1] [0 0 1] [0 0 1] [-1  0  2] [-1 -1  4] [ 1 -1  4] ]
[ [0 0 1] [0 0 1] [0 0 1] [1 1 4] [ 1 -1  4] [-1  0  2] ]

# 107
[ [1 1 4] [1 0 2] [ 1 -1  4] [0 0 1] [0 0 1] [0 0 1] ]
[ [1 0 2] [ 1 -1  4] [1 1 4] [0 0 1] [0 0 1] [0 0 1] ]
[ [ 1 -1  4] [1 1 4] [1 0 2] [0 0 1] [0 0 1] [0 0 1] ]
[ [0 0 1] [0 0 1] [0 0 1] [ 1 -1  4] [1 0 2] [1 1 4] ]
[ [0 0 1] [0 0 1] [0 0 1] [1 0 2] [1 1 4] [ 1 -1  4] ]
[ [0 0 1] [0 0 1] [0 0 1] [1 1 4] [ 1 -1  4] [1 0 2] ]

# 108
[ [-1  1  4] [1 1 4] [-1  0  2] [0 0 1] [0 0 1] [0 0 1] ]
[ [1 1 4] [-1  0  2] [ 1 -1  4] [0 0 1] [0 0 1] [0 0 1] ]
[ [1 0 2] [-1  1  4] [1 1 4] [0 0 1] [0 0 1] [0 0 1] ]
[ [0 0 1] [0 0 1] [0 0 1] [-1 -1  4] [ 1 -1  4] [-1  0  2] ]
[ [0 0 1] [0 0 1] [0 0 1] [ 1 -1  4] [-1  0  2] [1 1 4] ]
[ [0 0 1] [0 0 1] [0 0 1] [1 0 2] [-1 -1  4] [ 1 -1  4] ]

# 109
[ [0 0 1] [1 0 1] [0 0 1] [0 0 1] [0 0 1] [0 0 1] ]
[ [0 0 1] [0 0 1] [-1  0  1] [0 0 1] [0 0 1] [0 0 1] ]
[ [1 0 1] [0 0 1] [0 0 1] [0 0 1] [0 0 1] [0 0 1] ]
[ [0 0 1] [0 0 1] [0 0 1] [0 0 1] [1 0 1] [0 0 1] ]
[ [0 0 1] [0 0 1] [0 0 1] [0 0 1] [0 0 1] [-1  0  1] ]
[ [0 0 1] [0 0 1] [0 0 1] [1 0 1] [0 0 1] [0 0 1] ]

# 110
[ [-1  1  4] [1 1 4] [1 0 2] [0 0 1] [0 0 1] [0 0 1] ]
[ [-1 -1  4] [1 0 2] [ 1 -1  4] [0 0 1] [0 0 1] [0 0 1] ]
[ [1 0 2] [-1  1  4] [-1 -1  4] [0 0 1] [0 0 1] [0 0 1] ]
[ [0 0 1] [0 0 1] [0 0 1] [-1 -1  4] [ 1 -1  4] [1 0 2] ]
[ [0 0 1] [0 0 1] [0 0 1] [-1  1  4] [1 0 2] [1 1 4] ]
[ [0 0 1] [0 0 1] [0 0 1] [1 0 2] [-1 -1  4] [-1  1  4] ]

# 111
[ [1 0 2] [-1  1  4] [1 1 4] [0 0 1] [0 0 1] [0 0 1] ]
[ [ 1 -1  4] [-1 -1  4] [1 0 2] [0 0 1] [0 0 1] [0 0 1] ]
[ [-1 -1  4] [1 0 2] [-1  1  4] [0 0 1] [0 0 1] [0 0 1] ]
[ [0 0 1] [0 0 1] [0 0 1] [1 0 2] [-1 -1  4] [ 1 -1  4] ]
[ [0 0 1] [0 0 1] [0 0 1] [1 1 4] [-1  1  4] [1 0 2] ]
[ [0 0 1] [0 0 1] [0 0 1] [-1  1  4] [1 0 2] [-1 -1  4] ]

# 112
[ [1 0 1] [0 0 1] [0 0 1] [0 0 1] [0 0 1] [0 0 1] ]
[ [0 0 1] [-1  0  1] [0 0 1] [0 0 1] [0 0 1] [0 0 1] ]
[ [0 0 1] [0 0 1] [1 0 1] [0 0 1] [0 0 1] [0 0 1] ]
[ [0 0 1] [0 0 1] [0 0 1] [1 0 1] [0 0 1] [0 0 1] ]
[ [0 0 1] [0 0 1] [0 0 1] [0 0 1] [-1  0  1] [0 0 1] ]
[ [0 0 1] [0 0 1] [0 0 1] [0 0 1] [0 0 1] [1 0 1] ]

# 113
[ [1 0 2] [-1  1  4] [-1 -1  4] [0 0 1] [0 0 1] [0 0 1] ]
[ [ 1 -1  4] [-1 -1  4] [-1  0  2] [0 0 1] [0 0 1] [0 0 1] ]
[ [1 1 4] [-1  0  2] [-1  1  4] [0 0 1] [0 0 1] [0 0 1] ]
[ [0 0 1] [0 0 1] [0 0 1] [1 0 2] [-1 -1  4] [-1  1  4] ]
[ [0 0 1] [0 0 1] [0 0 1] [1 1 4] [-1  1  4] [-1  0  2] ]
[ [0 0 1] [0 0 1] [0 0 1] [ 1 -1  4] [-1  0  2] [-1 -1  4] ]

# 114
[ [ 1 -1  4] [1 1 4] [-1  0  2] [0 0 1] [0 0 1] [0 0 1] ]
[ [-1 -1  4] [-1  0  2] [ 1 -1  4] [0 0 1] [0 0 1] [0 0 1] ]
[ [1 0 2] [ 1 -1  4] [-1 -1  4] [0 0 1] [0 0 1] [0 0 1] ]
[ [0 0 1] [0 0 1] [0 0 1] [1 1 4] [ 1 -1  4] [-1  0  2] ]
[ [0 0 1] [0 0 1] [0 0 1] [-1  1  4] [-1  0  2] [1 1 4] ]
[ [0 0 1] [0 0 1] [0 0 1] [1 0 2] [1 1 4] [-1  1  4] ]

# 115
[ [ 1 -1  4] [1 1 4] [1 0 2] [0 0 1] [0 0 1] [0 0 1] ]
[ [-1 -1  4] [-1  0  2] [-1  1  4] [0 0 1] [0 0 1] [0 0 1] ]
[ [-1  0  2] [-1  1  4] [-1 -1  4] [0 0 1] [0 0 1] [0 0 1] ]
[ [0 0 1] [0 0 1] [0 0 1] [1 1 4] [ 1 -1  4] [1 0 2] ]
[ [0 0 1] [0 0 1] [0 0 1] [-1  1  4] [-1  0  2] [-1 -1  4] ]
[ [0 0 1] [0 0 1] [0 0 1] [-1  0  2] [-1 -1  4] [-1  1  4] ]

# 116
[ [-1  0  1] [0 0 1] [0 0 1] [0 0 1] [0 0 1] [0 0 1] ]
[ [0 0 1] [1 0 1] [0 0 1] [0 0 1] [0 0 1] [0 0 1] ]
[ [0 0 1] [0 0 1] [1 0 1] [0 0 1] [0 0 1] [0 0 1] ]
[ [0 0 1] [0 0 1] [0 0 1] [-1  0  1] [0 0 1] [0 0 1] ]
[ [0 0 1] [0 0 1] [0 0 1] [0 0 1] [1 0 1] [0 0 1] ]
[ [0 0 1] [0 0 1] [0 0 1] [0 0 1] [0 0 1] [1 0 1] ]

# 117
[ [-1  0  2] [ 1 -1  4] [1 1 4] [0 0 1] [0 0 1] [0 0 1] ]
[ [-1  1  4] [1 1 4] [1 0 2] [0 0 1] [0 0 1] [0 0 1] ]
[ [1 1 4] [-1  0  2] [-1  1  4] [0 0 1] [0 0 1] [0 0 1] ]
[ [0 0 1] [0 0 1] [0 0 1] [-1  0  2] [1 1 4] [ 1 -1  4] ]
[ [0 0 1] [0 0 1] [0 0 1] [-1 -1  4] [ 1 -1  4] [1 0 2] ]
[ [0 0 1] [0 0 1] [0 0 1] [ 1 -1  4] [-1  0  2] [-1 -1  4] ]

# 118
[ [-1  1  4] [-1 -1  4] [1 0 2] [0 0 1] [0 0 1] [0 0 1] ]
[ [1 1 4] [1 0 2] [-1  1  4] [0 0 1] [0 0 1] [0 0 1] ]
[ [1 0 2] [ 1 -1  4] [-1 -1  4] [0 0 1] [0 0 1] [0 0 1] ]
[ [0 0 1] [0 0 1] [0 0 1] [-1 -1  4] [-1  1  4] [1 0 2] ]
[ [0 0 1] [0 0 1] [0 0 1] [ 1 -1  4] [1 0 2] [-1 -1  4] ]
[ [0 0 1] [0 0 1] [0 0 1] [1 0 2] [1 1 4] [-1  1  4] ]

# 119
[ [-1  1  4] [-1 -1  4] [-1  0  2] [0 0 1] [0 0 1] [0 0 1] ]
[ [1 1 4] [1 0 2] [ 1 -1  4] [0 0 1] [0 0 1] [0 0 1] ]
[ [-1  0  2] [-1  1  4] [-1 -1  4] [0 0 1] [0 0 1] [0 0 1] ]
[ [0 0 1] [0 0 1] [0 0 1] [-1 -1  4] [-1  1  4] [-1  0  2] ]
[ [0 0 1] [0 0 1] [0 0 1] [ 1 -1  4] [1 0 2] [1 1 4] ]
[ [0 0 1] [0 0 1] [0 0 1] [-1  0  2] [-1 -1  4] [-1  1  4] ]

# 120
[ [-1  0  2] [ 1 -1  4] [-1 -1  4] [0 0 1] [0 0 1] [0 0 1] ]
[ [-1  1  4] [1 1 4] [-1  0  2] [0 0 1] [0 0 1] [0 0 1] ]
[ [-1 -1  4] [1 0 2] [-1  1  4] [0 0 1] [0 0 1] [0 0 1] ]
[ [0 0 1] [0 0 1] [0 0 1] [-1  0  2] [1 1 4] [-1  1  4] ]
[ [0 0 1] [0 0 1] [0 0 1] [-1 -1  4] [ 1 -1  4] [-1  0  2] ]
[ [0 0 1] [0 0 1] [0 0 1] [-1  1  4] [1 0 2] [-1 -1  4] ]

mpltbl [[  0   1   2 ... 117 118 119]
 [  1   2   3 ...  90  91  92]
 [  2   3   4 ...  85  86  87]
 ...
 [117 118 119 ...  49  45  46]
 [118 119 115 ...  27  28  29]
 [119 115 116 ...  18  19  15]]
nr 120
Icos
qnr[i]
[ [1 0 1] [0 0 1] [0 0 1] [0 0 1] [0 0 1] [0 0 1] ]
[ [0 0 1] [1 0 1] [0 0 1] [0 0 1] [0 0 1] [0 0 1] ]
[ [0 0 1] [0 0 1] [1 0 1] [0 0 1] [0 0 1] [0 0 1] ]
[ [0 0 1] [0 0 1] [0 0 1] [1 0 1] [0 0 1] [0 0 1] ]
[ [0 0 1] [0 0 1] [0 0 1] [0 0 1] [1 0 1] [0 0 1] ]
[ [0 0 1] [0 0 1] [0 0 1] [0 0 1] [0 0 1] [1 0 1] ]

qnr[i]
[ [1 0 2] [-1  1  4] [-1 -1  4] [0 0 1] [0 0 1] [0 0 1] ]
[ [-1  1  4] [1 1 4] [1 0 2] [0 0 1] [0 0 1] [0 0 1] ]
[ [1 1 4] [-1  0  2] [-1  1  4] [0 0 1] [0 0 1] [0 0 1] ]
[ [0 0 1] [0 0 1] [0 0 1] [1 0 2] [-1 -1  4] [-1  1  4] ]
[ [0 0 1] [0 0 1] [0 0 1] [-1 -1  4] [ 1 -1  4] [1 0 2] ]
[ [0 0 1] [0 0 1] [0 0 1] [ 1 -1  4] [-1  0  2] [-1 -1  4] ]

qnr[i]
[ [ 1 -1  4] [1 1 4] [-1  0  2] [0 0 1] [0 0 1] [0 0 1] ]
[ [1 1 4] [1 0 2] [-1  1  4] [0 0 1] [0 0 1] [0 0 1] ]
[ [1 0 2] [ 1 -1  4] [-1 -1  4] [0 0 1] [0 0 1] [0 0 1] ]
[ [0 0 1] [0 0 1] [0 0 1] [1 1 4] [ 1 -1  4] [-1  0  2] ]
[ [0 0 1] [0 0 1] [0 0 1] [ 1 -1  4] [1 0 2] [-1 -1  4] ]
[ [0 0 1] [0 0 1] [0 0 1] [1 0 2] [1 1 4] [-1  1  4] ]

qnr[i]
[ [ 1 -1  4] [1 1 4] [1 0 2] [0 0 1] [0 0 1] [0 0 1] ]
[ [1 1 4] [1 0 2] [ 1 -1  4] [0 0 1] [0 0 1] [0 0 1] ]
[ [-1  0  2] [-1  1  4] [-1 -1  4] [0 0 1] [0 0 1] [0 0 1] ]
[ [0 0 1] [0 0 1] [0 0 1] [1 1 4] [ 1 -1  4] [1 0 2] ]
[ [0 0 1] [0 0 1] [0 0 1] [ 1 -1  4] [1 0 2] [1 1 4] ]
[ [0 0 1] [0 0 1] [0 0 1] [-1  0  2] [-1 -1  4] [-1  1  4] ]

qnr[i]
[ [1 0 2] [-1  1  4] [1 1 4] [0 0 1] [0 0 1] [0 0 1] ]
[ [-1  1  4] [1 1 4] [-1  0  2] [0 0 1] [0 0 1] [0 0 1] ]
[ [-1 -1  4] [1 0 2] [-1  1  4] [0 0 1] [0 0 1] [0 0 1] ]
[ [0 0 1] [0 0 1] [0 0 1] [1 0 2] [-1 -1  4] [ 1 -1  4] ]
[ [0 0 1] [0 0 1] [0 0 1] [-1 -1  4] [ 1 -1  4] [-1  0  2] ]
[ [0 0 1] [0 0 1] [0 0 1] [-1  1  4] [1 0 2] [-1 -1  4] ]

qnr[i]
[ [-1  0  2] [ 1 -1  4] [-1 -1  4] [0 0 1] [0 0 1] [0 0 1] ]
[ [ 1 -1  4] [-1 -1  4] [1 0 2] [0 0 1] [0 0 1] [0 0 1] ]
[ [-1 -1  4] [1 0 2] [-1  1  4] [0 0 1] [0 0 1] [0 0 1] ]
[ [0 0 1] [0 0 1] [0 0 1] [-1  0  2] [1 1 4] [-1  1  4] ]
[ [0 0 1] [0 0 1] [0 0 1] [1 1 4] [-1  1  4] [1 0 2] ]
[ [0 0 1] [0 0 1] [0 0 1] [-1  1  4] [1 0 2] [-1 -1  4] ]

qnr[i]
[ [-1  0  1] [0 0 1] [0 0 1] [0 0 1] [0 0 1] [0 0 1] ]
[ [0 0 1] [-1  0  1] [0 0 1] [0 0 1] [0 0 1] [0 0 1] ]
[ [0 0 1] [0 0 1] [1 0 1] [0 0 1] [0 0 1] [0 0 1] ]
[ [0 0 1] [0 0 1] [0 0 1] [-1  0  1] [0 0 1] [0 0 1] ]
[ [0 0 1] [0 0 1] [0 0 1] [0 0 1] [-1  0  1] [0 0 1] ]
[ [0 0 1] [0 0 1] [0 0 1] [0 0 1] [0 0 1] [1 0 1] ]

qnr[i]
[ [-1  0  2] [ 1 -1  4] [1 1 4] [0 0 1] [0 0 1] [0 0 1] ]
[ [ 1 -1  4] [-1 -1  4] [-1  0  2] [0 0 1] [0 0 1] [0 0 1] ]
[ [1 1 4] [-1  0  2] [-1  1  4] [0 0 1] [0 0 1] [0 0 1] ]
[ [0 0 1] [0 0 1] [0 0 1] [-1  0  2] [1 1 4] [ 1 -1  4] ]
[ [0 0 1] [0 0 1] [0 0 1] [1 1 4] [-1  1  4] [-1  0  2] ]
[ [0 0 1] [0 0 1] [0 0 1] [ 1 -1  4] [-1  0  2] [-1 -1  4] ]

qnr[i]
[ [-1  1  4] [-1 -1  4] [1 0 2] [0 0 1] [0 0 1] [0 0 1] ]
[ [-1 -1  4] [-1  0  2] [ 1 -1  4] [0 0 1] [0 0 1] [0 0 1] ]
[ [1 0 2] [ 1 -1  4] [-1 -1  4] [0 0 1] [0 0 1] [0 0 1] ]
[ [0 0 1] [0 0 1] [0 0 1] [-1 -1  4] [-1  1  4] [1 0 2] ]
[ [0 0 1] [0 0 1] [0 0 1] [-1  1  4] [-1  0  2] [1 1 4] ]
[ [0 0 1] [0 0 1] [0 0 1] [1 0 2] [1 1 4] [-1  1  4] ]

qnr[i]
[ [-1  1  4] [-1 -1  4] [-1  0  2] [0 0 1] [0 0 1] [0 0 1] ]
[ [-1 -1  4] [-1  0  2] [-1  1  4] [0 0 1] [0 0 1] [0 0 1] ]
[ [-1  0  2] [-1  1  4] [-1 -1  4] [0 0 1] [0 0 1] [0 0 1] ]
[ [0 0 1] [0 0 1] [0 0 1] [-1 -1  4] [-1  1  4] [-1  0  2] ]
[ [0 0 1] [0 0 1] [0 0 1] [-1  1  4] [-1  0  2] [-1 -1  4] ]
[ [0 0 1] [0 0 1] [0 0 1] [-1  0  2] [-1 -1  4] [-1  1  4] ]

qnr[i]
[ [-1  0  2] [-1  1  4] [-1 -1  4] [0 0 1] [0 0 1] [0 0 1] ]
[ [-1  1  4] [-1 -1  4] [-1  0  2] [0 0 1] [0 0 1] [0 0 1] ]
[ [-1 -1  4] [-1  0  2] [-1  1  4] [0 0 1] [0 0 1] [0 0 1] ]
[ [0 0 1] [0 0 1] [0 0 1] [-1  0  2] [-1 -1  4] [-1  1  4] ]
[ [0 0 1] [0 0 1] [0 0 1] [-1 -1  4] [-1  1  4] [-1  0  2] ]
[ [0 0 1] [0 0 1] [0 0 1] [-1  1  4] [-1  0  2] [-1 -1  4] ]

qnr[i]
[ [-1 -1  4] [1 0 2] [-1  1  4] [0 0 1] [0 0 1] [0 0 1] ]
[ [-1  0  2] [ 1 -1  4] [-1 -1  4] [0 0 1] [0 0 1] [0 0 1] ]
[ [ 1 -1  4] [-1 -1  4] [1 0 2] [0 0 1] [0 0 1] [0 0 1] ]
[ [0 0 1] [0 0 1] [0 0 1] [-1  1  4] [1 0 2] [-1 -1  4] ]
[ [0 0 1] [0 0 1] [0 0 1] [-1  0  2] [1 1 4] [-1  1  4] ]
[ [0 0 1] [0 0 1] [0 0 1] [1 1 4] [-1  1  4] [1 0 2] ]

qnr[i]
[ [0 0 1] [0 0 1] [1 0 1] [0 0 1] [0 0 1] [0 0 1] ]
[ [-1  0  1] [0 0 1] [0 0 1] [0 0 1] [0 0 1] [0 0 1] ]
[ [0 0 1] [-1  0  1] [0 0 1] [0 0 1] [0 0 1] [0 0 1] ]
[ [0 0 1] [0 0 1] [0 0 1] [0 0 1] [0 0 1] [1 0 1] ]
[ [0 0 1] [0 0 1] [0 0 1] [-1  0  1] [0 0 1] [0 0 1] ]
[ [0 0 1] [0 0 1] [0 0 1] [0 0 1] [-1  0  1] [0 0 1] ]

qnr[i]
[ [1 1 4] [-1  0  2] [-1  1  4] [0 0 1] [0 0 1] [0 0 1] ]
[ [-1  0  2] [ 1 -1  4] [1 1 4] [0 0 1] [0 0 1] [0 0 1] ]
[ [ 1 -1  4] [-1 -1  4] [-1  0  2] [0 0 1] [0 0 1] [0 0 1] ]
[ [0 0 1] [0 0 1] [0 0 1] [ 1 -1  4] [-1  0  2] [-1 -1  4] ]
[ [0 0 1] [0 0 1] [0 0 1] [-1  0  2] [1 1 4] [ 1 -1  4] ]
[ [0 0 1] [0 0 1] [0 0 1] [1 1 4] [-1  1  4] [-1  0  2] ]

qnr[i]
[ [1 0 2] [ 1 -1  4] [-1 -1  4] [0 0 1] [0 0 1] [0 0 1] ]
[ [-1  1  4] [-1 -1  4] [1 0 2] [0 0 1] [0 0 1] [0 0 1] ]
[ [-1 -1  4] [-1  0  2] [ 1 -1  4] [0 0 1] [0 0 1] [0 0 1] ]
[ [0 0 1] [0 0 1] [0 0 1] [1 0 2] [1 1 4] [-1  1  4] ]
[ [0 0 1] [0 0 1] [0 0 1] [-1 -1  4] [-1  1  4] [1 0 2] ]
[ [0 0 1] [0 0 1] [0 0 1] [-1  1  4] [-1  0  2] [1 1 4] ]

qnr[i]
[ [1 1 4] [-1  0  2] [-1  1  4] [0 0 1] [0 0 1] [0 0 1] ]
[ [1 0 2] [-1  1  4] [-1 -1  4] [0 0 1] [0 0 1] [0 0 1] ]
[ [-1  1  4] [1 1 4] [1 0 2] [0 0 1] [0 0 1] [0 0 1] ]
[ [0 0 1] [0 0 1] [0 0 1] [ 1 -1  4] [-1  0  2] [-1 -1  4] ]
[ [0 0 1] [0 0 1] [0 0 1] [1 0 2] [-1 -1  4] [-1  1  4] ]
[ [0 0 1] [0 0 1] [0 0 1] [-1 -1  4] [ 1 -1  4] [1 0 2] ]

qnr[i]
[ [1 0 2] [ 1 -1  4] [-1 -1  4] [0 0 1] [0 0 1] [0 0 1] ]
[ [ 1 -1  4] [1 1 4] [-1  0  2] [0 0 1] [0 0 1] [0 0 1] ]
[ [1 1 4] [1 0 2] [-1  1  4] [0 0 1] [0 0 1] [0 0 1] ]
[ [0 0 1] [0 0 1] [0 0 1] [1 0 2] [1 1 4] [-1  1  4] ]
[ [0 0 1] [0 0 1] [0 0 1] [1 1 4] [ 1 -1  4] [-1  0  2] ]
[ [0 0 1] [0 0 1] [0 0 1] [ 1 -1  4] [1 0 2] [-1 -1  4] ]

qnr[i]
[ [-1  0  2] [-1  1  4] [-1 -1  4] [0 0 1] [0 0 1] [0 0 1] ]
[ [ 1 -1  4] [1 1 4] [1 0 2] [0 0 1] [0 0 1] [0 0 1] ]
[ [1 1 4] [1 0 2] [ 1 -1  4] [0 0 1] [0 0 1] [0 0 1] ]
[ [0 0 1] [0 0 1] [0 0 1] [-1  0  2] [-1 -1  4] [-1  1  4] ]
[ [0 0 1] [0 0 1] [0 0 1] [1 1 4] [ 1 -1  4] [1 0 2] ]
[ [0 0 1] [0 0 1] [0 0 1] [ 1 -1  4] [1 0 2] [1 1 4] ]

qnr[i]
[ [-1 -1  4] [1 0 2] [-1  1  4] [0 0 1] [0 0 1] [0 0 1] ]
[ [1 0 2] [-1  1  4] [1 1 4] [0 0 1] [0 0 1] [0 0 1] ]
[ [-1  1  4] [1 1 4] [-1  0  2] [0 0 1] [0 0 1] [0 0 1] ]
[ [0 0 1] [0 0 1] [0 0 1] [-1  1  4] [1 0 2] [-1 -1  4] ]
[ [0 0 1] [0 0 1] [0 0 1] [1 0 2] [-1 -1  4] [ 1 -1  4] ]
[ [0 0 1] [0 0 1] [0 0 1] [-1 -1  4] [ 1 -1  4] [-1  0  2] ]

qnr[i]
[ [0 0 1] [0 0 1] [1 0 1] [0 0 1] [0 0 1] [0 0 1] ]
[ [1 0 1] [0 0 1] [0 0 1] [0 0 1] [0 0 1] [0 0 1] ]
[ [0 0 1] [1 0 1] [0 0 1] [0 0 1] [0 0 1] [0 0 1] ]
[ [0 0 1] [0 0 1] [0 0 1] [0 0 1] [0 0 1] [1 0 1] ]
[ [0 0 1] [0 0 1] [0 0 1] [1 0 1] [0 0 1] [0 0 1] ]
[ [0 0 1] [0 0 1] [0 0 1] [0 0 1] [1 0 1] [0 0 1] ]

qnr[i]
[ [1 1 4] [1 0 2] [ 1 -1  4] [0 0 1] [0 0 1] [0 0 1] ]
[ [1 0 2] [ 1 -1  4] [1 1 4] [0 0 1] [0 0 1] [0 0 1] ]
[ [-1  1  4] [-1 -1  4] [-1  0  2] [0 0 1] [0 0 1] [0 0 1] ]
[ [0 0 1] [0 0 1] [0 0 1] [ 1 -1  4] [1 0 2] [1 1 4] ]
[ [0 0 1] [0 0 1] [0 0 1] [1 0 2] [1 1 4] [ 1 -1  4] ]
[ [0 0 1] [0 0 1] [0 0 1] [-1 -1  4] [-1  1  4] [-1  0  2] ]

qnr[i]
[ [-1  1  4] [1 1 4] [-1  0  2] [0 0 1] [0 0 1] [0 0 1] ]
[ [1 1 4] [-1  0  2] [ 1 -1  4] [0 0 1] [0 0 1] [0 0 1] ]
[ [-1  0  2] [ 1 -1  4] [-1 -1  4] [0 0 1] [0 0 1] [0 0 1] ]
[ [0 0 1] [0 0 1] [0 0 1] [-1 -1  4] [ 1 -1  4] [-1  0  2] ]
[ [0 0 1] [0 0 1] [0 0 1] [ 1 -1  4] [-1  0  2] [1 1 4] ]
[ [0 0 1] [0 0 1] [0 0 1] [-1  0  2] [1 1 4] [-1  1  4] ]

qnr[i]
[ [0 0 1] [1 0 1] [0 0 1] [0 0 1] [0 0 1] [0 0 1] ]
[ [0 0 1] [0 0 1] [-1  0  1] [0 0 1] [0 0 1] [0 0 1] ]
[ [-1  0  1] [0 0 1] [0 0 1] [0 0 1] [0 0 1] [0 0 1] ]
[ [0 0 1] [0 0 1] [0 0 1] [0 0 1] [1 0 1] [0 0 1] ]
[ [0 0 1] [0 0 1] [0 0 1] [0 0 1] [0 0 1] [-1  0  1] ]
[ [0 0 1] [0 0 1] [0 0 1] [-1  0  1] [0 0 1] [0 0 1] ]

qnr[i]
[ [-1  1  4] [1 1 4] [1 0 2] [0 0 1] [0 0 1] [0 0 1] ]
[ [-1 -1  4] [1 0 2] [ 1 -1  4] [0 0 1] [0 0 1] [0 0 1] ]
[ [-1  0  2] [ 1 -1  4] [1 1 4] [0 0 1] [0 0 1] [0 0 1] ]
[ [0 0 1] [0 0 1] [0 0 1] [-1 -1  4] [ 1 -1  4] [1 0 2] ]
[ [0 0 1] [0 0 1] [0 0 1] [-1  1  4] [1 0 2] [1 1 4] ]
[ [0 0 1] [0 0 1] [0 0 1] [-1  0  2] [1 1 4] [ 1 -1  4] ]

qnr[i]
[ [1 1 4] [1 0 2] [-1  1  4] [0 0 1] [0 0 1] [0 0 1] ]
[ [-1  0  2] [-1  1  4] [1 1 4] [0 0 1] [0 0 1] [0 0 1] ]
[ [-1  1  4] [-1 -1  4] [1 0 2] [0 0 1] [0 0 1] [0 0 1] ]
[ [0 0 1] [0 0 1] [0 0 1] [ 1 -1  4] [1 0 2] [-1 -1  4] ]
[ [0 0 1] [0 0 1] [0 0 1] [-1  0  2] [-1 -1  4] [ 1 -1  4] ]
[ [0 0 1] [0 0 1] [0 0 1] [-1 -1  4] [-1  1  4] [1 0 2] ]

qnr[i]
[ [ 1 -1  4] [-1 -1  4] [-1  0  2] [0 0 1] [0 0 1] [0 0 1] ]
[ [-1 -1  4] [1 0 2] [ 1 -1  4] [0 0 1] [0 0 1] [0 0 1] ]
[ [1 0 2] [-1  1  4] [-1 -1  4] [0 0 1] [0 0 1] [0 0 1] ]
[ [0 0 1] [0 0 1] [0 0 1] [1 1 4] [-1  1  4] [-1  0  2] ]
[ [0 0 1] [0 0 1] [0 0 1] [-1  1  4] [1 0 2] [1 1 4] ]
[ [0 0 1] [0 0 1] [0 0 1] [1 0 2] [-1 -1  4] [-1  1  4] ]

qnr[i]
[ [-1 -1  4] [-1  0  2] [ 1 -1  4] [0 0 1] [0 0 1] [0 0 1] ]
[ [-1  0  2] [-1  1  4] [1 1 4] [0 0 1] [0 0 1] [0 0 1] ]
[ [ 1 -1  4] [1 1 4] [-1  0  2] [0 0 1] [0 0 1] [0 0 1] ]
[ [0 0 1] [0 0 1] [0 0 1] [-1  1  4] [-1  0  2] [1 1 4] ]
[ [0 0 1] [0 0 1] [0 0 1] [-1  0  2] [-1 -1  4] [ 1 -1  4] ]
[ [0 0 1] [0 0 1] [0 0 1] [1 1 4] [ 1 -1  4] [-1  0  2] ]

qnr[i]
[ [-1 -1  4] [-1  0  2] [-1  1  4] [0 0 1] [0 0 1] [0 0 1] ]
[ [1 0 2] [ 1 -1  4] [1 1 4] [0 0 1] [0 0 1] [0 0 1] ]
[ [ 1 -1  4] [1 1 4] [1 0 2] [0 0 1] [0 0 1] [0 0 1] ]
[ [0 0 1] [0 0 1] [0 0 1] [-1  1  4] [-1  0  2] [-1 -1  4] ]
[ [0 0 1] [0 0 1] [0 0 1] [1 0 2] [1 1 4] [ 1 -1  4] ]
[ [0 0 1] [0 0 1] [0 0 1] [1 1 4] [ 1 -1  4] [1 0 2] ]

qnr[i]
[ [ 1 -1  4] [-1 -1  4] [1 0 2] [0 0 1] [0 0 1] [0 0 1] ]
[ [1 1 4] [-1  0  2] [ 1 -1  4] [0 0 1] [0 0 1] [0 0 1] ]
[ [1 0 2] [-1  1  4] [1 1 4] [0 0 1] [0 0 1] [0 0 1] ]
[ [0 0 1] [0 0 1] [0 0 1] [1 1 4] [-1  1  4] [1 0 2] ]
[ [0 0 1] [0 0 1] [0 0 1] [ 1 -1  4] [-1  0  2] [1 1 4] ]
[ [0 0 1] [0 0 1] [0 0 1] [1 0 2] [-1 -1  4] [ 1 -1  4] ]

qnr[i]
[ [0 0 1] [-1  0  1] [0 0 1] [0 0 1] [0 0 1] [0 0 1] ]
[ [0 0 1] [0 0 1] [-1  0  1] [0 0 1] [0 0 1] [0 0 1] ]
[ [1 0 1] [0 0 1] [0 0 1] [0 0 1] [0 0 1] [0 0 1] ]
[ [0 0 1] [0 0 1] [0 0 1] [0 0 1] [-1  0  1] [0 0 1] ]
[ [0 0 1] [0 0 1] [0 0 1] [0 0 1] [0 0 1] [-1  0  1] ]
[ [0 0 1] [0 0 1] [0 0 1] [1 0 1] [0 0 1] [0 0 1] ]

qnr[i]
[ [0 0 1] [0 0 1] [-1  0  1] [0 0 1] [0 0 1] [0 0 1] ]
[ [-1  0  1] [0 0 1] [0 0 1] [0 0 1] [0 0 1] [0 0 1] ]
[ [0 0 1] [1 0 1] [0 0 1] [0 0 1] [0 0 1] [0 0 1] ]
[ [0 0 1] [0 0 1] [0 0 1] [0 0 1] [0 0 1] [-1  0  1] ]
[ [0 0 1] [0 0 1] [0 0 1] [-1  0  1] [0 0 1] [0 0 1] ]
[ [0 0 1] [0 0 1] [0 0 1] [0 0 1] [1 0 1] [0 0 1] ]

qnr[i]
[ [-1 -1  4] [1 0 2] [ 1 -1  4] [0 0 1] [0 0 1] [0 0 1] ]
[ [-1  0  2] [ 1 -1  4] [1 1 4] [0 0 1] [0 0 1] [0 0 1] ]
[ [-1  1  4] [1 1 4] [1 0 2] [0 0 1] [0 0 1] [0 0 1] ]
[ [0 0 1] [0 0 1] [0 0 1] [-1  1  4] [1 0 2] [1 1 4] ]
[ [0 0 1] [0 0 1] [0 0 1] [-1  0  2] [1 1 4] [ 1 -1  4] ]
[ [0 0 1] [0 0 1] [0 0 1] [-1 -1  4] [ 1 -1  4] [1 0 2] ]

qnr[i]
[ [-1  0  2] [-1  1  4] [1 1 4] [0 0 1] [0 0 1] [0 0 1] ]
[ [-1  1  4] [-1 -1  4] [1 0 2] [0 0 1] [0 0 1] [0 0 1] ]
[ [1 1 4] [1 0 2] [-1  1  4] [0 0 1] [0 0 1] [0 0 1] ]
[ [0 0 1] [0 0 1] [0 0 1] [-1  0  2] [-1 -1  4] [ 1 -1  4] ]
[ [0 0 1] [0 0 1] [0 0 1] [-1 -1  4] [-1  1  4] [1 0 2] ]
[ [0 0 1] [0 0 1] [0 0 1] [ 1 -1  4] [1 0 2] [-1 -1  4] ]

qnr[i]
[ [1 0 2] [ 1 -1  4] [1 1 4] [0 0 1] [0 0 1] [0 0 1] ]
[ [-1  1  4] [-1 -1  4] [-1  0  2] [0 0 1] [0 0 1] [0 0 1] ]
[ [1 1 4] [1 0 2] [ 1 -1  4] [0 0 1] [0 0 1] [0 0 1] ]
[ [0 0 1] [0 0 1] [0 0 1] [1 0 2] [1 1 4] [ 1 -1  4] ]
[ [0 0 1] [0 0 1] [0 0 1] [-1 -1  4] [-1  1  4] [-1  0  2] ]
[ [0 0 1] [0 0 1] [0 0 1] [ 1 -1  4] [1 0 2] [1 1 4] ]

qnr[i]
[ [1 1 4] [-1  0  2] [ 1 -1  4] [0 0 1] [0 0 1] [0 0 1] ]
[ [-1  0  2] [ 1 -1  4] [-1 -1  4] [0 0 1] [0 0 1] [0 0 1] ]
[ [-1  1  4] [1 1 4] [-1  0  2] [0 0 1] [0 0 1] [0 0 1] ]
[ [0 0 1] [0 0 1] [0 0 1] [ 1 -1  4] [-1  0  2] [1 1 4] ]
[ [0 0 1] [0 0 1] [0 0 1] [-1  0  2] [1 1 4] [-1  1  4] ]
[ [0 0 1] [0 0 1] [0 0 1] [-1 -1  4] [ 1 -1  4] [-1  0  2] ]

qnr[i]
[ [1 1 4] [-1  0  2] [ 1 -1  4] [0 0 1] [0 0 1] [0 0 1] ]
[ [1 0 2] [-1  1  4] [1 1 4] [0 0 1] [0 0 1] [0 0 1] ]
[ [ 1 -1  4] [-1 -1  4] [1 0 2] [0 0 1] [0 0 1] [0 0 1] ]
[ [0 0 1] [0 0 1] [0 0 1] [ 1 -1  4] [-1  0  2] [1 1 4] ]
[ [0 0 1] [0 0 1] [0 0 1] [1 0 2] [-1 -1  4] [ 1 -1  4] ]
[ [0 0 1] [0 0 1] [0 0 1] [1 1 4] [-1  1  4] [1 0 2] ]

qnr[i]
[ [0 0 1] [0 0 1] [-1  0  1] [0 0 1] [0 0 1] [0 0 1] ]
[ [1 0 1] [0 0 1] [0 0 1] [0 0 1] [0 0 1] [0 0 1] ]
[ [0 0 1] [-1  0  1] [0 0 1] [0 0 1] [0 0 1] [0 0 1] ]
[ [0 0 1] [0 0 1] [0 0 1] [0 0 1] [0 0 1] [-1  0  1] ]
[ [0 0 1] [0 0 1] [0 0 1] [1 0 1] [0 0 1] [0 0 1] ]
[ [0 0 1] [0 0 1] [0 0 1] [0 0 1] [-1  0  1] [0 0 1] ]

qnr[i]
[ [-1 -1  4] [1 0 2] [ 1 -1  4] [0 0 1] [0 0 1] [0 0 1] ]
[ [1 0 2] [-1  1  4] [-1 -1  4] [0 0 1] [0 0 1] [0 0 1] ]
[ [ 1 -1  4] [-1 -1  4] [-1  0  2] [0 0 1] [0 0 1] [0 0 1] ]
[ [0 0 1] [0 0 1] [0 0 1] [-1  1  4] [1 0 2] [1 1 4] ]
[ [0 0 1] [0 0 1] [0 0 1] [1 0 2] [-1 -1  4] [-1  1  4] ]
[ [0 0 1] [0 0 1] [0 0 1] [1 1 4] [-1  1  4] [-1  0  2] ]

qnr[i]
[ [-1  0  2] [-1  1  4] [1 1 4] [0 0 1] [0 0 1] [0 0 1] ]
[ [ 1 -1  4] [1 1 4] [-1  0  2] [0 0 1] [0 0 1] [0 0 1] ]
[ [-1 -1  4] [-1  0  2] [ 1 -1  4] [0 0 1] [0 0 1] [0 0 1] ]
[ [0 0 1] [0 0 1] [0 0 1] [-1  0  2] [-1 -1  4] [ 1 -1  4] ]
[ [0 0 1] [0 0 1] [0 0 1] [1 1 4] [ 1 -1  4] [-1  0  2] ]
[ [0 0 1] [0 0 1] [0 0 1] [-1  1  4] [-1  0  2] [1 1 4] ]

qnr[i]
[ [1 0 2] [ 1 -1  4] [1 1 4] [0 0 1] [0 0 1] [0 0 1] ]
[ [ 1 -1  4] [1 1 4] [1 0 2] [0 0 1] [0 0 1] [0 0 1] ]
[ [-1 -1  4] [-1  0  2] [-1  1  4] [0 0 1] [0 0 1] [0 0 1] ]
[ [0 0 1] [0 0 1] [0 0 1] [1 0 2] [1 1 4] [ 1 -1  4] ]
[ [0 0 1] [0 0 1] [0 0 1] [1 1 4] [ 1 -1  4] [1 0 2] ]
[ [0 0 1] [0 0 1] [0 0 1] [-1  1  4] [-1  0  2] [-1 -1  4] ]

qnr[i]
[ [1 1 4] [1 0 2] [-1  1  4] [0 0 1] [0 0 1] [0 0 1] ]
[ [1 0 2] [ 1 -1  4] [-1 -1  4] [0 0 1] [0 0 1] [0 0 1] ]
[ [ 1 -1  4] [1 1 4] [-1  0  2] [0 0 1] [0 0 1] [0 0 1] ]
[ [0 0 1] [0 0 1] [0 0 1] [ 1 -1  4] [1 0 2] [-1 -1  4] ]
[ [0 0 1] [0 0 1] [0 0 1] [1 0 2] [1 1 4] [-1  1  4] ]
[ [0 0 1] [0 0 1] [0 0 1] [1 1 4] [ 1 -1  4] [-1  0  2] ]

qnr[i]
[ [1 1 4] [1 0 2] [ 1 -1  4] [0 0 1] [0 0 1] [0 0 1] ]
[ [-1  0  2] [-1  1  4] [-1 -1  4] [0 0 1] [0 0 1] [0 0 1] ]
[ [ 1 -1  4] [1 1 4] [1 0 2] [0 0 1] [0 0 1] [0 0 1] ]
[ [0 0 1] [0 0 1] [0 0 1] [ 1 -1  4] [1 0 2] [1 1 4] ]
[ [0 0 1] [0 0 1] [0 0 1] [-1  0  2] [-1 -1  4] [-1  1  4] ]
[ [0 0 1] [0 0 1] [0 0 1] [1 1 4] [ 1 -1  4] [1 0 2] ]

qnr[i]
[ [-1  1  4] [1 1 4] [-1  0  2] [0 0 1] [0 0 1] [0 0 1] ]
[ [-1 -1  4] [1 0 2] [-1  1  4] [0 0 1] [0 0 1] [0 0 1] ]
[ [1 0 2] [-1  1  4] [1 1 4] [0 0 1] [0 0 1] [0 0 1] ]
[ [0 0 1] [0 0 1] [0 0 1] [-1 -1  4] [ 1 -1  4] [-1  0  2] ]
[ [0 0 1] [0 0 1] [0 0 1] [-1  1  4] [1 0 2] [-1 -1  4] ]
[ [0 0 1] [0 0 1] [0 0 1] [1 0 2] [-1 -1  4] [ 1 -1  4] ]

qnr[i]
[ [0 0 1] [1 0 1] [0 0 1] [0 0 1] [0 0 1] [0 0 1] ]
[ [0 0 1] [0 0 1] [1 0 1] [0 0 1] [0 0 1] [0 0 1] ]
[ [1 0 1] [0 0 1] [0 0 1] [0 0 1] [0 0 1] [0 0 1] ]
[ [0 0 1] [0 0 1] [0 0 1] [0 0 1] [1 0 1] [0 0 1] ]
[ [0 0 1] [0 0 1] [0 0 1] [0 0 1] [0 0 1] [1 0 1] ]
[ [0 0 1] [0 0 1] [0 0 1] [1 0 1] [0 0 1] [0 0 1] ]

qnr[i]
[ [-1  1  4] [1 1 4] [1 0 2] [0 0 1] [0 0 1] [0 0 1] ]
[ [1 1 4] [-1  0  2] [-1  1  4] [0 0 1] [0 0 1] [0 0 1] ]
[ [1 0 2] [-1  1  4] [-1 -1  4] [0 0 1] [0 0 1] [0 0 1] ]
[ [0 0 1] [0 0 1] [0 0 1] [-1 -1  4] [ 1 -1  4] [1 0 2] ]
[ [0 0 1] [0 0 1] [0 0 1] [ 1 -1  4] [-1  0  2] [-1 -1  4] ]
[ [0 0 1] [0 0 1] [0 0 1] [1 0 2] [-1 -1  4] [-1  1  4] ]

qnr[i]
[ [-1 -1  4] [-1  0  2] [ 1 -1  4] [0 0 1] [0 0 1] [0 0 1] ]
[ [1 0 2] [ 1 -1  4] [-1 -1  4] [0 0 1] [0 0 1] [0 0 1] ]
[ [-1  1  4] [-1 -1  4] [1 0 2] [0 0 1] [0 0 1] [0 0 1] ]
[ [0 0 1] [0 0 1] [0 0 1] [-1  1  4] [-1  0  2] [1 1 4] ]
[ [0 0 1] [0 0 1] [0 0 1] [1 0 2] [1 1 4] [-1  1  4] ]
[ [0 0 1] [0 0 1] [0 0 1] [-1 -1  4] [-1  1  4] [1 0 2] ]

qnr[i]
[ [-1 -1  4] [-1  0  2] [-1  1  4] [0 0 1] [0 0 1] [0 0 1] ]
[ [-1  0  2] [-1  1  4] [-1 -1  4] [0 0 1] [0 0 1] [0 0 1] ]
[ [-1  1  4] [-1 -1  4] [-1  0  2] [0 0 1] [0 0 1] [0 0 1] ]
[ [0 0 1] [0 0 1] [0 0 1] [-1  1  4] [-1  0  2] [-1 -1  4] ]
[ [0 0 1] [0 0 1] [0 0 1] [-1  0  2] [-1 -1  4] [-1  1  4] ]
[ [0 0 1] [0 0 1] [0 0 1] [-1 -1  4] [-1  1  4] [-1  0  2] ]

qnr[i]
[ [ 1 -1  4] [-1 -1  4] [1 0 2] [0 0 1] [0 0 1] [0 0 1] ]
[ [-1 -1  4] [1 0 2] [-1  1  4] [0 0 1] [0 0 1] [0 0 1] ]
[ [-1  0  2] [ 1 -1  4] [-1 -1  4] [0 0 1] [0 0 1] [0 0 1] ]
[ [0 0 1] [0 0 1] [0 0 1] [1 1 4] [-1  1  4] [1 0 2] ]
[ [0 0 1] [0 0 1] [0 0 1] [-1  1  4] [1 0 2] [-1 -1  4] ]
[ [0 0 1] [0 0 1] [0 0 1] [-1  0  2] [1 1 4] [-1  1  4] ]

qnr[i]
[ [0 0 1] [-1  0  1] [0 0 1] [0 0 1] [0 0 1] [0 0 1] ]
[ [0 0 1] [0 0 1] [1 0 1] [0 0 1] [0 0 1] [0 0 1] ]
[ [-1  0  1] [0 0 1] [0 0 1] [0 0 1] [0 0 1] [0 0 1] ]
[ [0 0 1] [0 0 1] [0 0 1] [0 0 1] [-1  0  1] [0 0 1] ]
[ [0 0 1] [0 0 1] [0 0 1] [0 0 1] [0 0 1] [1 0 1] ]
[ [0 0 1] [0 0 1] [0 0 1] [-1  0  1] [0 0 1] [0 0 1] ]

qnr[i]
[ [ 1 -1  4] [-1 -1  4] [-1  0  2] [0 0 1] [0 0 1] [0 0 1] ]
[ [1 1 4] [-1  0  2] [-1  1  4] [0 0 1] [0 0 1] [0 0 1] ]
[ [-1  0  2] [ 1 -1  4] [1 1 4] [0 0 1] [0 0 1] [0 0 1] ]
[ [0 0 1] [0 0 1] [0 0 1] [1 1 4] [-1  1  4] [-1  0  2] ]
[ [0 0 1] [0 0 1] [0 0 1] [ 1 -1  4] [-1  0  2] [-1 -1  4] ]
[ [0 0 1] [0 0 1] [0 0 1] [-1  0  2] [1 1 4] [ 1 -1  4] ]

qnr[i]
[ [-1  0  2] [ 1 -1  4] [-1 -1  4] [0 0 1] [0 0 1] [0 0 1] ]
[ [-1  1  4] [1 1 4] [-1  0  2] [0 0 1] [0 0 1] [0 0 1] ]
[ [1 1 4] [-1  0  2] [ 1 -1  4] [0 0 1] [0 0 1] [0 0 1] ]
[ [0 0 1] [0 0 1] [0 0 1] [-1  0  2] [1 1 4] [-1  1  4] ]
[ [0 0 1] [0 0 1] [0 0 1] [-1 -1  4] [ 1 -1  4] [-1  0  2] ]
[ [0 0 1] [0 0 1] [0 0 1] [ 1 -1  4] [-1  0  2] [1 1 4] ]

qnr[i]
[ [-1  0  1] [0 0 1] [0 0 1] [0 0 1] [0 0 1] [0 0 1] ]
[ [0 0 1] [1 0 1] [0 0 1] [0 0 1] [0 0 1] [0 0 1] ]
[ [0 0 1] [0 0 1] [-1  0  1] [0 0 1] [0 0 1] [0 0 1] ]
[ [0 0 1] [0 0 1] [0 0 1] [-1  0  1] [0 0 1] [0 0 1] ]
[ [0 0 1] [0 0 1] [0 0 1] [0 0 1] [1 0 1] [0 0 1] ]
[ [0 0 1] [0 0 1] [0 0 1] [0 0 1] [0 0 1] [-1  0  1] ]

qnr[i]
[ [-1  0  2] [ 1 -1  4] [1 1 4] [0 0 1] [0 0 1] [0 0 1] ]
[ [-1  1  4] [1 1 4] [1 0 2] [0 0 1] [0 0 1] [0 0 1] ]
[ [-1 -1  4] [1 0 2] [ 1 -1  4] [0 0 1] [0 0 1] [0 0 1] ]
[ [0 0 1] [0 0 1] [0 0 1] [-1  0  2] [1 1 4] [ 1 -1  4] ]
[ [0 0 1] [0 0 1] [0 0 1] [-1 -1  4] [ 1 -1  4] [1 0 2] ]
[ [0 0 1] [0 0 1] [0 0 1] [-1  1  4] [1 0 2] [1 1 4] ]

qnr[i]
[ [-1  1  4] [-1 -1  4] [1 0 2] [0 0 1] [0 0 1] [0 0 1] ]
[ [1 1 4] [1 0 2] [-1  1  4] [0 0 1] [0 0 1] [0 0 1] ]
[ [-1  0  2] [-1  1  4] [1 1 4] [0 0 1] [0 0 1] [0 0 1] ]
[ [0 0 1] [0 0 1] [0 0 1] [-1 -1  4] [-1  1  4] [1 0 2] ]
[ [0 0 1] [0 0 1] [0 0 1] [ 1 -1  4] [1 0 2] [-1 -1  4] ]
[ [0 0 1] [0 0 1] [0 0 1] [-1  0  2] [-1 -1  4] [ 1 -1  4] ]

qnr[i]
[ [-1  1  4] [-1 -1  4] [-1  0  2] [0 0 1] [0 0 1] [0 0 1] ]
[ [1 1 4] [1 0 2] [ 1 -1  4] [0 0 1] [0 0 1] [0 0 1] ]
[ [1 0 2] [ 1 -1  4] [1 1 4] [0 0 1] [0 0 1] [0 0 1] ]
[ [0 0 1] [0 0 1] [0 0 1] [-1 -1  4] [-1  1  4] [-1  0  2] ]
[ [0 0 1] [0 0 1] [0 0 1] [ 1 -1  4] [1 0 2] [1 1 4] ]
[ [0 0 1] [0 0 1] [0 0 1] [1 0 2] [1 1 4] [ 1 -1  4] ]

qnr[i]
[ [1 0 1] [0 0 1] [0 0 1] [0 0 1] [0 0 1] [0 0 1] ]
[ [0 0 1] [-1  0  1] [0 0 1] [0 0 1] [0 0 1] [0 0 1] ]
[ [0 0 1] [0 0 1] [-1  0  1] [0 0 1] [0 0 1] [0 0 1] ]
[ [0 0 1] [0 0 1] [0 0 1] [1 0 1] [0 0 1] [0 0 1] ]
[ [0 0 1] [0 0 1] [0 0 1] [0 0 1] [-1  0  1] [0 0 1] ]
[ [0 0 1] [0 0 1] [0 0 1] [0 0 1] [0 0 1] [-1  0  1] ]

qnr[i]
[ [1 0 2] [-1  1  4] [-1 -1  4] [0 0 1] [0 0 1] [0 0 1] ]
[ [ 1 -1  4] [-1 -1  4] [-1  0  2] [0 0 1] [0 0 1] [0 0 1] ]
[ [-1 -1  4] [1 0 2] [ 1 -1  4] [0 0 1] [0 0 1] [0 0 1] ]
[ [0 0 1] [0 0 1] [0 0 1] [1 0 2] [-1 -1  4] [-1  1  4] ]
[ [0 0 1] [0 0 1] [0 0 1] [1 1 4] [-1  1  4] [-1  0  2] ]
[ [0 0 1] [0 0 1] [0 0 1] [-1  1  4] [1 0 2] [1 1 4] ]

qnr[i]
[ [ 1 -1  4] [1 1 4] [-1  0  2] [0 0 1] [0 0 1] [0 0 1] ]
[ [-1 -1  4] [-1  0  2] [ 1 -1  4] [0 0 1] [0 0 1] [0 0 1] ]
[ [-1  0  2] [-1  1  4] [1 1 4] [0 0 1] [0 0 1] [0 0 1] ]
[ [0 0 1] [0 0 1] [0 0 1] [1 1 4] [ 1 -1  4] [-1  0  2] ]
[ [0 0 1] [0 0 1] [0 0 1] [-1  1  4] [-1  0  2] [1 1 4] ]
[ [0 0 1] [0 0 1] [0 0 1] [-1  0  2] [-1 -1  4] [ 1 -1  4] ]

qnr[i]
[ [ 1 -1  4] [1 1 4] [1 0 2] [0 0 1] [0 0 1] [0 0 1] ]
[ [-1 -1  4] [-1  0  2] [-1  1  4] [0 0 1] [0 0 1] [0 0 1] ]
[ [1 0 2] [ 1 -1  4] [1 1 4] [0 0 1] [0 0 1] [0 0 1] ]
[ [0 0 1] [0 0 1] [0 0 1] [1 1 4] [ 1 -1  4] [1 0 2] ]
[ [0 0 1] [0 0 1] [0 0 1] [-1  1  4] [-1  0  2] [-1 -1  4] ]
[ [0 0 1] [0 0 1] [0 0 1] [1 0 2] [1 1 4] [ 1 -1  4] ]

qnr[i]
[ [1 0 2] [-1  1  4] [1 1 4] [0 0 1] [0 0 1] [0 0 1] ]
[ [ 1 -1  4] [-1 -1  4] [1 0 2] [0 0 1] [0 0 1] [0 0 1] ]
[ [1 1 4] [-1  0  2] [ 1 -1  4] [0 0 1] [0 0 1] [0 0 1] ]
[ [0 0 1] [0 0 1] [0 0 1] [1 0 2] [-1 -1  4] [ 1 -1  4] ]
[ [0 0 1] [0 0 1] [0 0 1] [1 1 4] [-1  1  4] [1 0 2] ]
[ [0 0 1] [0 0 1] [0 0 1] [ 1 -1  4] [-1  0  2] [1 1 4] ]

qnr[i]
[ [-1  0  1] [0 0 1] [0 0 1] [0 0 1] [0 0 1] [0 0 1] ]
[ [0 0 1] [-1  0  1] [0 0 1] [0 0 1] [0 0 1] [0 0 1] ]
[ [0 0 1] [0 0 1] [-1  0  1] [0 0 1] [0 0 1] [0 0 1] ]
[ [0 0 1] [0 0 1] [0 0 1] [-1  0  1] [0 0 1] [0 0 1] ]
[ [0 0 1] [0 0 1] [0 0 1] [0 0 1] [-1  0  1] [0 0 1] ]
[ [0 0 1] [0 0 1] [0 0 1] [0 0 1] [0 0 1] [-1  0  1] ]

qnr[i]
[ [-1  0  2] [ 1 -1  4] [1 1 4] [0 0 1] [0 0 1] [0 0 1] ]
[ [ 1 -1  4] [-1 -1  4] [-1  0  2] [0 0 1] [0 0 1] [0 0 1] ]
[ [-1 -1  4] [1 0 2] [ 1 -1  4] [0 0 1] [0 0 1] [0 0 1] ]
[ [0 0 1] [0 0 1] [0 0 1] [-1  0  2] [1 1 4] [ 1 -1  4] ]
[ [0 0 1] [0 0 1] [0 0 1] [1 1 4] [-1  1  4] [-1  0  2] ]
[ [0 0 1] [0 0 1] [0 0 1] [-1  1  4] [1 0 2] [1 1 4] ]

qnr[i]
[ [-1  1  4] [-1 -1  4] [1 0 2] [0 0 1] [0 0 1] [0 0 1] ]
[ [-1 -1  4] [-1  0  2] [ 1 -1  4] [0 0 1] [0 0 1] [0 0 1] ]
[ [-1  0  2] [-1  1  4] [1 1 4] [0 0 1] [0 0 1] [0 0 1] ]
[ [0 0 1] [0 0 1] [0 0 1] [-1 -1  4] [-1  1  4] [1 0 2] ]
[ [0 0 1] [0 0 1] [0 0 1] [-1  1  4] [-1  0  2] [1 1 4] ]
[ [0 0 1] [0 0 1] [0 0 1] [-1  0  2] [-1 -1  4] [ 1 -1  4] ]

qnr[i]
[ [-1  1  4] [-1 -1  4] [-1  0  2] [0 0 1] [0 0 1] [0 0 1] ]
[ [-1 -1  4] [-1  0  2] [-1  1  4] [0 0 1] [0 0 1] [0 0 1] ]
[ [1 0 2] [ 1 -1  4] [1 1 4] [0 0 1] [0 0 1] [0 0 1] ]
[ [0 0 1] [0 0 1] [0 0 1] [-1 -1  4] [-1  1  4] [-1  0  2] ]
[ [0 0 1] [0 0 1] [0 0 1] [-1  1  4] [-1  0  2] [-1 -1  4] ]
[ [0 0 1] [0 0 1] [0 0 1] [1 0 2] [1 1 4] [ 1 -1  4] ]

qnr[i]
[ [-1  0  2] [ 1 -1  4] [-1 -1  4] [0 0 1] [0 0 1] [0 0 1] ]
[ [ 1 -1  4] [-1 -1  4] [1 0 2] [0 0 1] [0 0 1] [0 0 1] ]
[ [1 1 4] [-1  0  2] [ 1 -1  4] [0 0 1] [0 0 1] [0 0 1] ]
[ [0 0 1] [0 0 1] [0 0 1] [-1  0  2] [1 1 4] [-1  1  4] ]
[ [0 0 1] [0 0 1] [0 0 1] [1 1 4] [-1  1  4] [1 0 2] ]
[ [0 0 1] [0 0 1] [0 0 1] [ 1 -1  4] [-1  0  2] [1 1 4] ]

qnr[i]
[ [1 0 2] [-1  1  4] [1 1 4] [0 0 1] [0 0 1] [0 0 1] ]
[ [-1  1  4] [1 1 4] [-1  0  2] [0 0 1] [0 0 1] [0 0 1] ]
[ [1 1 4] [-1  0  2] [ 1 -1  4] [0 0 1] [0 0 1] [0 0 1] ]
[ [0 0 1] [0 0 1] [0 0 1] [1 0 2] [-1 -1  4] [ 1 -1  4] ]
[ [0 0 1] [0 0 1] [0 0 1] [-1 -1  4] [ 1 -1  4] [-1  0  2] ]
[ [0 0 1] [0 0 1] [0 0 1] [ 1 -1  4] [-1  0  2] [1 1 4] ]

qnr[i]
[ [1 0 1] [0 0 1] [0 0 1] [0 0 1] [0 0 1] [0 0 1] ]
[ [0 0 1] [1 0 1] [0 0 1] [0 0 1] [0 0 1] [0 0 1] ]
[ [0 0 1] [0 0 1] [-1  0  1] [0 0 1] [0 0 1] [0 0 1] ]
[ [0 0 1] [0 0 1] [0 0 1] [1 0 1] [0 0 1] [0 0 1] ]
[ [0 0 1] [0 0 1] [0 0 1] [0 0 1] [1 0 1] [0 0 1] ]
[ [0 0 1] [0 0 1] [0 0 1] [0 0 1] [0 0 1] [-1  0  1] ]

qnr[i]
[ [1 0 2] [-1  1  4] [-1 -1  4] [0 0 1] [0 0 1] [0 0 1] ]
[ [-1  1  4] [1 1 4] [1 0 2] [0 0 1] [0 0 1] [0 0 1] ]
[ [-1 -1  4] [1 0 2] [ 1 -1  4] [0 0 1] [0 0 1] [0 0 1] ]
[ [0 0 1] [0 0 1] [0 0 1] [1 0 2] [-1 -1  4] [-1  1  4] ]
[ [0 0 1] [0 0 1] [0 0 1] [-1 -1  4] [ 1 -1  4] [1 0 2] ]
[ [0 0 1] [0 0 1] [0 0 1] [-1  1  4] [1 0 2] [1 1 4] ]

qnr[i]
[ [ 1 -1  4] [1 1 4] [-1  0  2] [0 0 1] [0 0 1] [0 0 1] ]
[ [1 1 4] [1 0 2] [-1  1  4] [0 0 1] [0 0 1] [0 0 1] ]
[ [-1  0  2] [-1  1  4] [1 1 4] [0 0 1] [0 0 1] [0 0 1] ]
[ [0 0 1] [0 0 1] [0 0 1] [1 1 4] [ 1 -1  4] [-1  0  2] ]
[ [0 0 1] [0 0 1] [0 0 1] [ 1 -1  4] [1 0 2] [-1 -1  4] ]
[ [0 0 1] [0 0 1] [0 0 1] [-1  0  2] [-1 -1  4] [ 1 -1  4] ]

qnr[i]
[ [ 1 -1  4] [1 1 4] [1 0 2] [0 0 1] [0 0 1] [0 0 1] ]
[ [1 1 4] [1 0 2] [ 1 -1  4] [0 0 1] [0 0 1] [0 0 1] ]
[ [1 0 2] [ 1 -1  4] [1 1 4] [0 0 1] [0 0 1] [0 0 1] ]
[ [0 0 1] [0 0 1] [0 0 1] [1 1 4] [ 1 -1  4] [1 0 2] ]
[ [0 0 1] [0 0 1] [0 0 1] [ 1 -1  4] [1 0 2] [1 1 4] ]
[ [0 0 1] [0 0 1] [0 0 1] [1 0 2] [1 1 4] [ 1 -1  4] ]

qnr[i]
[ [1 0 2] [ 1 -1  4] [1 1 4] [0 0 1] [0 0 1] [0 0 1] ]
[ [ 1 -1  4] [1 1 4] [1 0 2] [0 0 1] [0 0 1] [0 0 1] ]
[ [1 1 4] [1 0 2] [ 1 -1  4] [0 0 1] [0 0 1] [0 0 1] ]
[ [0 0 1] [0 0 1] [0 0 1] [1 0 2] [1 1 4] [ 1 -1  4] ]
[ [0 0 1] [0 0 1] [0 0 1] [1 1 4] [ 1 -1  4] [1 0 2] ]
[ [0 0 1] [0 0 1] [0 0 1] [ 1 -1  4] [1 0 2] [1 1 4] ]

qnr[i]
[ [1 1 4] [-1  0  2] [ 1 -1  4] [0 0 1] [0 0 1] [0 0 1] ]
[ [1 0 2] [-1  1  4] [1 1 4] [0 0 1] [0 0 1] [0 0 1] ]
[ [-1  1  4] [1 1 4] [-1  0  2] [0 0 1] [0 0 1] [0 0 1] ]
[ [0 0 1] [0 0 1] [0 0 1] [ 1 -1  4] [-1  0  2] [1 1 4] ]
[ [0 0 1] [0 0 1] [0 0 1] [1 0 2] [-1 -1  4] [ 1 -1  4] ]
[ [0 0 1] [0 0 1] [0 0 1] [-1 -1  4] [ 1 -1  4] [-1  0  2] ]

qnr[i]
[ [0 0 1] [0 0 1] [-1  0  1] [0 0 1] [0 0 1] [0 0 1] ]
[ [1 0 1] [0 0 1] [0 0 1] [0 0 1] [0 0 1] [0 0 1] ]
[ [0 0 1] [1 0 1] [0 0 1] [0 0 1] [0 0 1] [0 0 1] ]
[ [0 0 1] [0 0 1] [0 0 1] [0 0 1] [0 0 1] [-1  0  1] ]
[ [0 0 1] [0 0 1] [0 0 1] [1 0 1] [0 0 1] [0 0 1] ]
[ [0 0 1] [0 0 1] [0 0 1] [0 0 1] [1 0 1] [0 0 1] ]

qnr[i]
[ [-1 -1  4] [1 0 2] [ 1 -1  4] [0 0 1] [0 0 1] [0 0 1] ]
[ [1 0 2] [-1  1  4] [-1 -1  4] [0 0 1] [0 0 1] [0 0 1] ]
[ [-1  1  4] [1 1 4] [1 0 2] [0 0 1] [0 0 1] [0 0 1] ]
[ [0 0 1] [0 0 1] [0 0 1] [-1  1  4] [1 0 2] [1 1 4] ]
[ [0 0 1] [0 0 1] [0 0 1] [1 0 2] [-1 -1  4] [-1  1  4] ]
[ [0 0 1] [0 0 1] [0 0 1] [-1 -1  4] [ 1 -1  4] [1 0 2] ]

qnr[i]
[ [-1  0  2] [-1  1  4] [1 1 4] [0 0 1] [0 0 1] [0 0 1] ]
[ [ 1 -1  4] [1 1 4] [-1  0  2] [0 0 1] [0 0 1] [0 0 1] ]
[ [1 1 4] [1 0 2] [-1  1  4] [0 0 1] [0 0 1] [0 0 1] ]
[ [0 0 1] [0 0 1] [0 0 1] [-1  0  2] [-1 -1  4] [ 1 -1  4] ]
[ [0 0 1] [0 0 1] [0 0 1] [1 1 4] [ 1 -1  4] [-1  0  2] ]
[ [0 0 1] [0 0 1] [0 0 1] [ 1 -1  4] [1 0 2] [-1 -1  4] ]

qnr[i]
[ [-1 -1  4] [1 0 2] [ 1 -1  4] [0 0 1] [0 0 1] [0 0 1] ]
[ [-1  0  2] [ 1 -1  4] [1 1 4] [0 0 1] [0 0 1] [0 0 1] ]
[ [ 1 -1  4] [-1 -1  4] [-1  0  2] [0 0 1] [0 0 1] [0 0 1] ]
[ [0 0 1] [0 0 1] [0 0 1] [-1  1  4] [1 0 2] [1 1 4] ]
[ [0 0 1] [0 0 1] [0 0 1] [-1  0  2] [1 1 4] [ 1 -1  4] ]
[ [0 0 1] [0 0 1] [0 0 1] [1 1 4] [-1  1  4] [-1  0  2] ]

qnr[i]
[ [-1  0  2] [-1  1  4] [1 1 4] [0 0 1] [0 0 1] [0 0 1] ]
[ [-1  1  4] [-1 -1  4] [1 0 2] [0 0 1] [0 0 1] [0 0 1] ]
[ [-1 -1  4] [-1  0  2] [ 1 -1  4] [0 0 1] [0 0 1] [0 0 1] ]
[ [0 0 1] [0 0 1] [0 0 1] [-1  0  2] [-1 -1  4] [ 1 -1  4] ]
[ [0 0 1] [0 0 1] [0 0 1] [-1 -1  4] [-1  1  4] [1 0 2] ]
[ [0 0 1] [0 0 1] [0 0 1] [-1  1  4] [-1  0  2] [1 1 4] ]

qnr[i]
[ [1 0 2] [ 1 -1  4] [1 1 4] [0 0 1] [0 0 1] [0 0 1] ]
[ [-1  1  4] [-1 -1  4] [-1  0  2] [0 0 1] [0 0 1] [0 0 1] ]
[ [-1 -1  4] [-1  0  2] [-1  1  4] [0 0 1] [0 0 1] [0 0 1] ]
[ [0 0 1] [0 0 1] [0 0 1] [1 0 2] [1 1 4] [ 1 -1  4] ]
[ [0 0 1] [0 0 1] [0 0 1] [-1 -1  4] [-1  1  4] [-1  0  2] ]
[ [0 0 1] [0 0 1] [0 0 1] [-1  1  4] [-1  0  2] [-1 -1  4] ]

qnr[i]
[ [1 1 4] [-1  0  2] [ 1 -1  4] [0 0 1] [0 0 1] [0 0 1] ]
[ [-1  0  2] [ 1 -1  4] [-1 -1  4] [0 0 1] [0 0 1] [0 0 1] ]
[ [ 1 -1  4] [-1 -1  4] [1 0 2] [0 0 1] [0 0 1] [0 0 1] ]
[ [0 0 1] [0 0 1] [0 0 1] [ 1 -1  4] [-1  0  2] [1 1 4] ]
[ [0 0 1] [0 0 1] [0 0 1] [-1  0  2] [1 1 4] [-1  1  4] ]
[ [0 0 1] [0 0 1] [0 0 1] [1 1 4] [-1  1  4] [1 0 2] ]

qnr[i]
[ [0 0 1] [0 0 1] [-1  0  1] [0 0 1] [0 0 1] [0 0 1] ]
[ [-1  0  1] [0 0 1] [0 0 1] [0 0 1] [0 0 1] [0 0 1] ]
[ [0 0 1] [-1  0  1] [0 0 1] [0 0 1] [0 0 1] [0 0 1] ]
[ [0 0 1] [0 0 1] [0 0 1] [0 0 1] [0 0 1] [-1  0  1] ]
[ [0 0 1] [0 0 1] [0 0 1] [-1  0  1] [0 0 1] [0 0 1] ]
[ [0 0 1] [0 0 1] [0 0 1] [0 0 1] [-1  0  1] [0 0 1] ]

qnr[i]
[ [-1 -1  4] [-1  0  2] [-1  1  4] [0 0 1] [0 0 1] [0 0 1] ]
[ [-1  0  2] [-1  1  4] [-1 -1  4] [0 0 1] [0 0 1] [0 0 1] ]
[ [ 1 -1  4] [1 1 4] [1 0 2] [0 0 1] [0 0 1] [0 0 1] ]
[ [0 0 1] [0 0 1] [0 0 1] [-1  1  4] [-1  0  2] [-1 -1  4] ]
[ [0 0 1] [0 0 1] [0 0 1] [-1  0  2] [-1 -1  4] [-1  1  4] ]
[ [0 0 1] [0 0 1] [0 0 1] [1 1 4] [ 1 -1  4] [1 0 2] ]

qnr[i]
[ [ 1 -1  4] [-1 -1  4] [1 0 2] [0 0 1] [0 0 1] [0 0 1] ]
[ [-1 -1  4] [1 0 2] [-1  1  4] [0 0 1] [0 0 1] [0 0 1] ]
[ [1 0 2] [-1  1  4] [1 1 4] [0 0 1] [0 0 1] [0 0 1] ]
[ [0 0 1] [0 0 1] [0 0 1] [1 1 4] [-1  1  4] [1 0 2] ]
[ [0 0 1] [0 0 1] [0 0 1] [-1  1  4] [1 0 2] [-1 -1  4] ]
[ [0 0 1] [0 0 1] [0 0 1] [1 0 2] [-1 -1  4] [ 1 -1  4] ]

qnr[i]
[ [0 0 1] [-1  0  1] [0 0 1] [0 0 1] [0 0 1] [0 0 1] ]
[ [0 0 1] [0 0 1] [1 0 1] [0 0 1] [0 0 1] [0 0 1] ]
[ [1 0 1] [0 0 1] [0 0 1] [0 0 1] [0 0 1] [0 0 1] ]
[ [0 0 1] [0 0 1] [0 0 1] [0 0 1] [-1  0  1] [0 0 1] ]
[ [0 0 1] [0 0 1] [0 0 1] [0 0 1] [0 0 1] [1 0 1] ]
[ [0 0 1] [0 0 1] [0 0 1] [1 0 1] [0 0 1] [0 0 1] ]

qnr[i]
[ [ 1 -1  4] [-1 -1  4] [-1  0  2] [0 0 1] [0 0 1] [0 0 1] ]
[ [1 1 4] [-1  0  2] [-1  1  4] [0 0 1] [0 0 1] [0 0 1] ]
[ [1 0 2] [-1  1  4] [-1 -1  4] [0 0 1] [0 0 1] [0 0 1] ]
[ [0 0 1] [0 0 1] [0 0 1] [1 1 4] [-1  1  4] [-1  0  2] ]
[ [0 0 1] [0 0 1] [0 0 1] [ 1 -1  4] [-1  0  2] [-1 -1  4] ]
[ [0 0 1] [0 0 1] [0 0 1] [1 0 2] [-1 -1  4] [-1  1  4] ]

qnr[i]
[ [-1 -1  4] [-1  0  2] [ 1 -1  4] [0 0 1] [0 0 1] [0 0 1] ]
[ [1 0 2] [ 1 -1  4] [-1 -1  4] [0 0 1] [0 0 1] [0 0 1] ]
[ [ 1 -1  4] [1 1 4] [-1  0  2] [0 0 1] [0 0 1] [0 0 1] ]
[ [0 0 1] [0 0 1] [0 0 1] [-1  1  4] [-1  0  2] [1 1 4] ]
[ [0 0 1] [0 0 1] [0 0 1] [1 0 2] [1 1 4] [-1  1  4] ]
[ [0 0 1] [0 0 1] [0 0 1] [1 1 4] [ 1 -1  4] [-1  0  2] ]

qnr[i]
[ [-1  1  4] [1 1 4] [1 0 2] [0 0 1] [0 0 1] [0 0 1] ]
[ [1 1 4] [-1  0  2] [-1  1  4] [0 0 1] [0 0 1] [0 0 1] ]
[ [-1  0  2] [ 1 -1  4] [1 1 4] [0 0 1] [0 0 1] [0 0 1] ]
[ [0 0 1] [0 0 1] [0 0 1] [-1 -1  4] [ 1 -1  4] [1 0 2] ]
[ [0 0 1] [0 0 1] [0 0 1] [ 1 -1  4] [-1  0  2] [-1 -1  4] ]
[ [0 0 1] [0 0 1] [0 0 1] [-1  0  2] [1 1 4] [ 1 -1  4] ]

qnr[i]
[ [1 1 4] [1 0 2] [-1  1  4] [0 0 1] [0 0 1] [0 0 1] ]
[ [1 0 2] [ 1 -1  4] [-1 -1  4] [0 0 1] [0 0 1] [0 0 1] ]
[ [-1  1  4] [-1 -1  4] [1 0 2] [0 0 1] [0 0 1] [0 0 1] ]
[ [0 0 1] [0 0 1] [0 0 1] [ 1 -1  4] [1 0 2] [-1 -1  4] ]
[ [0 0 1] [0 0 1] [0 0 1] [1 0 2] [1 1 4] [-1  1  4] ]
[ [0 0 1] [0 0 1] [0 0 1] [-1 -1  4] [-1  1  4] [1 0 2] ]

qnr[i]
[ [1 1 4] [1 0 2] [ 1 -1  4] [0 0 1] [0 0 1] [0 0 1] ]
[ [-1  0  2] [-1  1  4] [-1 -1  4] [0 0 1] [0 0 1] [0 0 1] ]
[ [-1  1  4] [-1 -1  4] [-1  0  2] [0 0 1] [0 0 1] [0 0 1] ]
[ [0 0 1] [0 0 1] [0 0 1] [ 1 -1  4] [1 0 2] [1 1 4] ]
[ [0 0 1] [0 0 1] [0 0 1] [-1  0  2] [-1 -1  4] [-1  1  4] ]
[ [0 0 1] [0 0 1] [0 0 1] [-1 -1  4] [-1  1  4] [-1  0  2] ]

qnr[i]
[ [-1  1  4] [1 1 4] [-1  0  2] [0 0 1] [0 0 1] [0 0 1] ]
[ [-1 -1  4] [1 0 2] [-1  1  4] [0 0 1] [0 0 1] [0 0 1] ]
[ [-1  0  2] [ 1 -1  4] [-1 -1  4] [0 0 1] [0 0 1] [0 0 1] ]
[ [0 0 1] [0 0 1] [0 0 1] [-1 -1  4] [ 1 -1  4] [-1  0  2] ]
[ [0 0 1] [0 0 1] [0 0 1] [-1  1  4] [1 0 2] [-1 -1  4] ]
[ [0 0 1] [0 0 1] [0 0 1] [-1  0  2] [1 1 4] [-1  1  4] ]

qnr[i]
[ [0 0 1] [1 0 1] [0 0 1] [0 0 1] [0 0 1] [0 0 1] ]
[ [0 0 1] [0 0 1] [1 0 1] [0 0 1] [0 0 1] [0 0 1] ]
[ [-1  0  1] [0 0 1] [0 0 1] [0 0 1] [0 0 1] [0 0 1] ]
[ [0 0 1] [0 0 1] [0 0 1] [0 0 1] [1 0 1] [0 0 1] ]
[ [0 0 1] [0 0 1] [0 0 1] [0 0 1] [0 0 1] [1 0 1] ]
[ [0 0 1] [0 0 1] [0 0 1] [-1  0  1] [0 0 1] [0 0 1] ]

qnr[i]
[ [0 0 1] [0 0 1] [1 0 1] [0 0 1] [0 0 1] [0 0 1] ]
[ [1 0 1] [0 0 1] [0 0 1] [0 0 1] [0 0 1] [0 0 1] ]
[ [0 0 1] [-1  0  1] [0 0 1] [0 0 1] [0 0 1] [0 0 1] ]
[ [0 0 1] [0 0 1] [0 0 1] [0 0 1] [0 0 1] [1 0 1] ]
[ [0 0 1] [0 0 1] [0 0 1] [1 0 1] [0 0 1] [0 0 1] ]
[ [0 0 1] [0 0 1] [0 0 1] [0 0 1] [-1  0  1] [0 0 1] ]

qnr[i]
[ [1 1 4] [-1  0  2] [-1  1  4] [0 0 1] [0 0 1] [0 0 1] ]
[ [1 0 2] [-1  1  4] [-1 -1  4] [0 0 1] [0 0 1] [0 0 1] ]
[ [ 1 -1  4] [-1 -1  4] [-1  0  2] [0 0 1] [0 0 1] [0 0 1] ]
[ [0 0 1] [0 0 1] [0 0 1] [ 1 -1  4] [-1  0  2] [-1 -1  4] ]
[ [0 0 1] [0 0 1] [0 0 1] [1 0 2] [-1 -1  4] [-1  1  4] ]
[ [0 0 1] [0 0 1] [0 0 1] [1 1 4] [-1  1  4] [-1  0  2] ]

qnr[i]
[ [1 0 2] [ 1 -1  4] [-1 -1  4] [0 0 1] [0 0 1] [0 0 1] ]
[ [ 1 -1  4] [1 1 4] [-1  0  2] [0 0 1] [0 0 1] [0 0 1] ]
[ [-1 -1  4] [-1  0  2] [ 1 -1  4] [0 0 1] [0 0 1] [0 0 1] ]
[ [0 0 1] [0 0 1] [0 0 1] [1 0 2] [1 1 4] [-1  1  4] ]
[ [0 0 1] [0 0 1] [0 0 1] [1 1 4] [ 1 -1  4] [-1  0  2] ]
[ [0 0 1] [0 0 1] [0 0 1] [-1  1  4] [-1  0  2] [1 1 4] ]

qnr[i]
[ [-1  0  2] [-1  1  4] [-1 -1  4] [0 0 1] [0 0 1] [0 0 1] ]
[ [ 1 -1  4] [1 1 4] [1 0 2] [0 0 1] [0 0 1] [0 0 1] ]
[ [-1 -1  4] [-1  0  2] [-1  1  4] [0 0 1] [0 0 1] [0 0 1] ]
[ [0 0 1] [0 0 1] [0 0 1] [-1  0  2] [-1 -1  4] [-1  1  4] ]
[ [0 0 1] [0 0 1] [0 0 1] [1 1 4] [ 1 -1  4] [1 0 2] ]
[ [0 0 1] [0 0 1] [0 0 1] [-1  1  4] [-1  0  2] [-1 -1  4] ]

qnr[i]
[ [-1 -1  4] [1 0 2] [-1  1  4] [0 0 1] [0 0 1] [0 0 1] ]
[ [1 0 2] [-1  1  4] [1 1 4] [0 0 1] [0 0 1] [0 0 1] ]
[ [ 1 -1  4] [-1 -1  4] [1 0 2] [0 0 1] [0 0 1] [0 0 1] ]
[ [0 0 1] [0 0 1] [0 0 1] [-1  1  4] [1 0 2] [-1 -1  4] ]
[ [0 0 1] [0 0 1] [0 0 1] [1 0 2] [-1 -1  4] [ 1 -1  4] ]
[ [0 0 1] [0 0 1] [0 0 1] [1 1 4] [-1  1  4] [1 0 2] ]

qnr[i]
[ [-1 -1  4] [1 0 2] [-1  1  4] [0 0 1] [0 0 1] [0 0 1] ]
[ [-1  0  2] [ 1 -1  4] [-1 -1  4] [0 0 1] [0 0 1] [0 0 1] ]
[ [-1  1  4] [1 1 4] [-1  0  2] [0 0 1] [0 0 1] [0 0 1] ]
[ [0 0 1] [0 0 1] [0 0 1] [-1  1  4] [1 0 2] [-1 -1  4] ]
[ [0 0 1] [0 0 1] [0 0 1] [-1  0  2] [1 1 4] [-1  1  4] ]
[ [0 0 1] [0 0 1] [0 0 1] [-1 -1  4] [ 1 -1  4] [-1  0  2] ]

qnr[i]
[ [0 0 1] [0 0 1] [1 0 1] [0 0 1] [0 0 1] [0 0 1] ]
[ [-1  0  1] [0 0 1] [0 0 1] [0 0 1] [0 0 1] [0 0 1] ]
[ [0 0 1] [1 0 1] [0 0 1] [0 0 1] [0 0 1] [0 0 1] ]
[ [0 0 1] [0 0 1] [0 0 1] [0 0 1] [0 0 1] [1 0 1] ]
[ [0 0 1] [0 0 1] [0 0 1] [-1  0  1] [0 0 1] [0 0 1] ]
[ [0 0 1] [0 0 1] [0 0 1] [0 0 1] [1 0 1] [0 0 1] ]

qnr[i]
[ [1 1 4] [-1  0  2] [-1  1  4] [0 0 1] [0 0 1] [0 0 1] ]
[ [-1  0  2] [ 1 -1  4] [1 1 4] [0 0 1] [0 0 1] [0 0 1] ]
[ [-1  1  4] [1 1 4] [1 0 2] [0 0 1] [0 0 1] [0 0 1] ]
[ [0 0 1] [0 0 1] [0 0 1] [ 1 -1  4] [-1  0  2] [-1 -1  4] ]
[ [0 0 1] [0 0 1] [0 0 1] [-1  0  2] [1 1 4] [ 1 -1  4] ]
[ [0 0 1] [0 0 1] [0 0 1] [-1 -1  4] [ 1 -1  4] [1 0 2] ]

qnr[i]
[ [1 0 2] [ 1 -1  4] [-1 -1  4] [0 0 1] [0 0 1] [0 0 1] ]
[ [-1  1  4] [-1 -1  4] [1 0 2] [0 0 1] [0 0 1] [0 0 1] ]
[ [1 1 4] [1 0 2] [-1  1  4] [0 0 1] [0 0 1] [0 0 1] ]
[ [0 0 1] [0 0 1] [0 0 1] [1 0 2] [1 1 4] [-1  1  4] ]
[ [0 0 1] [0 0 1] [0 0 1] [-1 -1  4] [-1  1  4] [1 0 2] ]
[ [0 0 1] [0 0 1] [0 0 1] [ 1 -1  4] [1 0 2] [-1 -1  4] ]

qnr[i]
[ [-1  0  2] [-1  1  4] [-1 -1  4] [0 0 1] [0 0 1] [0 0 1] ]
[ [-1  1  4] [-1 -1  4] [-1  0  2] [0 0 1] [0 0 1] [0 0 1] ]
[ [1 1 4] [1 0 2] [ 1 -1  4] [0 0 1] [0 0 1] [0 0 1] ]
[ [0 0 1] [0 0 1] [0 0 1] [-1  0  2] [-1 -1  4] [-1  1  4] ]
[ [0 0 1] [0 0 1] [0 0 1] [-1 -1  4] [-1  1  4] [-1  0  2] ]
[ [0 0 1] [0 0 1] [0 0 1] [ 1 -1  4] [1 0 2] [1 1 4] ]

qnr[i]
[ [-1 -1  4] [-1  0  2] [ 1 -1  4] [0 0 1] [0 0 1] [0 0 1] ]
[ [-1  0  2] [-1  1  4] [1 1 4] [0 0 1] [0 0 1] [0 0 1] ]
[ [-1  1  4] [-1 -1  4] [1 0 2] [0 0 1] [0 0 1] [0 0 1] ]
[ [0 0 1] [0 0 1] [0 0 1] [-1  1  4] [-1  0  2] [1 1 4] ]
[ [0 0 1] [0 0 1] [0 0 1] [-1  0  2] [-1 -1  4] [ 1 -1  4] ]
[ [0 0 1] [0 0 1] [0 0 1] [-1 -1  4] [-1  1  4] [1 0 2] ]

qnr[i]
[ [-1 -1  4] [-1  0  2] [-1  1  4] [0 0 1] [0 0 1] [0 0 1] ]
[ [1 0 2] [ 1 -1  4] [1 1 4] [0 0 1] [0 0 1] [0 0 1] ]
[ [-1  1  4] [-1 -1  4] [-1  0  2] [0 0 1] [0 0 1] [0 0 1] ]
[ [0 0 1] [0 0 1] [0 0 1] [-1  1  4] [-1  0  2] [-1 -1  4] ]
[ [0 0 1] [0 0 1] [0 0 1] [1 0 2] [1 1 4] [ 1 -1  4] ]
[ [0 0 1] [0 0 1] [0 0 1] [-1 -1  4] [-1  1  4] [-1  0  2] ]

qnr[i]
[ [ 1 -1  4] [-1 -1  4] [1 0 2] [0 0 1] [0 0 1] [0 0 1] ]
[ [1 1 4] [-1  0  2] [ 1 -1  4] [0 0 1] [0 0 1] [0 0 1] ]
[ [-1  0  2] [ 1 -1  4] [-1 -1  4] [0 0 1] [0 0 1] [0 0 1] ]
[ [0 0 1] [0 0 1] [0 0 1] [1 1 4] [-1  1  4] [1 0 2] ]
[ [0 0 1] [0 0 1] [0 0 1] [ 1 -1  4] [-1  0  2] [1 1 4] ]
[ [0 0 1] [0 0 1] [0 0 1] [-1  0  2] [1 1 4] [-1  1  4] ]

qnr[i]
[ [0 0 1] [-1  0  1] [0 0 1] [0 0 1] [0 0 1] [0 0 1] ]
[ [0 0 1] [0 0 1] [-1  0  1] [0 0 1] [0 0 1] [0 0 1] ]
[ [-1  0  1] [0 0 1] [0 0 1] [0 0 1] [0 0 1] [0 0 1] ]
[ [0 0 1] [0 0 1] [0 0 1] [0 0 1] [-1  0  1] [0 0 1] ]
[ [0 0 1] [0 0 1] [0 0 1] [0 0 1] [0 0 1] [-1  0  1] ]
[ [0 0 1] [0 0 1] [0 0 1] [-1  0  1] [0 0 1] [0 0 1] ]

qnr[i]
[ [ 1 -1  4] [-1 -1  4] [-1  0  2] [0 0 1] [0 0 1] [0 0 1] ]
[ [-1 -1  4] [1 0 2] [ 1 -1  4] [0 0 1] [0 0 1] [0 0 1] ]
[ [-1  0  2] [ 1 -1  4] [1 1 4] [0 0 1] [0 0 1] [0 0 1] ]
[ [0 0 1] [0 0 1] [0 0 1] [1 1 4] [-1  1  4] [-1  0  2] ]
[ [0 0 1] [0 0 1] [0 0 1] [-1  1  4] [1 0 2] [1 1 4] ]
[ [0 0 1] [0 0 1] [0 0 1] [-1  0  2] [1 1 4] [ 1 -1  4] ]

qnr[i]
[ [1 1 4] [1 0 2] [-1  1  4] [0 0 1] [0 0 1] [0 0 1] ]
[ [-1  0  2] [-1  1  4] [1 1 4] [0 0 1] [0 0 1] [0 0 1] ]
[ [ 1 -1  4] [1 1 4] [-1  0  2] [0 0 1] [0 0 1] [0 0 1] ]
[ [0 0 1] [0 0 1] [0 0 1] [ 1 -1  4] [1 0 2] [-1 -1  4] ]
[ [0 0 1] [0 0 1] [0 0 1] [-1  0  2] [-1 -1  4] [ 1 -1  4] ]
[ [0 0 1] [0 0 1] [0 0 1] [1 1 4] [ 1 -1  4] [-1  0  2] ]

qnr[i]
[ [1 1 4] [1 0 2] [ 1 -1  4] [0 0 1] [0 0 1] [0 0 1] ]
[ [1 0 2] [ 1 -1  4] [1 1 4] [0 0 1] [0 0 1] [0 0 1] ]
[ [ 1 -1  4] [1 1 4] [1 0 2] [0 0 1] [0 0 1] [0 0 1] ]
[ [0 0 1] [0 0 1] [0 0 1] [ 1 -1  4] [1 0 2] [1 1 4] ]
[ [0 0 1] [0 0 1] [0 0 1] [1 0 2] [1 1 4] [ 1 -1  4] ]
[ [0 0 1] [0 0 1] [0 0 1] [1 1 4] [ 1 -1  4] [1 0 2] ]

qnr[i]
[ [-1  1  4] [1 1 4] [-1  0  2] [0 0 1] [0 0 1] [0 0 1] ]
[ [1 1 4] [-1  0  2] [ 1 -1  4] [0 0 1] [0 0 1] [0 0 1] ]
[ [1 0 2] [-1  1  4] [1 1 4] [0 0 1] [0 0 1] [0 0 1] ]
[ [0 0 1] [0 0 1] [0 0 1] [-1 -1  4] [ 1 -1  4] [-1  0  2] ]
[ [0 0 1] [0 0 1] [0 0 1] [ 1 -1  4] [-1  0  2] [1 1 4] ]
[ [0 0 1] [0 0 1] [0 0 1] [1 0 2] [-1 -1  4] [ 1 -1  4] ]

qnr[i]
[ [0 0 1] [1 0 1] [0 0 1] [0 0 1] [0 0 1] [0 0 1] ]
[ [0 0 1] [0 0 1] [-1  0  1] [0 0 1] [0 0 1] [0 0 1] ]
[ [1 0 1] [0 0 1] [0 0 1] [0 0 1] [0 0 1] [0 0 1] ]
[ [0 0 1] [0 0 1] [0 0 1] [0 0 1] [1 0 1] [0 0 1] ]
[ [0 0 1] [0 0 1] [0 0 1] [0 0 1] [0 0 1] [-1  0  1] ]
[ [0 0 1] [0 0 1] [0 0 1] [1 0 1] [0 0 1] [0 0 1] ]

qnr[i]
[ [-1  1  4] [1 1 4] [1 0 2] [0 0 1] [0 0 1] [0 0 1] ]
[ [-1 -1  4] [1 0 2] [ 1 -1  4] [0 0 1] [0 0 1] [0 0 1] ]
[ [1 0 2] [-1  1  4] [-1 -1  4] [0 0 1] [0 0 1] [0 0 1] ]
[ [0 0 1] [0 0 1] [0 0 1] [-1 -1  4] [ 1 -1  4] [1 0 2] ]
[ [0 0 1] [0 0 1] [0 0 1] [-1  1  4] [1 0 2] [1 1 4] ]
[ [0 0 1] [0 0 1] [0 0 1] [1 0 2] [-1 -1  4] [-1  1  4] ]

qnr[i]
[ [1 0 2] [-1  1  4] [1 1 4] [0 0 1] [0 0 1] [0 0 1] ]
[ [ 1 -1  4] [-1 -1  4] [1 0 2] [0 0 1] [0 0 1] [0 0 1] ]
[ [-1 -1  4] [1 0 2] [-1  1  4] [0 0 1] [0 0 1] [0 0 1] ]
[ [0 0 1] [0 0 1] [0 0 1] [1 0 2] [-1 -1  4] [ 1 -1  4] ]
[ [0 0 1] [0 0 1] [0 0 1] [1 1 4] [-1  1  4] [1 0 2] ]
[ [0 0 1] [0 0 1] [0 0 1] [-1  1  4] [1 0 2] [-1 -1  4] ]

qnr[i]
[ [1 0 1] [0 0 1] [0 0 1] [0 0 1] [0 0 1] [0 0 1] ]
[ [0 0 1] [-1  0  1] [0 0 1] [0 0 1] [0 0 1] [0 0 1] ]
[ [0 0 1] [0 0 1] [1 0 1] [0 0 1] [0 0 1] [0 0 1] ]
[ [0 0 1] [0 0 1] [0 0 1] [1 0 1] [0 0 1] [0 0 1] ]
[ [0 0 1] [0 0 1] [0 0 1] [0 0 1] [-1  0  1] [0 0 1] ]
[ [0 0 1] [0 0 1] [0 0 1] [0 0 1] [0 0 1] [1 0 1] ]

qnr[i]
[ [1 0 2] [-1  1  4] [-1 -1  4] [0 0 1] [0 0 1] [0 0 1] ]
[ [ 1 -1  4] [-1 -1  4] [-1  0  2] [0 0 1] [0 0 1] [0 0 1] ]
[ [1 1 4] [-1  0  2] [-1  1  4] [0 0 1] [0 0 1] [0 0 1] ]
[ [0 0 1] [0 0 1] [0 0 1] [1 0 2] [-1 -1  4] [-1  1  4] ]
[ [0 0 1] [0 0 1] [0 0 1] [1 1 4] [-1  1  4] [-1  0  2] ]
[ [0 0 1] [0 0 1] [0 0 1] [ 1 -1  4] [-1  0  2] [-1 -1  4] ]

qnr[i]
[ [ 1 -1  4] [1 1 4] [-1  0  2] [0 0 1] [0 0 1] [0 0 1] ]
[ [-1 -1  4] [-1  0  2] [ 1 -1  4] [0 0 1] [0 0 1] [0 0 1] ]
[ [1 0 2] [ 1 -1  4] [-1 -1  4] [0 0 1] [0 0 1] [0 0 1] ]
[ [0 0 1] [0 0 1] [0 0 1] [1 1 4] [ 1 -1  4] [-1  0  2] ]
[ [0 0 1] [0 0 1] [0 0 1] [-1  1  4] [-1  0  2] [1 1 4] ]
[ [0 0 1] [0 0 1] [0 0 1] [1 0 2] [1 1 4] [-1  1  4] ]

qnr[i]
[ [ 1 -1  4] [1 1 4] [1 0 2] [0 0 1] [0 0 1] [0 0 1] ]
[ [-1 -1  4] [-1  0  2] [-1  1  4] [0 0 1] [0 0 1] [0 0 1] ]
[ [-1  0  2] [-1  1  4] [-1 -1  4] [0 0 1] [0 0 1] [0 0 1] ]
[ [0 0 1] [0 0 1] [0 0 1] [1 1 4] [ 1 -1  4] [1 0 2] ]
[ [0 0 1] [0 0 1] [0 0 1] [-1  1  4] [-1  0  2] [-1 -1  4] ]
[ [0 0 1] [0 0 1] [0 0 1] [-1  0  2] [-1 -1  4] [-1  1  4] ]

qnr[i]
[ [-1  0  1] [0 0 1] [0 0 1] [0 0 1] [0 0 1] [0 0 1] ]
[ [0 0 1] [1 0 1] [0 0 1] [0 0 1] [0 0 1] [0 0 1] ]
[ [0 0 1] [0 0 1] [1 0 1] [0 0 1] [0 0 1] [0 0 1] ]
[ [0 0 1] [0 0 1] [0 0 1] [-1  0  1] [0 0 1] [0 0 1] ]
[ [0 0 1] [0 0 1] [0 0 1] [0 0 1] [1 0 1] [0 0 1] ]
[ [0 0 1] [0 0 1] [0 0 1] [0 0 1] [0 0 1] [1 0 1] ]

qnr[i]
[ [-1  0  2] [ 1 -1  4] [1 1 4] [0 0 1] [0 0 1] [0 0 1] ]
[ [-1  1  4] [1 1 4] [1 0 2] [0 0 1] [0 0 1] [0 0 1] ]
[ [1 1 4] [-1  0  2] [-1  1  4] [0 0 1] [0 0 1] [0 0 1] ]
[ [0 0 1] [0 0 1] [0 0 1] [-1  0  2] [1 1 4] [ 1 -1  4] ]
[ [0 0 1] [0 0 1] [0 0 1] [-1 -1  4] [ 1 -1  4] [1 0 2] ]
[ [0 0 1] [0 0 1] [0 0 1] [ 1 -1  4] [-1  0  2] [-1 -1  4] ]

qnr[i]
[ [-1  1  4] [-1 -1  4] [1 0 2] [0 0 1] [0 0 1] [0 0 1] ]
[ [1 1 4] [1 0 2] [-1  1  4] [0 0 1] [0 0 1] [0 0 1] ]
[ [1 0 2] [ 1 -1  4] [-1 -1  4] [0 0 1] [0 0 1] [0 0 1] ]
[ [0 0 1] [0 0 1] [0 0 1] [-1 -1  4] [-1  1  4] [1 0 2] ]
[ [0 0 1] [0 0 1] [0 0 1] [ 1 -1  4] [1 0 2] [-1 -1  4] ]
[ [0 0 1] [0 0 1] [0 0 1] [1 0 2] [1 1 4] [-1  1  4] ]

qnr[i]
[ [-1  1  4] [-1 -1  4] [-1  0  2] [0 0 1] [0 0 1] [0 0 1] ]
[ [1 1 4] [1 0 2] [ 1 -1  4] [0 0 1] [0 0 1] [0 0 1] ]
[ [-1  0  2] [-1  1  4] [-1 -1  4] [0 0 1] [0 0 1] [0 0 1] ]
[ [0 0 1] [0 0 1] [0 0 1] [-1 -1  4] [-1  1  4] [-1  0  2] ]
[ [0 0 1] [0 0 1] [0 0 1] [ 1 -1  4] [1 0 2] [1 1 4] ]
[ [0 0 1] [0 0 1] [0 0 1] [-1  0  2] [-1 -1  4] [-1  1  4] ]

qnr[i]
[ [-1  0  2] [ 1 -1  4] [-1 -1  4] [0 0 1] [0 0 1] [0 0 1] ]
[ [-1  1  4] [1 1 4] [-1  0  2] [0 0 1] [0 0 1] [0 0 1] ]
[ [-1 -1  4] [1 0 2] [-1  1  4] [0 0 1] [0 0 1] [0 0 1] ]
[ [0 0 1] [0 0 1] [0 0 1] [-1  0  2] [1 1 4] [-1  1  4] ]
[ [0 0 1] [0 0 1] [0 0 1] [-1 -1  4] [ 1 -1  4] [-1  0  2] ]
[ [0 0 1] [0 0 1] [0 0 1] [-1  1  4] [1 0 2] [-1 -1  4] ]

